{
    "name": "<h1>Canto 3: The Status Quo</h1>",
    "totalChapters": 33,
    "chapters": [
        {
            "id": 0,
            "name": "CHAPTER ONE: Questions by Vidura"
        },
        {
            "id": 1,
            "name": "CHAPTER TWO: Remembrance of Lord K\u1e5b\u1e63\u1e47a"
        },
        {
            "id": 2,
            "name": "CHAPTER THREE: The Lord\u2019s Pastimes Out of V\u1e5bnd\u0101vana"
        },
        {
            "id": 3,
            "name": "CHAPTER FOUR: Vidura Approaches Maitreya"
        },
        {
            "id": 4,
            "name": "CHAPTER FIVE: Vidura\u2019s Talks with Maitreya"
        },
        {
            "id": 5,
            "name": "CHAPTER SIX: Creation of the Universal Form"
        },
        {
            "id": 6,
            "name": "CHAPTER SEVEN: Further Inquires by Vidura"
        },
        {
            "id": 7,
            "name": "CHAPTER EIGHT: Manifestation of Brahm\u0101 from Garbhodaka\u015b\u0101y\u012b Vi\u1e63\u1e47u"
        },
        {
            "id": 8,
            "name": "CHAPTER NINE: Brahm\u0101\u2019s Prayers for Creative Energy"
        },
        {
            "id": 9,
            "name": "CHAPTER TEN: Divisions of the Creation"
        },
        {
            "id": 10,
            "name": "CHAPTER ELEVEN: Calculation of Time, from the Atom"
        },
        {
            "id": 11,
            "name": "CHAPTER TWELVE: Creation of the Kum\u0101ras and Others"
        },
        {
            "id": 12,
            "name": "CHAPTER THIRTEEN: The Appearance of Lord Var\u0101ha"
        },
        {
            "id": 13,
            "name": "CHAPTER FOURTEEN: Pregnancy of Diti in the Evening"
        },
        {
            "id": 14,
            "name": "CHAPTER FIFTEEN: Description of the Kingdom of God"
        },
        {
            "id": 15,
            "name": "CHAPTER SIXTEEN: The Two Doorkeepers of Vaiku\u1e47\u1e6dha, Jaya and Vijaya, Cursed by the Sages"
        },
        {
            "id": 16,
            "name": "CHAPTER SEVENTEEN: Victory of Hira\u1e47y\u0101k\u1e63a Over All the Directions of the Universe"
        },
        {
            "id": 17,
            "name": "CHAPTER EIGHTEEN: The Battle Between Lord Boar and the Demon Hira\u1e47y\u0101k\u1e63a"
        },
        {
            "id": 18,
            "name": "CHAPTER NINETEEN: The Killing of the Demon Hira\u1e47y\u0101k\u1e63a"
        },
        {
            "id": 19,
            "name": "CHAPTER TWENTY: Conversation Between Maitreya and Vidura"
        },
        {
            "id": 20,
            "name": "CHAPTER TWENTY-ONE: Conversation Between Manu and Kardama"
        },
        {
            "id": 21,
            "name": "CHAPTER TWENTY-TWO: The Marriage of Kardama Muni and Devah\u016bti"
        },
        {
            "id": 22,
            "name": "CHAPTER TWENTY-THREE: Devah\u016bti\u2019s Lamentation"
        },
        {
            "id": 23,
            "name": "CHAPTER TWENTY-FOUR: The Renunciation of Kardama Muni"
        },
        {
            "id": 24,
            "name": "CHAPTER TWENTY-FIVE: The Glories of Devotional Service"
        },
        {
            "id": 25,
            "name": "CHAPTER TWENTY-SIX: Fundamental Principles of Material Nature"
        },
        {
            "id": 26,
            "name": "CHAPTER TWENTY-SEVEN: Understanding Material Nature"
        },
        {
            "id": 27,
            "name": "CHAPTER TWENTY-EIGHT: Kapila\u2019s Instructions on the Execution of Devotional Service"
        },
        {
            "id": 28,
            "name": "CHAPTER TWENTY-NINE: Explanation of Devotional Service by Lord Kapila"
        },
        {
            "id": 29,
            "name": "CHAPTER THIRTY: Description by Lord Kapila of Adverse Fruitive Activities"
        },
        {
            "id": 30,
            "name": "CHAPTER THIRTY-ONE: Lord Kapila\u2019s Instructions on the Movements of the Living Entities"
        },
        {
            "id": 31,
            "name": "CHAPTER THIRTY-TWO: Entanglement in Fruitive Activities"
        },
        {
            "id": 32,
            "name": "CHAPTER THIRTY-THREE: Activities of Kapila"
        }
    ]
}