{
    "name": "<h1>Canto 1: Creation</h1>",
    "totalChapters": 19,
    "chapters": [
        {
            "id": 0,
            "name": "CHAPTER ONE: Questions by the Sages"
        },
        {
            "id": 1,
            "name": "CHAPTER TWO: Divinity and Divine Service"
        },
        {
            "id": 2,
            "name": "CHAPTER THREE: K\u1e5b\u1e63\u1e47a Is the Source of All Incarnations"
        },
        {
            "id": 3,
            "name": "CHAPTER FOUR: The Appearance of \u015ar\u012b N\u0101rada"
        },
        {
            "id": 4,
            "name": "CHAPTER FIVE: N\u0101rada\u2019s Instructions on \u015ar\u012bmad-Bh\u0101gavatam for Vy\u0101sadeva"
        },
        {
            "id": 5,
            "name": "CHAPTER SIX: Conversation Between N\u0101rada and Vy\u0101sadeva"
        },
        {
            "id": 6,
            "name": "CHAPTER SEVEN: The Son of Dro\u1e47a Punished"
        },
        {
            "id": 7,
            "name": "CHAPTER EIGHT: Prayers by Queen Kunt\u012b and Par\u012bk\u1e63it Saved"
        },
        {
            "id": 8,
            "name": "CHAPTER NINE: The Passing Away of Bh\u012b\u1e63madeva in the Presence of Lord K\u1e5b\u1e63\u1e47a"
        },
        {
            "id": 9,
            "name": "CHAPTER TEN: Departure of Lord K\u1e5b\u1e63\u1e47a for Dv\u0101rak\u0101"
        },
        {
            "id": 10,
            "name": "CHAPTER ELEVEN: Lord K\u1e5b\u1e63\u1e47a\u2019s Entrance into Dv\u0101rak\u0101"
        },
        {
            "id": 11,
            "name": "CHAPTER TWELVE: Birth of Emperor Par\u012bk\u1e63it"
        },
        {
            "id": 12,
            "name": "CHAPTER THIRTEEN: Dh\u1e5btar\u0101\u1e63\u1e6dra Quits Home"
        },
        {
            "id": 13,
            "name": "CHAPTER FOURTEEN: The Disappearance of Lord K\u1e5b\u1e63\u1e47a"
        },
        {
            "id": 14,
            "name": "CHAPTER FIFTEEN: The P\u0101\u1e47\u1e0davas Retire Timely"
        },
        {
            "id": 15,
            "name": "CHAPTER SIXTEEN: How Par\u012bk\u1e63it Received the Age of Kali"
        },
        {
            "id": 16,
            "name": "CHAPTER SEVENTEEN: Punishment and Reward of Kali"
        },
        {
            "id": 17,
            "name": "CHAPTER EIGHTEEN: Mah\u0101r\u0101ja Par\u012bk\u1e63it Cursed by a Br\u0101hma\u1e47a Boy"
        },
        {
            "id": 18,
            "name": "CHAPTER NINETEEN: The Appearance of \u015aukadeva Gosv\u0101m\u012b"
        }
    ]
}