{"verseNbrs": ["1", "2", "3", "4", "5", "6", "7", "8", "9-10", "11", "12", "13", "14", "15", "16", "17", "18", "19", "20", "21", "22", "23", "24", "25", "26"], "totalVerses": 25, "name": "<h1>King P\u1e5bthu\u2019s Appearance and Coronation</h1>", "verses": [{"verseNbr": "<h1>\u015aB 4.15.1</h1>", "sanskritText": "\u092e\u0948\u0924\u094d\u0930\u0947\u092f \u0909\u0935\u093e\u091a<br/>\u0905\u0925 \u0924\u0938\u094d\u092f \u092a\u0941\u0928\u0930\u094d\u0935\u093f\u092a\u094d\u0930\u0948\u0930\u092a\u0941\u0924\u094d\u0930\u0938\u094d\u092f \u092e\u0939\u0940\u092a\u0924\u0947: \u0964<br/>\u092c\u093e\u0939\u0941\u092d\u094d\u092f\u093e\u0902 \u092e\u0925\u094d\u092f\u092e\u093e\u0928\u093e\u092d\u094d\u092f\u093e\u0902 \u092e\u093f\u0925\u0941\u0928\u0902 \u0938\u092e\u092a\u0926\u094d\u092f\u0924 \u0965 \u0967 \u0965", "englishText": "<em>maitreya uv\u0101ca<br/><i>atha tasya punar viprair<br/>aputrasya mah\u012bpate\u1e25<br/>b\u0101hubhy\u0101\u1e41 mathyam\u0101n\u0101bhy\u0101\u1e41<br/>mithuna\u1e41 samapadyata</i></em>", "synonyms": "<p><a href=\"/en/search/synonyms/?original=maitreya\u1e25\"><em>maitreya\u1e25</em></a> <a href=\"/en/search/synonyms/?original=uv\u0101ca\"><em>uv\u0101ca</em></a> \u2014 Maitreya continued to speak; <a href=\"/en/search/synonyms/?original=atha\"><em>atha</em></a> \u2014 thus; <a href=\"/en/search/synonyms/?original=tasya\"><em>tasya</em></a> \u2014 his; <a href=\"/en/search/synonyms/?original=puna\u1e25\"><em>puna\u1e25</em></a> \u2014 again; <a href=\"/en/search/synonyms/?original=viprai\u1e25\"><em>viprai\u1e25</em></a> \u2014 by the <em>br\u0101hma\u1e47as</em>; <a href=\"/en/search/synonyms/?original=aputrasya\"><em>aputrasya</em></a> \u2014 without a son; <a href=\"/en/search/synonyms/?original=mah\u012bpate\u1e25\"><em>mah\u012bpate\u1e25</em></a> \u2014 of the King; <a href=\"/en/search/synonyms/?original=b\u0101hubhy\u0101m\"><em>b\u0101hubhy\u0101m</em></a> \u2014 from the arms; <a href=\"/en/search/synonyms/?original=mathyam\u0101n\u0101bhy\u0101m\"><em>mathyam\u0101n\u0101bhy\u0101m</em></a> \u2014 being churned; <a href=\"/en/search/synonyms/?original=mithunam\"><em>mithunam</em></a> \u2014 a couple; <a href=\"/en/search/synonyms/?original=samapadyata\"><em>samapadyata</em></a> \u2014 took birth.</p>", "translation": "<p><strong>The great sage Maitreya continued: My dear Vidura, thus the br\u0101hma\u1e47as and the great sages again churned the two arms of King Vena\u2019s dead body. As a result a male and female couple came out of his arms.</strong></p>", "purport": null}, {"verseNbr": "<h1>\u015aB 4.15.2</h1>", "sanskritText": "\u0924\u0926\u094d \u0926\u0943\u0937\u094d\u091f\u094d\u0935\u093e \u092e\u093f\u0925\u0941\u0928\u0902 \u091c\u093e\u0924\u092e\u0943\u0937\u092f\u094b \u092c\u094d\u0930\u0939\u094d\u092e\u0935\u093e\u0926\u093f\u0928: \u0964<br/>\u090a\u091a\u0941: \u092a\u0930\u092e\u0938\u0928\u094d\u0924\u0941\u0937\u094d\u091f\u093e \u0935\u093f\u0926\u093f\u0924\u094d\u0935\u093e \u092d\u0917\u0935\u0924\u094d\u0915\u0932\u093e\u092e\u094d \u0965 \u0968 \u0965", "englishText": "<em><i>tad d\u1e5b\u1e63\u1e6dv\u0101 mithuna\u1e41 j\u0101tam<br/>\u1e5b\u1e63ayo brahma-v\u0101dina\u1e25<br/>\u016bcu\u1e25 parama-santu\u1e63\u1e6d\u0101<br/>viditv\u0101 bhagavat-kal\u0101m</i></em>", "synonyms": "<p><a href=\"/en/search/synonyms/?original=tat\"><em>tat</em></a> \u2014 that; <a href=\"/en/search/synonyms/?original=d\u1e5b\u1e63\u1e6dv\u0101\"><em>d\u1e5b\u1e63\u1e6dv\u0101</em></a> \u2014 seeing; <a href=\"/en/search/synonyms/?original=mithunam\"><em>mithunam</em></a> \u2014 couple; <a href=\"/en/search/synonyms/?original=j\u0101tam\"><em>j\u0101tam</em></a> \u2014 born; <a href=\"/en/search/synonyms/?original=\u1e5b\u1e63aya\u1e25\"><em>\u1e5b\u1e63aya\u1e25</em></a> \u2014 the great sages; <a href=\"/en/search/synonyms/?original=brahma\"><em>brahma</em></a>-<a href=\"/en/search/synonyms/?original=v\u0101dina\u1e25\"><em>v\u0101dina\u1e25</em></a> \u2014 very learned in Vedic knowledge; <a href=\"/en/search/synonyms/?original=\u016bcu\u1e25\"><em>\u016bcu\u1e25</em></a> \u2014 said; <a href=\"/en/search/synonyms/?original=parama\"><em>parama</em></a> \u2014 very much; <a href=\"/en/search/synonyms/?original=santu\u1e63\u1e6d\u0101\u1e25\"><em>santu\u1e63\u1e6d\u0101\u1e25</em></a> \u2014 being pleased; <a href=\"/en/search/synonyms/?original=viditv\u0101\"><em>viditv\u0101</em></a> \u2014 knowing; <a href=\"/en/search/synonyms/?original=bhagavat\"><em>bhagavat</em></a> \u2014 of the Supreme Personality of Godhead; <a href=\"/en/search/synonyms/?original=kal\u0101m\"><em>kal\u0101m</em></a> \u2014 expansion.</p>", "translation": "<p><strong>The great sages were highly learned in Vedic knowledge. When they saw the male and female born of the arms of Vena\u2019s body, they were very pleased, for they could understand that the couple was an expansion of a plenary portion of Vi\u1e63\u1e47u, the Supreme Personality of Godhead.</strong></p>", "purport": "<h2 class=\"section-title\">Purport</h2>\n<div class=\"r r-lang-en r-paragraph\" id=\"bb30916\"><p>The method adopted by the great sages and scholars, who were learned in Vedic knowledge, was perfect. They removed all the reactions of King Vena\u2019s sinful activities by seeing that King Vena first gave birth to B\u0101huka, described in the previous chapter. After King Vena\u2019s body was thus purified, a male and female came out of it, and the great sages could understand that this was an expansion of Lord Vi\u1e63\u1e47u. This expansion, of course, was not <i>vi\u1e63\u1e47u-tattva</i> but a specifically empowered expansion of Lord Vi\u1e63\u1e47u known as <i>\u0101ve\u015ba.</i></p></div>"}, {"verseNbr": "<h1>\u015aB 4.15.3</h1>", "sanskritText": "\u090b\u0937\u092f \u090a\u091a\u0941:<br/>\u090f\u0937 \u0935\u093f\u0937\u094d\u0923\u094b\u0930\u094d\u092d\u0917\u0935\u0924: \u0915\u0932\u093e \u092d\u0941\u0935\u0928\u092a\u093e\u0932\u093f\u0928\u0940 \u0964<br/>\u0907\u092f\u0902 \u091a \u0932\u0915\u094d\u0937\u094d\u092e\u094d\u092f\u093e: \u0938\u092e\u094d\u092d\u0942\u0924\u093f: \u092a\u0941\u0930\u0941\u0937\u0938\u094d\u092f\u093e\u0928\u092a\u093e\u092f\u093f\u0928\u0940 \u0965 \u0969 \u0965", "englishText": "<em>\u1e5b\u1e63aya \u016bcu\u1e25<br/><i>e\u1e63a vi\u1e63\u1e47or bhagavata\u1e25<br/>kal\u0101 bhuvana-p\u0101lin\u012b<br/>iya\u1e41 ca lak\u1e63my\u0101\u1e25 sambh\u016bti\u1e25<br/>puru\u1e63asy\u0101nap\u0101yin\u012b</i></em>", "synonyms": "<p><a href=\"/en/search/synonyms/?original=\u1e5b\u1e63aya\u1e25\"><em>\u1e5b\u1e63aya\u1e25</em></a> <a href=\"/en/search/synonyms/?original=\u016bcu\u1e25\"><em>\u016bcu\u1e25</em></a> \u2014 the sages said; <a href=\"/en/search/synonyms/?original=e\u1e63a\u1e25\"><em>e\u1e63a\u1e25</em></a> \u2014 this male; <a href=\"/en/search/synonyms/?original=vi\u1e63\u1e47o\u1e25\"><em>vi\u1e63\u1e47o\u1e25</em></a> \u2014 of Lord Vi\u1e63\u1e47u; <a href=\"/en/search/synonyms/?original=bhagavata\u1e25\"><em>bhagavata\u1e25</em></a> \u2014 of the Supreme Personality of Godhead; <a href=\"/en/search/synonyms/?original=kal\u0101\"><em>kal\u0101</em></a> \u2014 expansion; <a href=\"/en/search/synonyms/?original=bhuvana\"><em>bhuvana</em></a>-<a href=\"/en/search/synonyms/?original=p\u0101lin\u012b\"><em>p\u0101lin\u012b</em></a> \u2014 who maintains the world; <a href=\"/en/search/synonyms/?original=iyam\"><em>iyam</em></a> \u2014 this female; <a href=\"/en/search/synonyms/?original=ca\"><em>ca</em></a> \u2014 also; <a href=\"/en/search/synonyms/?original=lak\u1e63my\u0101\u1e25\"><em>lak\u1e63my\u0101\u1e25</em></a> \u2014 of the goddess of fortune; <a href=\"/en/search/synonyms/?original=sambh\u016bti\u1e25\"><em>sambh\u016bti\u1e25</em></a> \u2014 expansion; <a href=\"/en/search/synonyms/?original=puru\u1e63asya\"><em>puru\u1e63asya</em></a> \u2014 of the Lord; <a href=\"/en/search/synonyms/?original=anap\u0101yin\u012b\"><em>anap\u0101yin\u012b</em></a> \u2014 inseparable.</p>", "translation": "<p><strong>The great sages said: The male is a plenary expansion of the power of Lord Vi\u1e63\u1e47u, who maintains the entire universe, and the female is a plenary expansion of the goddess of fortune, who is never separated from the Lord.</strong></p>", "purport": "<h2 class=\"section-title\">Purport</h2>\n<div class=\"r r-lang-en r-paragraph\" id=\"bb30921\"><p>The significance of the goddess of fortune\u2019s never being separated from the Lord is clearly mentioned herein. People in the material world are very fond of the goddess of fortune, and they want her favor in the form of riches. They should know, however, that the goddess of fortune is inseparable from Lord Vi\u1e63\u1e47u. Materialists should understand that the goddess of fortune should be worshiped along with Lord Vi\u1e63\u1e47u and should not be regarded separately. Materialists seeking the favor of the goddess of fortune must worship Lord Vi\u1e63\u1e47u and Lak\u1e63m\u012b together to maintain material opulence. If a materialist follows the policy of R\u0101va\u1e47a, who wanted to separate S\u012bt\u0101 from Lord R\u0101macandra, the process of separation will vanquish him. Those who are very rich and have taken favor of the goddess of fortune in this world must engage their money in the service of the Lord. In this way they can continue in their opulent position without disturbance.</p></div>"}, {"verseNbr": "<h1>\u015aB 4.15.4</h1>", "sanskritText": "\u0905\u092f\u0902 \u0924\u0941 \u092a\u094d\u0930\u0925\u092e\u094b \u0930\u093e\u091c\u094d\u091e\u093e\u0902 \u092a\u0941\u092e\u093e\u0928\u094d \u092a\u094d\u0930\u0925\u092f\u093f\u0924\u093e \u092f\u0936: \u0964<br/>\u092a\u0943\u0925\u0941\u0930\u094d\u0928\u093e\u092e \u092e\u0939\u093e\u0930\u093e\u091c\u094b \u092d\u0935\u093f\u0937\u094d\u092f\u0924\u093f \u092a\u0943\u0925\u0941\u0936\u094d\u0930\u0935\u093e: \u0965 \u096a \u0965", "englishText": "<em><i>aya\u1e41 tu prathamo r\u0101j\u00f1\u0101\u1e41<br/>pum\u0101n prathayit\u0101 ya\u015ba\u1e25<br/>p\u1e5bthur n\u0101ma mah\u0101r\u0101jo<br/>bhavi\u1e63yati p\u1e5bthu-\u015brav\u0101\u1e25</i></em>", "synonyms": "<p><a href=\"/en/search/synonyms/?original=ayam\"><em>ayam</em></a> \u2014 this; <a href=\"/en/search/synonyms/?original=tu\"><em>tu</em></a> \u2014 then; <a href=\"/en/search/synonyms/?original=prathama\u1e25\"><em>prathama\u1e25</em></a> \u2014 the first; <a href=\"/en/search/synonyms/?original=r\u0101j\u00f1\u0101m\"><em>r\u0101j\u00f1\u0101m</em></a> \u2014 of kings; <a href=\"/en/search/synonyms/?original=pum\u0101n\"><em>pum\u0101n</em></a> \u2014 the male; <a href=\"/en/search/synonyms/?original=prathayit\u0101\"><em>prathayit\u0101</em></a> \u2014 will expand; <a href=\"/en/search/synonyms/?original=ya\u015ba\u1e25\"><em>ya\u015ba\u1e25</em></a> \u2014 reputation; <a href=\"/en/search/synonyms/?original=p\u1e5bthu\u1e25\"><em>p\u1e5bthu\u1e25</em></a> \u2014 Mah\u0101r\u0101ja P\u1e5bthu; <a href=\"/en/search/synonyms/?original=n\u0101ma\"><em>n\u0101ma</em></a> \u2014 by name; <a href=\"/en/search/synonyms/?original=mah\u0101\"><em>mah\u0101</em></a>-<a href=\"/en/search/synonyms/?original=r\u0101ja\u1e25\"><em>r\u0101ja\u1e25</em></a> \u2014 the great king; <a href=\"/en/search/synonyms/?original=bhavi\u1e63yati\"><em>bhavi\u1e63yati</em></a> \u2014 will become; <a href=\"/en/search/synonyms/?original=p\u1e5bthu\"><em>p\u1e5bthu</em></a>-<a href=\"/en/search/synonyms/?original=\u015brav\u0101\u1e25\"><em>\u015brav\u0101\u1e25</em></a> \u2014 of wide renown.</p>", "translation": "<p><strong>Of the two, the male will be able to expand his reputation throughout the world. His name will be P\u1e5bthu. Indeed, he will be the first among kings.</strong></p>", "purport": "<h2 class=\"section-title\">Purport</h2>\n<div class=\"r r-lang-en r-paragraph\" id=\"bb30926\"><p>There are different types of incarnations of the Supreme Personality of Godhead. In the <i>\u015b\u0101stras</i> it is said that Garu\u1e0da (the carrier of Lord Vi\u1e63\u1e47u) and Lord \u015aiva and Ananta are all very powerful incarnations of the Brahman feature of the Lord. Similarly, \u015aac\u012bpati, or Indra, the King of heaven, is an incarnation of the lusty feature of the Lord. Aniruddha is an incarnation of the Lord\u2019s mind. Similarly, King P\u1e5bthu is an incarnation of the ruling force of the Lord. Thus the saintly persons and great sages predicted the future activities of King P\u1e5bthu, who was already explained as a partial incarnation of a plenary expansion of the Lord.</p></div>"}, {"verseNbr": "<h1>\u015aB 4.15.5</h1>", "sanskritText": "\u0907\u092f\u0902 \u091a \u0938\u0941\u0926\u0924\u0940 \u0926\u0947\u0935\u0940 \u0917\u0941\u0923\u092d\u0942\u0937\u0923\u092d\u0942\u0937\u0923\u093e \u0964<br/>\u0905\u0930\u094d\u091a\u093f\u0930\u094d\u0928\u093e\u092e \u0935\u0930\u093e\u0930\u094b\u0939\u093e \u092a\u0943\u0925\u0941\u092e\u0947\u0935\u093e\u0935\u0930\u0941\u0928\u094d\u0927\u0924\u0940 \u0965 \u096b \u0965", "englishText": "<em><i>iya\u1e41 ca sudat\u012b dev\u012b<br/>gu\u1e47a-bh\u016b\u1e63a\u1e47a-bh\u016b\u1e63a\u1e47\u0101<br/>arcir n\u0101ma var\u0101roh\u0101<br/>p\u1e5bthum ev\u0101varundhat\u012b</i></em>", "synonyms": "<p><a href=\"/en/search/synonyms/?original=iyam\"><em>iyam</em></a> \u2014 this female child; <a href=\"/en/search/synonyms/?original=ca\"><em>ca</em></a> \u2014 and; <a href=\"/en/search/synonyms/?original=su\"><em>su</em></a>-<a href=\"/en/search/synonyms/?original=dat\u012b\"><em>dat\u012b</em></a> \u2014 who has very nice teeth; <a href=\"/en/search/synonyms/?original=dev\u012b\"><em>dev\u012b</em></a> \u2014 the goddess of fortune; <a href=\"/en/search/synonyms/?original=gu\u1e47a\"><em>gu\u1e47a</em></a> \u2014 by good qualities; <a href=\"/en/search/synonyms/?original=bh\u016b\u1e63a\u1e47a\"><em>bh\u016b\u1e63a\u1e47a</em></a> \u2014 ornaments; <a href=\"/en/search/synonyms/?original=bh\u016b\u1e63a\u1e47\u0101\"><em>bh\u016b\u1e63a\u1e47\u0101</em></a> \u2014 who beautifies; <a href=\"/en/search/synonyms/?original=arci\u1e25\"><em>arci\u1e25</em></a> \u2014 Arci; <a href=\"/en/search/synonyms/?original=n\u0101ma\"><em>n\u0101ma</em></a> \u2014 by name; <a href=\"/en/search/synonyms/?original=vara\"><em>vara</em></a>-<a href=\"/en/search/synonyms/?original=\u0101roh\u0101\"><em>\u0101roh\u0101</em></a> \u2014 very beautiful; <a href=\"/en/search/synonyms/?original=p\u1e5bthum\"><em>p\u1e5bthum</em></a> \u2014 unto King P\u1e5bthu; <a href=\"/en/search/synonyms/?original=eva\"><em>eva</em></a> \u2014 certainly; <a href=\"/en/search/synonyms/?original=avarundhat\u012b\"><em>avarundhat\u012b</em></a> \u2014 being very much attached.</p>", "translation": "<p><strong>The female has such beautiful teeth and beautiful qualities that she will actually beautify the ornaments she wears. Her name will be Arci. In the future she will accept King P\u1e5bthu as her husband.</strong></p>", "purport": null}, {"verseNbr": "<h1>\u015aB 4.15.6</h1>", "sanskritText": "\u090f\u0937 \u0938\u093e\u0915\u094d\u0937\u093e\u0926\u094d\u0927\u0930\u0947\u0930\u0902\u0936\u094b \u091c\u093e\u0924\u094b \u0932\u094b\u0915\u0930\u093f\u0930\u0915\u094d\u0937\u092f\u093e \u0964<br/>\u0907\u092f\u0902 \u091a \u0924\u0924\u094d\u092a\u0930\u093e \u0939\u093f \u0936\u094d\u0930\u0940\u0930\u0928\u0941\u091c\u091c\u094d\u091e\u0947\u093d\u0928\u092a\u093e\u092f\u093f\u0928\u0940 \u0965 \u096c \u0965", "englishText": "<em><i>e\u1e63a s\u0101k\u1e63\u0101d dharer a\u1e41\u015bo<br/>j\u0101to loka-rirak\u1e63ay\u0101<br/>iya\u1e41 ca tat-par\u0101 hi \u015br\u012br<br/>anujaj\u00f1e\u00a0\u2019nap\u0101yin\u012b</i></em>", "synonyms": "<p><a href=\"/en/search/synonyms/?original=e\u1e63a\u1e25\"><em>e\u1e63a\u1e25</em></a> \u2014 this male; <a href=\"/en/search/synonyms/?original=s\u0101k\u1e63\u0101t\"><em>s\u0101k\u1e63\u0101t</em></a> \u2014 directly; <a href=\"/en/search/synonyms/?original=hare\u1e25\"><em>hare\u1e25</em></a> \u2014 of the Supreme Personality of Godhead; <a href=\"/en/search/synonyms/?original=a\u1e41\u015ba\u1e25\"><em>a\u1e41\u015ba\u1e25</em></a> \u2014 partial representative; <a href=\"/en/search/synonyms/?original=j\u0101ta\u1e25\"><em>j\u0101ta\u1e25</em></a> \u2014 born; <a href=\"/en/search/synonyms/?original=loka\"><em>loka</em></a> \u2014 the entire world; <a href=\"/en/search/synonyms/?original=rirak\u1e63ay\u0101\"><em>rirak\u1e63ay\u0101</em></a> \u2014 with a desire to protect; <a href=\"/en/search/synonyms/?original=iyam\"><em>iyam</em></a> \u2014 this female; <a href=\"/en/search/synonyms/?original=ca\"><em>ca</em></a> \u2014 also; <a href=\"/en/search/synonyms/?original=tat\"><em>tat</em></a>-<a href=\"/en/search/synonyms/?original=par\u0101\"><em>par\u0101</em></a> \u2014 very much attached to him; <a href=\"/en/search/synonyms/?original=hi\"><em>hi</em></a> \u2014 certainly; <a href=\"/en/search/synonyms/?original=\u015br\u012b\u1e25\"><em>\u015br\u012b\u1e25</em></a> \u2014 the goddess of fortune; <a href=\"/en/search/synonyms/?original=anujaj\u00f1e\"><em>anujaj\u00f1e</em></a> \u2014 took birth; <a href=\"/en/search/synonyms/?original=anap\u0101yin\u012b\"><em>anap\u0101yin\u012b</em></a> \u2014 inseparable.</p>", "translation": "<p><strong>In the form of King P\u1e5bthu, the Supreme Personality of Godhead has appeared through a part of His potency to protect the people of the world. The goddess of fortune is the constant companion of the Lord, and therefore she has incarnated partially as Arci to become King P\u1e5bthu\u2019s queen.</strong></p>", "purport": "<h2 class=\"section-title\">Purport</h2>\n<div class=\"r r-lang-en r-paragraph\" id=\"bb30935\"><p>In <i><a href=\"/en/library/bg/\">Bhagavad-g\u012bt\u0101</a></i> the Lord says that whenever one sees an extraordinary power, he should conclude that a specific partial representation of the Supreme Personality of Godhead is present. There are innumerable such personalities, but not all of them are direct <i>vi\u1e63\u1e47u-tattva</i> plenary expansions of the Lord. Many living entities are classified among the <i>\u015bakti-tattvas.</i> Such incarnations, empowered for specific purposes, are known as <i>\u015bakty\u0101ve\u015ba-avat\u0101ras.</i> King P\u1e5bthu was such a <i>\u015bakty\u0101ve\u015ba-avat\u0101ra</i> of the Lord. Similarly, Arci, King P\u1e5bthu\u2019s wife, was a <i>\u015bakty\u0101ve\u015ba-avat\u0101ra</i> of the goddess of fortune.</p></div>"}, {"verseNbr": "<h1>\u015aB 4.15.7</h1>", "sanskritText": "\u092e\u0948\u0924\u094d\u0930\u0947\u092f \u0909\u0935\u093e\u091a<br/>\u092a\u094d\u0930\u0936\u0902\u0938\u0928\u094d\u0924\u093f \u0938\u094d\u092e \u0924\u0902 \u0935\u093f\u092a\u094d\u0930\u093e \u0917\u0928\u094d\u0927\u0930\u094d\u0935\u092a\u094d\u0930\u0935\u0930\u093e \u091c\u0917\u0941: \u0964<br/>\u092e\u0941\u092e\u0941\u091a\u0941: \u0938\u0941\u092e\u0928\u094b\u0927\u093e\u0930\u093e: \u0938\u093f\u0926\u094d\u0927\u093e \u0928\u0943\u0924\u094d\u092f\u0928\u094d\u0924\u093f \u0938\u094d\u0935:\u0938\u094d\u0924\u094d\u0930\u093f\u092f: \u0965 \u096d \u0965", "englishText": "<em>maitreya uv\u0101ca<br/><i>pra\u015ba\u1e41santi sma ta\u1e41 vipr\u0101<br/>gandharva-pravar\u0101 jagu\u1e25<br/>mumucu\u1e25 sumano-dh\u0101r\u0101\u1e25<br/>siddh\u0101 n\u1e5btyanti sva\u1e25-striya\u1e25</i></em>", "synonyms": "<p><a href=\"/en/search/synonyms/?original=maitreya\u1e25\"><em>maitreya\u1e25</em></a> <a href=\"/en/search/synonyms/?original=uv\u0101ca\"><em>uv\u0101ca</em></a> \u2014 the great saint Maitreya said; <a href=\"/en/search/synonyms/?original=pra\u015ba\u1e41santi\"><em>pra\u015ba\u1e41santi</em></a> <a href=\"/en/search/synonyms/?original=sma\"><em>sma</em></a> \u2014 praised, glorified; <a href=\"/en/search/synonyms/?original=tam\"><em>tam</em></a> \u2014 him (P\u1e5bthu); <a href=\"/en/search/synonyms/?original=vipr\u0101\u1e25\"><em>vipr\u0101\u1e25</em></a> \u2014 all the <em>br\u0101hma\u1e47as</em>; <a href=\"/en/search/synonyms/?original=gandharva\"><em>gandharva</em></a>-<a href=\"/en/search/synonyms/?original=pravar\u0101\u1e25\"><em>pravar\u0101\u1e25</em></a> \u2014 the best of the Gandharvas; <a href=\"/en/search/synonyms/?original=jagu\u1e25\"><em>jagu\u1e25</em></a> \u2014 chanted; <a href=\"/en/search/synonyms/?original=mumucu\u1e25\"><em>mumucu\u1e25</em></a> \u2014 released; <a href=\"/en/search/synonyms/?original=sumana\u1e25\"><em>sumana\u1e25</em></a>-<a href=\"/en/search/synonyms/?original=dh\u0101r\u0101\u1e25\"><em>dh\u0101r\u0101\u1e25</em></a> \u2014 showers of flowers; <a href=\"/en/search/synonyms/?original=siddh\u0101\u1e25\"><em>siddh\u0101\u1e25</em></a> \u2014 the personalities from Siddhaloka; <a href=\"/en/search/synonyms/?original=n\u1e5btyanti\"><em>n\u1e5btyanti</em></a> \u2014 were dancing; <a href=\"/en/search/synonyms/?original=sva\u1e25\"><em>sva\u1e25</em></a> \u2014 of the heavenly planets; <a href=\"/en/search/synonyms/?original=striya\u1e25\"><em>striya\u1e25</em></a> \u2014 women (the Apsar\u0101s).</p>", "translation": "<p><strong>The great sage Maitreya continued: My dear Viduraj\u012b, at that time all the br\u0101hma\u1e47as highly praised and glorified King P\u1e5bthu, and the best singers of Gandharvaloka chanted his glories. The inhabitants of Siddhaloka showered flowers, and the beautiful women in the heavenly planets danced in ecstasy.</strong></p>", "purport": null}, {"verseNbr": "<h1>\u015aB 4.15.8</h1>", "sanskritText": "\u0936\u0919\u094d\u0916\u0924\u0942\u0930\u094d\u092f\u092e\u0943\u0926\u0919\u094d\u0917\u093e\u0926\u094d\u092f\u093e \u0928\u0947\u0926\u0941\u0930\u094d\u0926\u0941\u0928\u094d\u0926\u0941\u092d\u092f\u094b \u0926\u093f\u0935\u093f \u0964<br/>\u0924\u0924\u094d\u0930 \u0938\u0930\u094d\u0935 \u0909\u092a\u093e\u091c\u0917\u094d\u092e\u0941\u0930\u094d\u0926\u0947\u0935\u0930\u094d\u0937\u093f\u092a\u093f\u0924\u0943\u0923\u093e\u0902 \u0917\u0923\u093e: \u0965 \u096e \u0965", "englishText": "<em><i>\u015ba\u1e45kha-t\u016brya-m\u1e5bda\u1e45g\u0101dy\u0101<br/>nedur dundubhayo divi<br/>tatra sarva up\u0101jagmur<br/>devar\u1e63i-pit\u1e5d\u1e47\u0101\u1e41 ga\u1e47\u0101\u1e25</i></em>", "synonyms": "<p><a href=\"/en/search/synonyms/?original=\u015ba\u1e45kha\"><em>\u015ba\u1e45kha</em></a> \u2014 conches; <a href=\"/en/search/synonyms/?original=t\u016brya\"><em>t\u016brya</em></a> \u2014 bugles; <a href=\"/en/search/synonyms/?original=m\u1e5bda\u1e45ga\"><em>m\u1e5bda\u1e45ga</em></a> \u2014 drums; <a href=\"/en/search/synonyms/?original=\u0101dy\u0101\u1e25\"><em>\u0101dy\u0101\u1e25</em></a> \u2014 and so on; <a href=\"/en/search/synonyms/?original=nedu\u1e25\"><em>nedu\u1e25</em></a> \u2014 vibrated; <a href=\"/en/search/synonyms/?original=dundubhaya\u1e25\"><em>dundubhaya\u1e25</em></a> \u2014 kettledrums; <a href=\"/en/search/synonyms/?original=divi\"><em>divi</em></a> \u2014 in outer space; <a href=\"/en/search/synonyms/?original=tatra\"><em>tatra</em></a> \u2014 there; <a href=\"/en/search/synonyms/?original=sarve\"><em>sarve</em></a> \u2014 all; <a href=\"/en/search/synonyms/?original=up\u0101jagmu\u1e25\"><em>up\u0101jagmu\u1e25</em></a> \u2014 came; <a href=\"/en/search/synonyms/?original=deva\"><em>deva</em></a>-<a href=\"/en/search/synonyms/?original=\u1e5b\u1e63i\"><em>\u1e5b\u1e63i</em></a> \u2014 demigods and sages; <a href=\"/en/search/synonyms/?original=pit\u1e5d\u1e47\u0101m\"><em>pit\u1e5d\u1e47\u0101m</em></a> \u2014 of forefathers; <a href=\"/en/search/synonyms/?original=ga\u1e47\u0101\u1e25\"><em>ga\u1e47\u0101\u1e25</em></a> \u2014 groups.</p>", "translation": "<p><strong>Conchshells, bugles, drums and kettledrums vibrated in outer space. Great sages, forefathers and personalities from the heavenly planets all came to earth from various planetary systems.</strong></p>", "purport": null}, {"verseNbr": "<h1>\u015aB 4.15.9-10</h1>", "sanskritText": "\u092c\u094d\u0930\u0939\u094d\u092e\u093e \u091c\u0917\u0926\u094d\u0917\u0941\u0930\u0941\u0930\u094d\u0926\u0947\u0935\u0948: \u0938\u0939\u093e\u0938\u0943\u0924\u094d\u092f \u0938\u0941\u0930\u0947\u0936\u094d\u0935\u0930\u0948: \u0964<br/>\u0935\u0948\u0928\u094d\u092f\u0938\u094d\u092f \u0926\u0915\u094d\u0937\u093f\u0923\u0947 \u0939\u0938\u094d\u0924\u0947 \u0926\u0943\u0937\u094d\u091f\u094d\u0935\u093e \u091a\u093f\u0939\u094d\u0928\u0902 \u0917\u0926\u093e\u092d\u0943\u0924: \u0965 \u096f \u0965<br/>\u092a\u093e\u0926\u092f\u094b\u0930\u0930\u0935\u093f\u0928\u094d\u0926\u0902 \u091a \u0924\u0902 \u0935\u0948 \u092e\u0947\u0928\u0947 \u0939\u0930\u0947: \u0915\u0932\u093e\u092e\u094d \u0964<br/>\u092f\u0938\u094d\u092f\u093e\u092a\u094d\u0930\u0924\u093f\u0939\u0924\u0902 \u091a\u0915\u094d\u0930\u092e\u0902\u0936: \u0938 \u092a\u0930\u092e\u0947\u0937\u094d\u0920\u093f\u0928: \u0965 \u0967\u0966 \u0965", "englishText": "<em><i>brahm\u0101 jagad-gurur devai\u1e25<br/>sah\u0101s\u1e5btya sure\u015bvarai\u1e25<br/>vainyasya dak\u1e63i\u1e47e haste<br/>d\u1e5b\u1e63\u1e6dv\u0101 cihna\u1e41 gad\u0101bh\u1e5bta\u1e25</i></em>", "synonyms": "<p><a href=\"/en/search/synonyms/?original=brahm\u0101\"><em>brahm\u0101</em></a> \u2014 Lord Brahm\u0101; <a href=\"/en/search/synonyms/?original=jagat\"><em>jagat</em></a>-<a href=\"/en/search/synonyms/?original=guru\u1e25\"><em>guru\u1e25</em></a> \u2014 the master of the universe; <a href=\"/en/search/synonyms/?original=devai\u1e25\"><em>devai\u1e25</em></a> \u2014 by the demigods; <a href=\"/en/search/synonyms/?original=saha\"><em>saha</em></a> \u2014 accompanied; <a href=\"/en/search/synonyms/?original=\u0101s\u1e5btya\"><em>\u0101s\u1e5btya</em></a> \u2014 arriving; <a href=\"/en/search/synonyms/?original=sura\"><em>sura</em></a>-<a href=\"/en/search/synonyms/?original=\u012b\u015bvarai\u1e25\"><em>\u012b\u015bvarai\u1e25</em></a> \u2014 with the chiefs of all the heavenly planets; <a href=\"/en/search/synonyms/?original=vainyasya\"><em>vainyasya</em></a> \u2014 of Mah\u0101r\u0101ja P\u1e5bthu, the son of Vena; <a href=\"/en/search/synonyms/?original=dak\u1e63i\u1e47e\"><em>dak\u1e63i\u1e47e</em></a> \u2014 right; <a href=\"/en/search/synonyms/?original=haste\"><em>haste</em></a> \u2014 on the hand; <a href=\"/en/search/synonyms/?original=d\u1e5b\u1e63\u1e6dv\u0101\"><em>d\u1e5b\u1e63\u1e6dv\u0101</em></a> \u2014 seeing; <a href=\"/en/search/synonyms/?original=cihnam\"><em>cihnam</em></a> \u2014 mark; <a href=\"/en/search/synonyms/?original=gad\u0101\"><em>gad\u0101</em></a>-<a href=\"/en/search/synonyms/?original=bh\u1e5bta\u1e25\"><em>bh\u1e5bta\u1e25</em></a> \u2014 of Lord Vi\u1e63\u1e47u, who carries a club; <a href=\"/en/search/synonyms/?original=p\u0101dayo\u1e25\"><em>p\u0101dayo\u1e25</em></a> \u2014 on the two feet; <a href=\"/en/search/synonyms/?original=aravindam\"><em>aravindam</em></a> \u2014 lotus flower; <a href=\"/en/search/synonyms/?original=ca\"><em>ca</em></a> \u2014 also; <a href=\"/en/search/synonyms/?original=tam\"><em>tam</em></a> \u2014 him; <a href=\"/en/search/synonyms/?original=vai\"><em>vai</em></a> \u2014 certainly; <a href=\"/en/search/synonyms/?original=mene\"><em>mene</em></a> \u2014 he understood; <a href=\"/en/search/synonyms/?original=hare\u1e25\"><em>hare\u1e25</em></a> \u2014 of the Supreme Personality of Godhead; <a href=\"/en/search/synonyms/?original=kal\u0101m\"><em>kal\u0101m</em></a> \u2014 part of a plenary expansion; <a href=\"/en/search/synonyms/?original=yasya\"><em>yasya</em></a> \u2014 whose; <a href=\"/en/search/synonyms/?original=apratihatam\"><em>apratihatam</em></a> \u2014 invincible; <a href=\"/en/search/synonyms/?original=cakram\"><em>cakram</em></a> \u2014 disc; <a href=\"/en/search/synonyms/?original=a\u1e41\u015ba\u1e25\"><em>a\u1e41\u015ba\u1e25</em></a> \u2014 partial representation; <a href=\"/en/search/synonyms/?original=sa\u1e25\"><em>sa\u1e25</em></a> \u2014 he; <a href=\"/en/search/synonyms/?original=parame\u1e63\u1e6dhina\u1e25\"><em>parame\u1e63\u1e6dhina\u1e25</em></a> \u2014 of the Supreme Personality of Godhead.</p>", "translation": "<p><strong>Lord Brahm\u0101, the master of the entire universe, arrived there accompanied by all the demigods and their chiefs. Seeing the lines of Lord Vi\u1e63\u1e47u\u2019s palm on King P\u1e5bthu\u2019s right hand and impressions of lotus flowers on the soles of his feet, Lord Brahm\u0101 could understand that King P\u1e5bthu was a partial representation of the Supreme Personality of Godhead. One whose palm bears the sign of a disc, as well as other such lines, should be considered a partial representation or incarnation of the Supreme Lord.</strong></p>", "purport": "<h2 class=\"section-title\">Purport</h2>\n<div class=\"r r-lang-en r-paragraph\" id=\"bb30949\"><p>There is a system by which one can detect an incarnation of the Supreme Personality of Godhead. Nowadays it has become a cheap fashion to accept any rascal as an incarnation of God, but from this incident we can see that Lord Brahm\u0101 personally examined the hands and feet of King P\u1e5bthu for specific signs. In their prophecies the learned sages and <i>br\u0101hma\u1e47as</i> accepted P\u1e5bthu Mah\u0101r\u0101ja as a plenary partial expansion of the Lord. During the presence of Lord K\u1e5b\u1e63\u1e47a, however, a king declared himself V\u0101sudeva, and Lord K\u1e5b\u1e63\u1e47a killed him. Before accepting someone as an incarnation of God, one should verify his identity according to the symptoms mentioned in the <i>\u015b\u0101stras.</i> Without these symptoms the pretender is subject to be killed by the authorities for pretending to be an incarnation of God.</p></div>"}, {"verseNbr": "<h1>\u015aB 4.15.11</h1>", "sanskritText": "\u0924\u0938\u094d\u092f\u093e\u092d\u093f\u0937\u0947\u0915 \u0906\u0930\u092c\u094d\u0927\u094b \u092c\u094d\u0930\u093e\u0939\u094d\u092e\u0923\u0948\u0930\u094d\u092c\u094d\u0930\u0939\u094d\u092e\u0935\u093e\u0926\u093f\u092d\u093f: \u0964<br/>\u0906\u092d\u093f\u0937\u0947\u091a\u0928\u093f\u0915\u093e\u0928\u094d\u092f\u0938\u094d\u092e\u0948 \u0906\u091c\u0939\u094d\u0930\u0941: \u0938\u0930\u094d\u0935\u0924\u094b \u091c\u0928\u093e: \u0965 \u0967\u0967 \u0965", "englishText": "<em><i>tasy\u0101bhi\u1e63eka \u0101rabdho<br/>br\u0101hma\u1e47air brahma-v\u0101dibhi\u1e25<br/>\u0101bhi\u1e63ecanik\u0101ny asmai<br/>\u0101jahru\u1e25 sarvato jan\u0101\u1e25</i></em>", "synonyms": "<p><a href=\"/en/search/synonyms/?original=tasya\"><em>tasya</em></a> \u2014 his; <a href=\"/en/search/synonyms/?original=abhi\u1e63eka\u1e25\"><em>abhi\u1e63eka\u1e25</em></a> \u2014 coronation; <a href=\"/en/search/synonyms/?original=\u0101rabdha\u1e25\"><em>\u0101rabdha\u1e25</em></a> \u2014 was arranged; <a href=\"/en/search/synonyms/?original=br\u0101hma\u1e47ai\u1e25\"><em>br\u0101hma\u1e47ai\u1e25</em></a> \u2014 by the learned <em>br\u0101hma\u1e47as</em>; <a href=\"/en/search/synonyms/?original=brahma\"><em>brahma</em></a>-<a href=\"/en/search/synonyms/?original=v\u0101dibhi\u1e25\"><em>v\u0101dibhi\u1e25</em></a> \u2014 attached to the Vedic rituals; <a href=\"/en/search/synonyms/?original=\u0101bhi\u1e63ecanik\u0101ni\"><em>\u0101bhi\u1e63ecanik\u0101ni</em></a> \u2014 various paraphernalia for performing the ceremony; <a href=\"/en/search/synonyms/?original=asmai\"><em>asmai</em></a> \u2014 unto him; <a href=\"/en/search/synonyms/?original=\u0101jahru\u1e25\"><em>\u0101jahru\u1e25</em></a> \u2014 collected; <a href=\"/en/search/synonyms/?original=sarvata\u1e25\"><em>sarvata\u1e25</em></a> \u2014 from all directions; <a href=\"/en/search/synonyms/?original=jan\u0101\u1e25\"><em>jan\u0101\u1e25</em></a> \u2014 people.</p>", "translation": "<p><strong>The learned br\u0101hma\u1e47as, who were very attached to the Vedic ritualistic ceremonies, then arranged for the King\u2019s coronation. People from all directions collected all the different paraphernalia for the ceremony. Thus everything was complete.</strong></p>", "purport": null}, {"verseNbr": "<h1>\u015aB 4.15.12</h1>", "sanskritText": "\u0938\u0930\u093f\u0924\u094d\u0938\u092e\u0941\u0926\u094d\u0930\u093e \u0917\u093f\u0930\u092f\u094b \u0928\u093e\u0917\u093e \u0917\u093e\u0935: \u0916\u0917\u093e \u092e\u0943\u0917\u093e: \u0964<br/>\u0926\u094d\u092f\u094c: \u0915\u094d\u0937\u093f\u0924\u093f: \u0938\u0930\u094d\u0935\u092d\u0942\u0924\u093e\u0928\u093f \u0938\u092e\u093e\u091c\u0939\u094d\u0930\u0941\u0930\u0941\u092a\u093e\u092f\u0928\u092e\u094d \u0965 \u0967\u0968 \u0965", "englishText": "<em><i>sarit-samudr\u0101 girayo<br/>n\u0101g\u0101 g\u0101va\u1e25 khag\u0101 m\u1e5bg\u0101\u1e25<br/>dyau\u1e25 k\u1e63iti\u1e25 sarva-bh\u016bt\u0101ni<br/>sam\u0101jahrur up\u0101yanam</i></em>", "synonyms": "<p><a href=\"/en/search/synonyms/?original=sarit\"><em>sarit</em></a> \u2014 the rivers; <a href=\"/en/search/synonyms/?original=samudr\u0101\u1e25\"><em>samudr\u0101\u1e25</em></a> \u2014 the seas; <a href=\"/en/search/synonyms/?original=giraya\u1e25\"><em>giraya\u1e25</em></a> \u2014 the mountains; <a href=\"/en/search/synonyms/?original=n\u0101g\u0101\u1e25\"><em>n\u0101g\u0101\u1e25</em></a> \u2014 the serpents; <a href=\"/en/search/synonyms/?original=g\u0101va\u1e25\"><em>g\u0101va\u1e25</em></a> \u2014 the cows; <a href=\"/en/search/synonyms/?original=khag\u0101\u1e25\"><em>khag\u0101\u1e25</em></a> \u2014 the birds; <a href=\"/en/search/synonyms/?original=m\u1e5bg\u0101\u1e25\"><em>m\u1e5bg\u0101\u1e25</em></a> \u2014 the animals; <a href=\"/en/search/synonyms/?original=dyau\u1e25\"><em>dyau\u1e25</em></a> \u2014 the sky; <a href=\"/en/search/synonyms/?original=k\u1e63iti\u1e25\"><em>k\u1e63iti\u1e25</em></a> \u2014 the earth; <a href=\"/en/search/synonyms/?original=sarva\"><em>sarva</em></a>-<a href=\"/en/search/synonyms/?original=bh\u016bt\u0101ni\"><em>bh\u016bt\u0101ni</em></a> \u2014 all living entities; <a href=\"/en/search/synonyms/?original=sam\u0101jahru\u1e25\"><em>sam\u0101jahru\u1e25</em></a> \u2014 collected; <a href=\"/en/search/synonyms/?original=up\u0101yanam\"><em>up\u0101yanam</em></a> \u2014 different kinds of presentations.</p>", "translation": "<p><strong>All the rivers, seas, hills, mountains, serpents, cows, birds, animals, heavenly planets, the earthly planet and all other living entities collected various presentations, according to their ability, to offer the King.</strong></p>", "purport": null}, {"verseNbr": "<h1>\u015aB 4.15.13</h1>", "sanskritText": "\u0938\u094b\u093d\u092d\u093f\u0937\u093f\u0915\u094d\u0924\u094b \u092e\u0939\u093e\u0930\u093e\u091c: \u0938\u0941\u0935\u093e\u0938\u093e: \u0938\u093e\u0927\u094d\u0935\u0932\u0921\u094d\u093c\u0915\u093c\u0943\u0924: \u0964<br/>\u092a\u0924\u094d\u200d\u0928\u094d\u092f\u093e\u0930\u094d\u091a\u093f\u0937\u093e\u0932\u0921\u094d\u200c\u0915\u093c\u0943\u0924\u092f\u093e \u0935\u093f\u0930\u0947\u091c\u0947\u093d\u0917\u094d\u0928\u093f\u0930\u093f\u0935\u093e\u092a\u0930: \u0965 \u0967\u0969 \u0965", "englishText": "<em><i>so\u00a0\u2019bhi\u1e63ikto mah\u0101r\u0101ja\u1e25<br/>suv\u0101s\u0101\u1e25 s\u0101dhv-ala\u1e45k\u1e5bta\u1e25<br/>patny\u0101rci\u1e63\u0101la\u1e45k\u1e5btay\u0101<br/>vireje\u00a0\u2019gnir iv\u0101para\u1e25</i></em>", "synonyms": "<p><a href=\"/en/search/synonyms/?original=sa\u1e25\"><em>sa\u1e25</em></a> \u2014 the King; <a href=\"/en/search/synonyms/?original=abhi\u1e63ikta\u1e25\"><em>abhi\u1e63ikta\u1e25</em></a> \u2014 being coronated; <a href=\"/en/search/synonyms/?original=mah\u0101r\u0101ja\u1e25\"><em>mah\u0101r\u0101ja\u1e25</em></a> \u2014 Mah\u0101r\u0101ja P\u1e5bthu; <a href=\"/en/search/synonyms/?original=su\"><em>su</em></a>-<a href=\"/en/search/synonyms/?original=v\u0101s\u0101\u1e25\"><em>v\u0101s\u0101\u1e25</em></a> \u2014 exquisitely dressed; <a href=\"/en/search/synonyms/?original=s\u0101dhu\"><em>s\u0101dhu</em></a>-<a href=\"/en/search/synonyms/?original=ala\u1e45k\u1e5bta\u1e25\"><em>ala\u1e45k\u1e5bta\u1e25</em></a> \u2014 highly decorated with ornaments; <a href=\"/en/search/synonyms/?original=patny\u0101\"><em>patny\u0101</em></a> \u2014 along with his wife; <a href=\"/en/search/synonyms/?original=arci\u1e63\u0101\"><em>arci\u1e63\u0101</em></a> \u2014 named Arci; <a href=\"/en/search/synonyms/?original=ala\u1e45k\u1e5btay\u0101\"><em>ala\u1e45k\u1e5btay\u0101</em></a> \u2014 nicely ornamented; <a href=\"/en/search/synonyms/?original=vireje\"><em>vireje</em></a> \u2014 appeared; <a href=\"/en/search/synonyms/?original=agni\u1e25\"><em>agni\u1e25</em></a> \u2014 fire; <a href=\"/en/search/synonyms/?original=iva\"><em>iva</em></a> \u2014 like; <a href=\"/en/search/synonyms/?original=apara\u1e25\"><em>apara\u1e25</em></a> \u2014 another.</p>", "translation": "<p><strong>Thus the great King P\u1e5bthu, exquisitely dressed with garments and ornaments, was coronated and placed on the throne. The King and his wife, Arci, who was also exquisitely ornamented, appeared exactly like fire.</strong></p>", "purport": null}, {"verseNbr": "<h1>\u015aB 4.15.14</h1>", "sanskritText": "\u0924\u0938\u094d\u092e\u0948 \u091c\u0939\u093e\u0930 \u0927\u0928\u0926\u094b \u0939\u0948\u092e\u0902 \u0935\u0940\u0930 \u0935\u0930\u093e\u0938\u0928\u092e\u094d \u0964<br/>\u0935\u0930\u0941\u0923: \u0938\u0932\u093f\u0932\u0938\u094d\u0930\u093e\u0935\u092e\u093e\u0924\u092a\u0924\u094d\u0930\u0902 \u0936\u0936\u093f\u092a\u094d\u0930\u092d\u092e\u094d \u0965 \u0967\u096a \u0965", "englishText": "<em><i>tasmai jah\u0101ra dhanado<br/>haima\u1e41 v\u012bra var\u0101sanam<br/>varu\u1e47a\u1e25 salila-sr\u0101vam<br/>\u0101tapatra\u1e41 \u015ba\u015bi-prabham</i></em>", "synonyms": "<p><a href=\"/en/search/synonyms/?original=tasmai\"><em>tasmai</em></a> \u2014 unto him; <a href=\"/en/search/synonyms/?original=jah\u0101ra\"><em>jah\u0101ra</em></a> \u2014 presented; <a href=\"/en/search/synonyms/?original=dhana\"><em>dhana</em></a>-<a href=\"/en/search/synonyms/?original=da\u1e25\"><em>da\u1e25</em></a> \u2014 the treasurer of the demigods (Kuvera); <a href=\"/en/search/synonyms/?original=haimam\"><em>haimam</em></a> \u2014 made of gold; <a href=\"/en/search/synonyms/?original=v\u012bra\"><em>v\u012bra</em></a> \u2014 O Vidura; <a href=\"/en/search/synonyms/?original=vara\"><em>vara</em></a>-<a href=\"/en/search/synonyms/?original=\u0101sanam\"><em>\u0101sanam</em></a> \u2014 royal throne; <a href=\"/en/search/synonyms/?original=varu\u1e47a\u1e25\"><em>varu\u1e47a\u1e25</em></a> \u2014 the demigod Varu\u1e47a; <a href=\"/en/search/synonyms/?original=salila\"><em>salila</em></a>-<a href=\"/en/search/synonyms/?original=sr\u0101vam\"><em>sr\u0101vam</em></a> \u2014 dropping particles of water; <a href=\"/en/search/synonyms/?original=\u0101tapatram\"><em>\u0101tapatram</em></a> \u2014 umbrella; <a href=\"/en/search/synonyms/?original=\u015ba\u015bi\"><em>\u015ba\u015bi</em></a>-<a href=\"/en/search/synonyms/?original=prabham\"><em>prabham</em></a> \u2014 as brilliant as the moon.</p>", "translation": "<p><strong>The great sage continued: My dear Vidura, Kuvera presented the great King P\u1e5bthu with a golden throne. The demigod Varu\u1e47a presented him with an umbrella that constantly sprayed fine particles of water and was as brilliant as the moon.</strong></p>", "purport": null}, {"verseNbr": "<h1>\u015aB 4.15.15</h1>", "sanskritText": "\u0935\u093e\u092f\u0941\u0936\u094d\u091a \u0935\u093e\u0932\u0935\u094d\u092f\u091c\u0928\u0947 \u0927\u0930\u094d\u092e: \u0915\u0940\u0930\u094d\u0924\u093f\u092e\u092f\u0940\u0902 \u0938\u094d\u0930\u091c\u092e\u094d \u0964<br/>\u0907\u0928\u094d\u0926\u094d\u0930: \u0915\u093f\u0930\u0940\u091f\u092e\u0941\u0924\u094d\u0915\u0943\u0937\u094d\u091f\u0902 \u0926\u0923\u094d\u0921\u0902 \u0938\u0902\u092f\u092e\u0928\u0902 \u092f\u092e: \u0965 \u0967\u096b \u0965", "englishText": "<em><i>v\u0101yu\u015b ca v\u0101la-vyajane<br/>dharma\u1e25 k\u012brtimay\u012b\u1e41 srajam<br/>indra\u1e25 kir\u012b\u1e6dam utk\u1e5b\u1e63\u1e6da\u1e41<br/>da\u1e47\u1e0da\u1e41 sa\u1e41yamana\u1e41 yama\u1e25</i></em>", "synonyms": "<p><a href=\"/en/search/synonyms/?original=v\u0101yu\u1e25\"><em>v\u0101yu\u1e25</em></a> \u2014 the demigod of air; <a href=\"/en/search/synonyms/?original=ca\"><em>ca</em></a> \u2014 also; <a href=\"/en/search/synonyms/?original=v\u0101la\"><em>v\u0101la</em></a>-<a href=\"/en/search/synonyms/?original=vyajane\"><em>vyajane</em></a> \u2014 two <em>c\u0101maras</em> made of hair; <a href=\"/en/search/synonyms/?original=dharma\u1e25\"><em>dharma\u1e25</em></a> \u2014 the King of religion; <a href=\"/en/search/synonyms/?original=k\u012brti\"><em>k\u012brti</em></a>-<a href=\"/en/search/synonyms/?original=may\u012bm\"><em>may\u012bm</em></a> \u2014 expanding one\u2019s name and fame; <a href=\"/en/search/synonyms/?original=srajam\"><em>srajam</em></a> \u2014 garland; <a href=\"/en/search/synonyms/?original=indra\u1e25\"><em>indra\u1e25</em></a> \u2014 the King of heaven; <a href=\"/en/search/synonyms/?original=kir\u012b\u1e6dam\"><em>kir\u012b\u1e6dam</em></a> \u2014 helmet; <a href=\"/en/search/synonyms/?original=utk\u1e5b\u1e63\u1e6dam\"><em>utk\u1e5b\u1e63\u1e6dam</em></a> \u2014 very valuable; <a href=\"/en/search/synonyms/?original=da\u1e47\u1e0dam\"><em>da\u1e47\u1e0dam</em></a> \u2014 scepter; <a href=\"/en/search/synonyms/?original=sa\u1e41yamanam\"><em>sa\u1e41yamanam</em></a> \u2014 for ruling the world; <a href=\"/en/search/synonyms/?original=yama\u1e25\"><em>yama\u1e25</em></a> \u2014 the superintendent of death.</p>", "translation": "<p><strong>The demigod of air, V\u0101yu, presented King P\u1e5bthu with two whisks [c\u0101maras] of hair; the King of religion, Dharma, presented him with a flower garland which would expand his fame; the King of heaven, Indra, presented him with a valuable helmet; and the superintendent of death, Yamar\u0101ja, presented him with a scepter with which to rule the world.</strong></p>", "purport": null}, {"verseNbr": "<h1>\u015aB 4.15.16</h1>", "sanskritText": "\u092c\u094d\u0930\u0939\u094d\u092e\u093e \u092c\u094d\u0930\u0939\u094d\u092e\u092e\u092f\u0902 \u0935\u0930\u094d\u092e \u092d\u093e\u0930\u0924\u0940 \u0939\u093e\u0930\u092e\u0941\u0924\u094d\u0924\u092e\u092e\u094d \u0964<br/>\u0939\u0930\u093f: \u0938\u0941\u0926\u0930\u094d\u0936\u0928\u0902 \u091a\u0915\u094d\u0930\u0902 \u0924\u0924\u094d\u092a\u0924\u094d\u200d\u0928\u094d\u092f\u0935\u094d\u092f\u093e\u0939\u0924\u093e\u0902 \u0936\u094d\u0930\u093f\u092f\u092e\u094d \u0965 \u0967\u096c \u0965", "englishText": "<em><i>brahm\u0101 brahmamaya\u1e41 varma<br/>bh\u0101rat\u012b h\u0101ram uttamam<br/>hari\u1e25 sudar\u015bana\u1e41 cakra\u1e41<br/>tat-patny avy\u0101hat\u0101\u1e41 \u015briyam</i></em>", "synonyms": "<p><a href=\"/en/search/synonyms/?original=brahm\u0101\"><em>brahm\u0101</em></a> \u2014 Lord Brahm\u0101; <a href=\"/en/search/synonyms/?original=brahma\"><em>brahma</em></a>-<a href=\"/en/search/synonyms/?original=mayam\"><em>mayam</em></a> \u2014 made of spiritual knowledge; <a href=\"/en/search/synonyms/?original=varma\"><em>varma</em></a> \u2014 armor; <a href=\"/en/search/synonyms/?original=bh\u0101rat\u012b\"><em>bh\u0101rat\u012b</em></a> \u2014 the goddess of learning; <a href=\"/en/search/synonyms/?original=h\u0101ram\"><em>h\u0101ram</em></a> \u2014 necklace; <a href=\"/en/search/synonyms/?original=uttamam\"><em>uttamam</em></a> \u2014 transcendental; <a href=\"/en/search/synonyms/?original=hari\u1e25\"><em>hari\u1e25</em></a> \u2014 the Supreme Personality of Godhead; <a href=\"/en/search/synonyms/?original=sudar\u015banam\"><em>sudar\u015banam</em></a> <a href=\"/en/search/synonyms/?original=cakram\"><em>cakram</em></a> \u2014 Sudar\u015bana disc; <a href=\"/en/search/synonyms/?original=tat\"><em>tat</em></a>-<a href=\"/en/search/synonyms/?original=patn\u012b\"><em>patn\u012b</em></a> \u2014 His wife (Lak\u1e63m\u012b); <a href=\"/en/search/synonyms/?original=avy\u0101hat\u0101m\"><em>avy\u0101hat\u0101m</em></a> \u2014 imperishable; <a href=\"/en/search/synonyms/?original=\u015briyam\"><em>\u015briyam</em></a> \u2014 beauty and opulence.</p>", "translation": "<p><strong>Lord Brahm\u0101 presented King P\u1e5bthu with a protective garment made of spiritual knowledge. Bh\u0101rat\u012b [Sarasvat\u012b], the wife of Brahm\u0101, gave him a transcendental necklace. Lord Vi\u1e63\u1e47u presented him with a Sudar\u015bana disc, and Lord Vi\u1e63\u1e47u\u2019s wife, the goddess of fortune, gave him imperishable opulences.</strong></p>", "purport": "<h2 class=\"section-title\">Purport</h2>\n<div class=\"r r-lang-en r-paragraph\" id=\"bb30974\"><p>All the demigods presented various gifts to King P\u1e5bthu. Hari, an incarnation of the Supreme Personality of Godhead known as Upendra in the heavenly planet, presented the King with a Sudar\u015bana disc. It should be understood that this Sudar\u015bana disc is not exactly the same type of Sudar\u015bana disc used by the Personality of Godhead, K\u1e5b\u1e63\u1e47a, or Vi\u1e63\u1e47u. Since Mah\u0101r\u0101ja P\u1e5bthu was a partial representation of the Supreme Personality of Godhead\u2019s power, the Sudar\u015bana disc given to him represented the partial power of the original Sudar\u015bana disc.</p></div>"}, {"verseNbr": "<h1>\u015aB 4.15.17</h1>", "sanskritText": "\u0926\u0936\u091a\u0928\u094d\u0926\u094d\u0930\u092e\u0938\u093f\u0902 \u0930\u0941\u0926\u094d\u0930: \u0936\u0924\u091a\u0928\u094d\u0926\u094d\u0930\u0902 \u0924\u0925\u093e\u092e\u094d\u092c\u093f\u0915\u093e \u0964<br/>\u0938\u094b\u092e\u094b\u093d\u092e\u0943\u0924\u092e\u092f\u093e\u0928\u0936\u094d\u0935\u093e\u0902\u0938\u094d\u0924\u094d\u0935\u0937\u094d\u091f\u093e \u0930\u0942\u092a\u093e\u0936\u094d\u0930\u092f\u0902 \u0930\u0925\u092e\u094d \u0965 \u0967\u096d \u0965", "englishText": "<em><i>da\u015ba-candram asi\u1e41 rudra\u1e25<br/>\u015bata-candra\u1e41 tath\u0101mbik\u0101<br/>somo\u00a0\u2019m\u1e5btamay\u0101n a\u015bv\u0101\u1e41s<br/>tva\u1e63\u1e6d\u0101 r\u016bp\u0101\u015braya\u1e41 ratham</i></em>", "synonyms": "<p><a href=\"/en/search/synonyms/?original=da\u015ba\"><em>da\u015ba</em></a>-<a href=\"/en/search/synonyms/?original=candram\"><em>candram</em></a> \u2014 decorated with ten moons; <a href=\"/en/search/synonyms/?original=asim\"><em>asim</em></a> \u2014 sword; <a href=\"/en/search/synonyms/?original=rudra\u1e25\"><em>rudra\u1e25</em></a> \u2014 Lord \u015aiva; <a href=\"/en/search/synonyms/?original=\u015bata\"><em>\u015bata</em></a>-<a href=\"/en/search/synonyms/?original=candram\"><em>candram</em></a> \u2014 decorated with one hundred moons; <a href=\"/en/search/synonyms/?original=tath\u0101\"><em>tath\u0101</em></a> \u2014 in that manner; <a href=\"/en/search/synonyms/?original=ambik\u0101\"><em>ambik\u0101</em></a> \u2014 the goddess Durg\u0101; <a href=\"/en/search/synonyms/?original=soma\u1e25\"><em>soma\u1e25</em></a> \u2014 the moon-demigod; <a href=\"/en/search/synonyms/?original=am\u1e5bta\"><em>am\u1e5bta</em></a>-<a href=\"/en/search/synonyms/?original=may\u0101n\"><em>may\u0101n</em></a> \u2014 made of nectar; <a href=\"/en/search/synonyms/?original=a\u015bv\u0101n\"><em>a\u015bv\u0101n</em></a> \u2014 horses; <a href=\"/en/search/synonyms/?original=tva\u1e63\u1e6d\u0101\"><em>tva\u1e63\u1e6d\u0101</em></a> \u2014 the demigod Vi\u015bvakarm\u0101; <a href=\"/en/search/synonyms/?original=r\u016bpa\"><em>r\u016bpa</em></a>-<a href=\"/en/search/synonyms/?original=\u0101\u015brayam\"><em>\u0101\u015brayam</em></a> \u2014 very beautiful; <a href=\"/en/search/synonyms/?original=ratham\"><em>ratham</em></a> \u2014 a chariot.</p>", "translation": "<p><strong>Lord \u015aiva presented him with a sword within a sheath marked with ten moons, and his wife, the goddess Durg\u0101, presented him with a shield marked with one hundred moons. The moon-demigod presented him with horses made of nectar, and the demigod Vi\u015bvakarm\u0101 presented him with a very beautiful chariot.</strong></p>", "purport": null}, {"verseNbr": "<h1>\u015aB 4.15.18</h1>", "sanskritText": "\u0905\u0917\u094d\u0928\u093f\u0930\u093e\u091c\u0917\u0935\u0902 \u091a\u093e\u092a\u0902 \u0938\u0942\u0930\u094d\u092f\u094b \u0930\u0936\u094d\u092e\u093f\u092e\u092f\u093e\u0928\u093f\u0937\u0942\u0928\u094d \u0964<br/>\u092d\u0942: \u092a\u093e\u0926\u0941\u0915\u0947 \u092f\u094b\u0917\u092e\u092f\u094d\u092f\u094c \u0926\u094d\u092f\u094c: \u092a\u0941\u0937\u094d\u092a\u093e\u0935\u0932\u093f\u092e\u0928\u094d\u0935\u0939\u092e\u094d \u0965 \u0967\u096e \u0965", "englishText": "<em><i>agnir \u0101ja-gava\u1e41 c\u0101pa\u1e41<br/>s\u016bryo ra\u015bmimay\u0101n i\u1e63\u016bn<br/>bh\u016b\u1e25 p\u0101duke yogamayyau<br/>dyau\u1e25 pu\u1e63p\u0101valim anvaham</i></em>", "synonyms": "<p><a href=\"/en/search/synonyms/?original=agni\u1e25\"><em>agni\u1e25</em></a> \u2014 the demigod of fire; <a href=\"/en/search/synonyms/?original=\u0101ja\"><em>\u0101ja</em></a>-<a href=\"/en/search/synonyms/?original=gavam\"><em>gavam</em></a> \u2014 made of the horns of goats and cows; <a href=\"/en/search/synonyms/?original=c\u0101pam\"><em>c\u0101pam</em></a> \u2014 a bow; <a href=\"/en/search/synonyms/?original=s\u016brya\u1e25\"><em>s\u016brya\u1e25</em></a> \u2014 the sun-god; <a href=\"/en/search/synonyms/?original=ra\u015bmi\"><em>ra\u015bmi</em></a>-<a href=\"/en/search/synonyms/?original=may\u0101n\"><em>may\u0101n</em></a> \u2014 brilliant as sunshine; <a href=\"/en/search/synonyms/?original=i\u1e63\u016bn\"><em>i\u1e63\u016bn</em></a> \u2014 arrows; <a href=\"/en/search/synonyms/?original=bh\u016b\u1e25\"><em>bh\u016b\u1e25</em></a> \u2014 Bh\u016bmi, the predominating goddess of the earth; <a href=\"/en/search/synonyms/?original=p\u0101duke\"><em>p\u0101duke</em></a> \u2014 two slippers; <a href=\"/en/search/synonyms/?original=yoga\"><em>yoga</em></a>-<a href=\"/en/search/synonyms/?original=mayyau\"><em>mayyau</em></a> \u2014 full of mystic power; <a href=\"/en/search/synonyms/?original=dyau\u1e25\"><em>dyau\u1e25</em></a> \u2014 the demigods in outer space; <a href=\"/en/search/synonyms/?original=pu\u1e63pa\"><em>pu\u1e63pa</em></a> \u2014 of flowers; <a href=\"/en/search/synonyms/?original=\u0101valim\"><em>\u0101valim</em></a> \u2014 presentation; <a href=\"/en/search/synonyms/?original=anu\"><em>anu</em></a>-<a href=\"/en/search/synonyms/?original=aham\"><em>aham</em></a> \u2014 day after day.</p>", "translation": "<p><strong>The demigod of fire, Agni, presented him with a bow made of the horns of goats and cows. The sun-god presented him with arrows as brilliant as sunshine. The predominating deity of Bh\u016brloka presented him with slippers full of mystic power. The demigods from outer space brought him presentations of flowers again and again.</strong></p>", "purport": "<h2 class=\"section-title\">Purport</h2>\n<div class=\"r r-lang-en r-paragraph\" id=\"bb30983\"><p>This verse describes that the King\u2019s slippers were invested with mystic powers (<i>p\u0101duke yogamayyau</i>). Thus as soon as the King placed his feet in the slippers they would immediately carry him wherever he desired. Mystic <i>yog\u012bs</i> can transfer themselves from one place to another whenever they desire. A similar power was invested in the slippers of King P\u1e5bthu.</p></div>"}, {"verseNbr": "<h1>\u015aB 4.15.19</h1>", "sanskritText": "\u0928\u093e\u091f\u094d\u092f\u0902 \u0938\u0941\u0917\u0940\u0924\u0902 \u0935\u093e\u0926\u093f\u0924\u094d\u0930\u092e\u0928\u094d\u0924\u0930\u094d\u0927\u093e\u0928\u0902 \u091a \u0916\u0947\u091a\u0930\u093e: \u0964<br/>\u090b\u0937\u092f\u0936\u094d\u091a\u093e\u0936\u093f\u0937: \u0938\u0924\u094d\u092f\u093e: \u0938\u092e\u0941\u0926\u094d\u0930: \u0936\u0919\u094d\u0916\u092e\u093e\u0924\u094d\u092e\u091c\u092e\u094d \u0965 \u0967\u096f \u0965", "englishText": "<em><i>n\u0101\u1e6dya\u1e41 sug\u012bta\u1e41 v\u0101ditram<br/>antardh\u0101na\u1e41 ca khecar\u0101\u1e25<br/>\u1e5b\u1e63aya\u015b c\u0101\u015bi\u1e63a\u1e25 saty\u0101\u1e25<br/>samudra\u1e25 \u015ba\u1e45kham \u0101tmajam</i></em>", "synonyms": "<p><a href=\"/en/search/synonyms/?original=n\u0101\u1e6dyam\"><em>n\u0101\u1e6dyam</em></a> \u2014 the art of drama; <a href=\"/en/search/synonyms/?original=su\"><em>su</em></a>-<a href=\"/en/search/synonyms/?original=g\u012btam\"><em>g\u012btam</em></a> \u2014 the art of singing sweet songs; <a href=\"/en/search/synonyms/?original=v\u0101ditram\"><em>v\u0101ditram</em></a> \u2014 the art of playing musical instruments; <a href=\"/en/search/synonyms/?original=antardh\u0101nam\"><em>antardh\u0101nam</em></a> \u2014 the art of disappearing; <a href=\"/en/search/synonyms/?original=ca\"><em>ca</em></a> \u2014 also; <a href=\"/en/search/synonyms/?original=khe\"><em>khe</em></a>-<a href=\"/en/search/synonyms/?original=car\u0101\u1e25\"><em>car\u0101\u1e25</em></a> \u2014 demigods traveling in outer space; <a href=\"/en/search/synonyms/?original=\u1e5b\u1e63aya\u1e25\"><em>\u1e5b\u1e63aya\u1e25</em></a> \u2014 the great sages; <a href=\"/en/search/synonyms/?original=ca\"><em>ca</em></a> \u2014 also; <a href=\"/en/search/synonyms/?original=\u0101\u015bi\u1e63a\u1e25\"><em>\u0101\u015bi\u1e63a\u1e25</em></a> \u2014 blessings; <a href=\"/en/search/synonyms/?original=saty\u0101\u1e25\"><em>saty\u0101\u1e25</em></a> \u2014 infallible; <a href=\"/en/search/synonyms/?original=samudra\u1e25\"><em>samudra\u1e25</em></a> \u2014 the demigod of the ocean; <a href=\"/en/search/synonyms/?original=\u015ba\u1e45kham\"><em>\u015ba\u1e45kham</em></a> \u2014 conchshell; <a href=\"/en/search/synonyms/?original=\u0101tma\"><em>\u0101tma</em></a>-<a href=\"/en/search/synonyms/?original=jam\"><em>jam</em></a> \u2014 produced from himself.</p>", "translation": "<p><strong>The demigods who always travel in outer space gave King P\u1e5bthu the arts to perform dramas, sing songs, play musical instruments and disappear at his will. The great sages also offered him infallible blessings. The ocean offered him a conchshell produced from the ocean.</strong></p>", "purport": null}, {"verseNbr": "<h1>\u015aB 4.15.20</h1>", "sanskritText": "\u0938\u093f\u0928\u094d\u0927\u0935: \u092a\u0930\u094d\u0935\u0924\u093e \u0928\u0926\u094d\u092f\u094b \u0930\u0925\u0935\u0940\u0925\u0940\u0930\u094d\u092e\u0939\u093e\u0924\u094d\u092e\u0928: \u0964<br/>\u0938\u0942\u0924\u094b\u093d\u0925 \u092e\u093e\u0917\u0927\u094b \u0935\u0928\u094d\u0926\u0940 \u0924\u0902 \u0938\u094d\u0924\u094b\u0924\u0941\u092e\u0941\u092a\u0924\u0938\u094d\u0925\u093f\u0930\u0947 \u0965 \u0968\u0966 \u0965", "englishText": "<em><i>sindhava\u1e25 parvat\u0101 nadyo<br/>ratha-v\u012bth\u012br mah\u0101tmana\u1e25<br/>s\u016bto\u00a0\u2019tha m\u0101gadho vand\u012b<br/>ta\u1e41 stotum upatasthire</i></em>", "synonyms": "<p><a href=\"/en/search/synonyms/?original=sindhava\u1e25\"><em>sindhava\u1e25</em></a> \u2014 the seas; <a href=\"/en/search/synonyms/?original=parvat\u0101\u1e25\"><em>parvat\u0101\u1e25</em></a> \u2014 the mountains; <a href=\"/en/search/synonyms/?original=nadya\u1e25\"><em>nadya\u1e25</em></a> \u2014 the rivers; <a href=\"/en/search/synonyms/?original=ratha\"><em>ratha</em></a>-<a href=\"/en/search/synonyms/?original=v\u012bth\u012b\u1e25\"><em>v\u012bth\u012b\u1e25</em></a> \u2014 the paths for the chariot to pass; <a href=\"/en/search/synonyms/?original=mah\u0101\"><em>mah\u0101</em></a>-<a href=\"/en/search/synonyms/?original=\u0101tmana\u1e25\"><em>\u0101tmana\u1e25</em></a> \u2014 of the great soul; <a href=\"/en/search/synonyms/?original=s\u016bta\u1e25\"><em>s\u016bta\u1e25</em></a> \u2014 a professional who offers praises; <a href=\"/en/search/synonyms/?original=atha\"><em>atha</em></a> \u2014 then; <a href=\"/en/search/synonyms/?original=m\u0101gadha\u1e25\"><em>m\u0101gadha\u1e25</em></a> \u2014 a professional bard; <a href=\"/en/search/synonyms/?original=vand\u012b\"><em>vand\u012b</em></a> \u2014 a professional who offers prayers; <a href=\"/en/search/synonyms/?original=tam\"><em>tam</em></a> \u2014 him; <a href=\"/en/search/synonyms/?original=stotum\"><em>stotum</em></a> \u2014 to praise; <a href=\"/en/search/synonyms/?original=upatasthire\"><em>upatasthire</em></a> \u2014 presented themselves.</p>", "translation": "<p><strong>The seas, mountains and rivers gave him room to drive his chariot without impediments, and a s\u016bta, a m\u0101gadha and a vand\u012b offered prayers and praises. They all presented themselves before him to perform their respective duties.</strong></p>", "purport": null}, {"verseNbr": "<h1>\u015aB 4.15.21</h1>", "sanskritText": "\u0938\u094d\u0924\u093e\u0935\u0915\u093e\u0902\u0938\u094d\u0924\u093e\u0928\u092d\u093f\u092a\u094d\u0930\u0947\u0924\u094d\u092f \u092a\u0943\u0925\u0941\u0930\u094d\u0935\u0948\u0928\u094d\u092f: \u092a\u094d\u0930\u0924\u093e\u092a\u0935\u093e\u0928\u094d \u0964<br/>\u092e\u0947\u0918\u0928\u093f\u0930\u094d\u0939\u094d\u0930\u093e\u0926\u092f\u093e \u0935\u093e\u091a\u093e \u092a\u094d\u0930\u0939\u0938\u0928\u094d\u0928\u093f\u0926\u092e\u092c\u094d\u0930\u0935\u0940\u0924\u094d \u0965 \u0968\u0967 \u0965", "englishText": "<em><i>st\u0101vak\u0101\u1e41s t\u0101n abhipretya<br/>p\u1e5bthur vainya\u1e25 prat\u0101pav\u0101n<br/>megha-nirhr\u0101day\u0101 v\u0101c\u0101<br/>prahasann idam abrav\u012bt</i></em>", "synonyms": "<p><a href=\"/en/search/synonyms/?original=st\u0101vak\u0101n\"><em>st\u0101vak\u0101n</em></a> \u2014 engaged in offering prayers; <a href=\"/en/search/synonyms/?original=t\u0101n\"><em>t\u0101n</em></a> \u2014 those persons; <a href=\"/en/search/synonyms/?original=abhipretya\"><em>abhipretya</em></a> \u2014 seeing, understanding; <a href=\"/en/search/synonyms/?original=p\u1e5bthu\u1e25\"><em>p\u1e5bthu\u1e25</em></a> \u2014 King P\u1e5bthu; <a href=\"/en/search/synonyms/?original=vainya\u1e25\"><em>vainya\u1e25</em></a> \u2014 son of Vena; <a href=\"/en/search/synonyms/?original=prat\u0101pa\"><em>prat\u0101pa</em></a>-<a href=\"/en/search/synonyms/?original=v\u0101n\"><em>v\u0101n</em></a> \u2014 greatly powerful; <a href=\"/en/search/synonyms/?original=megha\"><em>megha</em></a>-<a href=\"/en/search/synonyms/?original=nirhr\u0101day\u0101\"><em>nirhr\u0101day\u0101</em></a> \u2014 as grave as the thundering of clouds; <a href=\"/en/search/synonyms/?original=v\u0101c\u0101\"><em>v\u0101c\u0101</em></a> \u2014 with a voice; <a href=\"/en/search/synonyms/?original=prahasan\"><em>prahasan</em></a> \u2014 smiling; <a href=\"/en/search/synonyms/?original=idam\"><em>idam</em></a> \u2014 this; <a href=\"/en/search/synonyms/?original=abrav\u012bt\"><em>abrav\u012bt</em></a> \u2014 he spoke.</p>", "translation": "<p><strong>Thus when the greatly powerful King P\u1e5bthu, the son of Vena, saw the professionals before him, to congratulate them he smiled, and with the gravity of the vibrating sounds of clouds he spoke as follows.</strong></p>", "purport": null}, {"verseNbr": "<h1>\u015aB 4.15.22</h1>", "sanskritText": "\u092a\u0943\u0925\u0941\u0930\u0941\u0935\u093e\u091a<br/>\u092d\u094b: \u0938\u0942\u0924 \u0939\u0947 \u092e\u093e\u0917\u0927 \u0938\u094c\u092e\u094d\u092f \u0935\u0928\u094d\u0926\u093f\u0901-<br/>\u0932\u094d\u0932\u094b\u0915\u0947\u093d\u0927\u0941\u0928\u093e\u0938\u094d\u092a\u0937\u094d\u091f\u0917\u0941\u0923\u0938\u094d\u092f \u092e\u0947 \u0938\u094d\u092f\u093e\u0924\u094d \u0964<br/>\u0915\u093f\u092e\u093e\u0936\u094d\u0930\u092f\u094b \u092e\u0947 \u0938\u094d\u0924\u0935 \u090f\u0937 \u092f\u094b\u091c\u094d\u092f\u0924\u093e\u0902<br/>\u092e\u093e \u092e\u092f\u094d\u092f\u092d\u0942\u0935\u0928\u094d\u0935\u093f\u0924\u0925\u093e \u0917\u093f\u0930\u094b \u0935: \u0965 \u0968\u0968 \u0965", "englishText": "<em>p\u1e5bthur uv\u0101ca<br/><i>bho\u1e25 s\u016bta he m\u0101gadha saumya vandi\u1e3b<br/>loke\u00a0\u2019dhun\u0101spa\u1e63\u1e6da-gu\u1e47asya me sy\u0101t<br/>kim \u0101\u015brayo me stava e\u1e63a yojyat\u0101\u1e41<br/>m\u0101 mayy abh\u016bvan vitath\u0101 giro va\u1e25</i></em>", "synonyms": "<p><a href=\"/en/search/synonyms/?original=p\u1e5bthu\u1e25\"><em>p\u1e5bthu\u1e25</em></a> <a href=\"/en/search/synonyms/?original=uv\u0101ca\"><em>uv\u0101ca</em></a> \u2014 King P\u1e5bthu said; <a href=\"/en/search/synonyms/?original=bho\u1e25\"><em>bho\u1e25</em></a> <a href=\"/en/search/synonyms/?original=s\u016bta\"><em>s\u016bta</em></a> \u2014 O <em>s\u016bta</em>; <a href=\"/en/search/synonyms/?original=he\"><em>he</em></a> <a href=\"/en/search/synonyms/?original=m\u0101gadha\"><em>m\u0101gadha</em></a> \u2014 O <em>m\u0101gadha</em>; <a href=\"/en/search/synonyms/?original=saumya\"><em>saumya</em></a> \u2014 gentle; <a href=\"/en/search/synonyms/?original=vandin\"><em>vandin</em></a> \u2014 O devotee offering prayers; <a href=\"/en/search/synonyms/?original=loke\"><em>loke</em></a> \u2014 in this world; <a href=\"/en/search/synonyms/?original=adhun\u0101\"><em>adhun\u0101</em></a> \u2014 just now; <a href=\"/en/search/synonyms/?original=aspa\u1e63\u1e6da\"><em>aspa\u1e63\u1e6da</em></a> \u2014 not distinct; <a href=\"/en/search/synonyms/?original=gu\u1e47asya\"><em>gu\u1e47asya</em></a> \u2014 whose qualities; <a href=\"/en/search/synonyms/?original=me\"><em>me</em></a> \u2014 of me; <a href=\"/en/search/synonyms/?original=sy\u0101t\"><em>sy\u0101t</em></a> \u2014 there may be; <a href=\"/en/search/synonyms/?original=kim\"><em>kim</em></a> \u2014 why; <a href=\"/en/search/synonyms/?original=\u0101\u015braya\u1e25\"><em>\u0101\u015braya\u1e25</em></a> \u2014 shelter; <a href=\"/en/search/synonyms/?original=me\"><em>me</em></a> \u2014 of me; <a href=\"/en/search/synonyms/?original=stava\u1e25\"><em>stava\u1e25</em></a> \u2014 praise; <a href=\"/en/search/synonyms/?original=e\u1e63a\u1e25\"><em>e\u1e63a\u1e25</em></a> \u2014 this; <a href=\"/en/search/synonyms/?original=yojyat\u0101m\"><em>yojyat\u0101m</em></a> \u2014 may be applied; <a href=\"/en/search/synonyms/?original=m\u0101\"><em>m\u0101</em></a> \u2014 never; <a href=\"/en/search/synonyms/?original=mayi\"><em>mayi</em></a> \u2014 unto me; <a href=\"/en/search/synonyms/?original=abh\u016bvan\"><em>abh\u016bvan</em></a> \u2014 were; <a href=\"/en/search/synonyms/?original=vitath\u0101\u1e25\"><em>vitath\u0101\u1e25</em></a> \u2014 in vain; <a href=\"/en/search/synonyms/?original=gira\u1e25\"><em>gira\u1e25</em></a> \u2014 words; <a href=\"/en/search/synonyms/?original=va\u1e25\"><em>va\u1e25</em></a> \u2014 your.</p>", "translation": "<p><strong>King P\u1e5bthu said: O gentle s\u016bta, m\u0101gadha and other devotee offering prayers, the qualities of which you have spoken are not distinct in me. Why then should you praise me for all these qualities when I do not shelter these features? I do not wish for these words meant for me to go in vain, but it is better that they be offered to someone else.</strong></p>", "purport": "<h2 class=\"section-title\">Purport</h2>\n<div class=\"r r-lang-en r-paragraph\" id=\"bb31000\"><p>The prayers and praises by the <i>s\u016bta, m\u0101gadha</i> and <i>vand\u012b</i> all explained the godly qualities of Mah\u0101r\u0101ja P\u1e5bthu, for he was a <i>\u015bakty\u0101ve\u015ba</i> incarnation of the Supreme Personality of Godhead. Because the qualities were not yet manifest, however, King P\u1e5bthu very humbly asked why the devotees should praise him with such exalted words. He did not want anyone to offer him prayers or glorify him unless he possessed the real qualities of which they spoke. The offering of prayers was certainly appropriate, for he was an incarnation of Godhead, but he warned that one should not be accepted as an incarnation of the Personality of Godhead without having the godly qualities. At the present moment there are many so-called incarnations of the Personality of Godhead, but these are merely fools and rascals whom people accept as incarnations of God although they have no godly qualities. King P\u1e5bthu desired that his real characteristics in the future might justify such words of praise. Although there was no fault in the prayers offered, P\u1e5bthu Mah\u0101r\u0101ja indicated that such prayers should not be offered to an unfit person who pretends to be an incarnation of the Supreme Personality of Godhead.</p></div>"}, {"verseNbr": "<h1>\u015aB 4.15.23</h1>", "sanskritText": "\u0924\u0938\u094d\u092e\u093e\u0924\u094d\u092a\u0930\u094b\u0915\u094d\u0937\u0947\u093d\u0938\u094d\u092e\u0926\u0941\u092a\u0936\u094d\u0930\u0941\u0924\u093e\u0928\u094d\u092f\u0932\u0902<br/>\u0915\u0930\u093f\u0937\u094d\u092f\u0925 \u0938\u094d\u0924\u094b\u0924\u094d\u0930\u092e\u092a\u0940\u091a\u094d\u092f\u0935\u093e\u091a: \u0964<br/>\u0938\u0924\u094d\u092f\u0941\u0924\u094d\u0924\u092e\u0936\u094d\u0932\u094b\u0915\u0917\u0941\u0923\u093e\u0928\u0941\u0935\u093e\u0926\u0947<br/>\u091c\u0941\u0917\u0941\u092a\u094d\u0938\u093f\u0924\u0902 \u0928 \u0938\u094d\u0924\u0935\u092f\u0928\u094d\u0924\u093f \u0938\u092d\u094d\u092f\u093e: \u0965 \u0968\u0969 \u0965", "englishText": "<em><i>tasm\u0101t parok\u1e63e\u00a0\u2019smad-upa\u015brut\u0101ny ala\u1e41<br/>kari\u1e63yatha stotram ap\u012bcya-v\u0101ca\u1e25<br/>saty uttama\u015bloka-gu\u1e47\u0101nuv\u0101de<br/>jugupsita\u1e41 na stavayanti sabhy\u0101\u1e25</i></em>", "synonyms": "<p><a href=\"/en/search/synonyms/?original=tasm\u0101t\"><em>tasm\u0101t</em></a> \u2014 therefore; <a href=\"/en/search/synonyms/?original=parok\u1e63e\"><em>parok\u1e63e</em></a> \u2014 in some future time; <a href=\"/en/search/synonyms/?original=asmat\"><em>asmat</em></a> \u2014 my; <a href=\"/en/search/synonyms/?original=upa\u015brut\u0101ni\"><em>upa\u015brut\u0101ni</em></a> \u2014 about the qualities spoken of; <a href=\"/en/search/synonyms/?original=alam\"><em>alam</em></a> \u2014 sufficiently; <a href=\"/en/search/synonyms/?original=kari\u1e63yatha\"><em>kari\u1e63yatha</em></a> \u2014 you will be able to offer; <a href=\"/en/search/synonyms/?original=stotram\"><em>stotram</em></a> \u2014 prayers; <a href=\"/en/search/synonyms/?original=ap\u012bcya\"><em>ap\u012bcya</em></a>-<a href=\"/en/search/synonyms/?original=v\u0101ca\u1e25\"><em>v\u0101ca\u1e25</em></a> \u2014 O gentle reciters; <a href=\"/en/search/synonyms/?original=sati\"><em>sati</em></a> \u2014 being the proper engagement; <a href=\"/en/search/synonyms/?original=uttama\"><em>uttama</em></a>-<a href=\"/en/search/synonyms/?original=\u015bloka\"><em>\u015bloka</em></a> \u2014 of the Supreme Personality of Godhead; <a href=\"/en/search/synonyms/?original=gu\u1e47a\"><em>gu\u1e47a</em></a> \u2014 of the qualities; <a href=\"/en/search/synonyms/?original=anuv\u0101de\"><em>anuv\u0101de</em></a> \u2014 discussion; <a href=\"/en/search/synonyms/?original=jugupsitam\"><em>jugupsitam</em></a> \u2014 to an abominable person; <a href=\"/en/search/synonyms/?original=na\"><em>na</em></a> \u2014 never; <a href=\"/en/search/synonyms/?original=stavayanti\"><em>stavayanti</em></a> \u2014 offer prayers; <a href=\"/en/search/synonyms/?original=sabhy\u0101\u1e25\"><em>sabhy\u0101\u1e25</em></a> \u2014 persons who are gentle.</p>", "translation": "<p><strong>O gentle reciters, offer such prayers in due course of time, when the qualities of which you have spoken actually manifest themselves in me. The gentle who offer prayers to the Supreme Personality of Godhead do not attribute such qualities to a human being, who does not actually have them.</strong></p>", "purport": "<h2 class=\"section-title\">Purport</h2>\n<div class=\"r r-lang-en r-paragraph\" id=\"bb31005\"><p>Gentle devotees of the Supreme Personality of Godhead know perfectly well who is God and who is not. Nondevotee impersonalists, however, who have no idea what God is and who never offer prayers to the Supreme Personality of Godhead, are always interested in accepting a human being as God and offering such prayers to him. This is the difference between a devotee and a demon. Demons manufacture their own gods, or a demon himself claims to be God, following in the footsteps of R\u0101va\u1e47a and Hira\u1e47yaka\u015bipu. Although P\u1e5bthu Mah\u0101r\u0101ja was factually an incarnation of the Supreme Personality of Godhead, he rejected those praises because the qualities of the Supreme Person were not yet manifest in him. He wanted to stress that one who does not actually possess these qualities should not try to engage his followers and devotees in offering him glory for them, even though these qualities might be manifest in the future. If a man who does not factually possess the attributes of a great personality engages his followers in praising him with the expectation that such attributes will develop in the future, that sort of praise is actually an insult.</p></div>"}, {"verseNbr": "<h1>\u015aB 4.15.24</h1>", "sanskritText": "\u092e\u0939\u0926\u094d\u0917\u0941\u0923\u093e\u0928\u093e\u0924\u094d\u092e\u0928\u093f \u0915\u0930\u094d\u0924\u0941\u092e\u0940\u0936:<br/>\u0915: \u0938\u094d\u0924\u093e\u0935\u0915\u0948: \u0938\u094d\u0924\u093e\u0935\u092f\u0924\u0947\u093d\u0938\u0924\u094b\u093d\u092a\u093f \u0964<br/>\u0924\u0947\u093d\u0938\u094d\u092f\u093e\u092d\u0935\u093f\u0937\u094d\u092f\u0928\u094d\u0928\u093f\u0924\u093f \u0935\u093f\u092a\u094d\u0930\u0932\u092c\u094d\u0927\u094b<br/>\u091c\u0928\u093e\u0935\u0939\u093e\u0938\u0902 \u0915\u0941\u092e\u0924\u093f\u0930\u094d\u0928 \u0935\u0947\u0926 \u0965 \u0968\u096a \u0965", "englishText": "<em><i>mahad-gu\u1e47\u0101n \u0101tmani kartum \u012b\u015ba\u1e25<br/>ka\u1e25 st\u0101vakai\u1e25 st\u0101vayate\u00a0\u2019sato\u00a0\u2019pi<br/>te\u00a0\u2019sy\u0101bhavi\u1e63yann iti vipralabdho<br/>jan\u0101vah\u0101sa\u1e41 kumatir na veda</i></em>", "synonyms": "<p><a href=\"/en/search/synonyms/?original=mahat\"><em>mahat</em></a> \u2014 exalted; <a href=\"/en/search/synonyms/?original=gu\u1e47\u0101n\"><em>gu\u1e47\u0101n</em></a> \u2014 the qualities; <a href=\"/en/search/synonyms/?original=\u0101tmani\"><em>\u0101tmani</em></a> \u2014 in himself; <a href=\"/en/search/synonyms/?original=kartum\"><em>kartum</em></a> \u2014 to manifest; <a href=\"/en/search/synonyms/?original=\u012b\u015ba\u1e25\"><em>\u012b\u015ba\u1e25</em></a> \u2014 competent; <a href=\"/en/search/synonyms/?original=ka\u1e25\"><em>ka\u1e25</em></a> \u2014 who; <a href=\"/en/search/synonyms/?original=st\u0101vakai\u1e25\"><em>st\u0101vakai\u1e25</em></a> \u2014 by followers; <a href=\"/en/search/synonyms/?original=st\u0101vayate\"><em>st\u0101vayate</em></a> \u2014 causes to be praised; <a href=\"/en/search/synonyms/?original=asata\u1e25\"><em>asata\u1e25</em></a> \u2014 not existing; <a href=\"/en/search/synonyms/?original=api\"><em>api</em></a> \u2014 although; <a href=\"/en/search/synonyms/?original=te\"><em>te</em></a> \u2014 they; <a href=\"/en/search/synonyms/?original=asya\"><em>asya</em></a> \u2014 of him; <a href=\"/en/search/synonyms/?original=abhavi\u1e63yan\"><em>abhavi\u1e63yan</em></a> \u2014 might have been; <a href=\"/en/search/synonyms/?original=iti\"><em>iti</em></a> \u2014 thus; <a href=\"/en/search/synonyms/?original=vipralabdha\u1e25\"><em>vipralabdha\u1e25</em></a> \u2014 cheated; <a href=\"/en/search/synonyms/?original=jana\"><em>jana</em></a> \u2014 of people; <a href=\"/en/search/synonyms/?original=avah\u0101sam\"><em>avah\u0101sam</em></a> \u2014 insult; <a href=\"/en/search/synonyms/?original=kumati\u1e25\"><em>kumati\u1e25</em></a> \u2014 a fool; <a href=\"/en/search/synonyms/?original=na\"><em>na</em></a> \u2014 does not; <a href=\"/en/search/synonyms/?original=veda\"><em>veda</em></a> \u2014 know.</p>", "translation": "<p><strong>How could an intelligent man competent enough to possess such exalted qualities allow his followers to praise him if he did not actually have them? Praising a man by saying that if he were educated he might have become a great scholar or great personality is nothing but a process of cheating. A foolish person who agrees to accept such praise does not know that such words simply insult him.</strong></p>", "purport": "<h2 class=\"section-title\">Purport</h2>\n<div class=\"r r-lang-en r-paragraph\" id=\"bb31010\"><p>P\u1e5bthu Mah\u0101r\u0101ja was an incarnation of the Supreme Personality of Godhead, as Lord Brahm\u0101 and other demigods had already testified when they had presented the King with many heavenly gifts. Because he had just been coronated, however, he could not manifest his godly qualities in action. Therefore he was not willing to accept the praise of the devotees. So-called incarnations of Godhead should therefore take lessons from the behavior of King P\u1e5bthu. Demons without godly qualities should not accept false praise from their followers.</p></div>"}, {"verseNbr": "<h1>\u015aB 4.15.25</h1>", "sanskritText": "\u092a\u094d\u0930\u092d\u0935\u094b \u0939\u094d\u092f\u093e\u0924\u094d\u092e\u0928: \u0938\u094d\u0924\u094b\u0924\u094d\u0930\u0902 \u091c\u0941\u0917\u0941\u092a\u094d\u0938\u0928\u094d\u0924\u094d\u092f\u092a\u093f \u0935\u093f\u0936\u094d\u0930\u0941\u0924\u093e: \u0964<br/>\u0939\u094d\u0930\u0940\u092e\u0928\u094d\u0924: \u092a\u0930\u092e\u094b\u0926\u093e\u0930\u093e: \u092a\u094c\u0930\u0941\u0937\u0902 \u0935\u093e \u0935\u093f\u0917\u0930\u094d\u0939\u093f\u0924\u092e\u094d \u0965 \u0968\u096b \u0965", "englishText": "<em><i>prabhavo hy \u0101tmana\u1e25 stotra\u1e41<br/>jugupsanty api vi\u015brut\u0101\u1e25<br/>hr\u012bmanta\u1e25 paramod\u0101r\u0101\u1e25<br/>pauru\u1e63a\u1e41 v\u0101 vigarhitam</i></em>", "synonyms": "<p><a href=\"/en/search/synonyms/?original=prabhava\u1e25\"><em>prabhava\u1e25</em></a> \u2014 very powerful persons; <a href=\"/en/search/synonyms/?original=hi\"><em>hi</em></a> \u2014 certainly; <a href=\"/en/search/synonyms/?original=\u0101tmana\u1e25\"><em>\u0101tmana\u1e25</em></a> \u2014 of themselves; <a href=\"/en/search/synonyms/?original=stotram\"><em>stotram</em></a> \u2014 praise; <a href=\"/en/search/synonyms/?original=jugupsanti\"><em>jugupsanti</em></a> \u2014 do not like; <a href=\"/en/search/synonyms/?original=api\"><em>api</em></a> \u2014 although; <a href=\"/en/search/synonyms/?original=vi\u015brut\u0101\u1e25\"><em>vi\u015brut\u0101\u1e25</em></a> \u2014 very famous; <a href=\"/en/search/synonyms/?original=hr\u012b\"><em>hr\u012b</em></a>-<a href=\"/en/search/synonyms/?original=manta\u1e25\"><em>manta\u1e25</em></a> \u2014 modest; <a href=\"/en/search/synonyms/?original=parama\"><em>parama</em></a>-<a href=\"/en/search/synonyms/?original=ud\u0101r\u0101\u1e25\"><em>ud\u0101r\u0101\u1e25</em></a> \u2014 very magnanimous persons; <a href=\"/en/search/synonyms/?original=pauru\u1e63am\"><em>pauru\u1e63am</em></a> \u2014 powerful actions; <a href=\"/en/search/synonyms/?original=v\u0101\"><em>v\u0101</em></a> \u2014 also; <a href=\"/en/search/synonyms/?original=vigarhitam\"><em>vigarhitam</em></a> \u2014 abominable.</p>", "translation": "<p><strong>As a person with a sense of honor and magnanimity does not like to hear about his abominable actions, a person who is very famous and powerful does not like to hear himself praised.</strong></p>", "purport": null}, {"verseNbr": "<h1>\u015aB 4.15.26</h1>", "sanskritText": "\u0935\u092f\u0902 \u0924\u094d\u0935\u0935\u093f\u0926\u093f\u0924\u093e \u0932\u094b\u0915\u0947 \u0938\u0942\u0924\u093e\u0926\u094d\u092f\u093e\u092a\u093f \u0935\u0930\u0940\u092e\u092d\u093f: \u0964<br/>\u0915\u0930\u094d\u092e\u092d\u093f: \u0915\u0925\u092e\u093e\u0924\u094d\u092e\u093e\u0928\u0902 \u0917\u093e\u092a\u092f\u093f\u0937\u094d\u092f\u093e\u092e \u092c\u093e\u0932\u0935\u0924\u094d \u0965 \u0968\u096c \u0965", "englishText": "<em><i>vaya\u1e41 tv avidit\u0101 loke<br/>s\u016bt\u0101dy\u0101pi var\u012bmabhi\u1e25<br/>karmabhi\u1e25 katham \u0101tm\u0101na\u1e41<br/>g\u0101payi\u1e63y\u0101ma b\u0101lavat</i></em>", "synonyms": "<p><a href=\"/en/search/synonyms/?original=vayam\"><em>vayam</em></a> \u2014 we; <a href=\"/en/search/synonyms/?original=tu\"><em>tu</em></a> \u2014 then; <a href=\"/en/search/synonyms/?original=avidit\u0101\u1e25\"><em>avidit\u0101\u1e25</em></a> \u2014 not famous; <a href=\"/en/search/synonyms/?original=loke\"><em>loke</em></a> \u2014 in the world; <a href=\"/en/search/synonyms/?original=s\u016bta\"><em>s\u016bta</em></a>-<a href=\"/en/search/synonyms/?original=\u0101dya\"><em>\u0101dya</em></a> \u2014 O persons headed by the <em>s\u016bta</em>; <a href=\"/en/search/synonyms/?original=api\"><em>api</em></a> \u2014 just now; <a href=\"/en/search/synonyms/?original=var\u012bmabhi\u1e25\"><em>var\u012bmabhi\u1e25</em></a> \u2014 great, praiseworthy; <a href=\"/en/search/synonyms/?original=karmabhi\u1e25\"><em>karmabhi\u1e25</em></a> \u2014 by actions; <a href=\"/en/search/synonyms/?original=katham\"><em>katham</em></a> \u2014 how; <a href=\"/en/search/synonyms/?original=\u0101tm\u0101nam\"><em>\u0101tm\u0101nam</em></a> \u2014 unto myself; <a href=\"/en/search/synonyms/?original=g\u0101payi\u1e63y\u0101ma\"><em>g\u0101payi\u1e63y\u0101ma</em></a> \u2014 I shall engage you in offering; <a href=\"/en/search/synonyms/?original=b\u0101lavat\"><em>b\u0101lavat</em></a> \u2014 like children.</p>", "translation": "<p><strong>King P\u1e5bthu continued: My dear devotees, headed by the s\u016bta, just now I am not very famous for my personal activities because I have not done anything praiseworthy you could glorify. Therefore how could I engage you in praising my activities exactly like children?</strong></p>", "purport": "<h2 class=\"section-title\">Purport</h2>\n<div class=\"r r-lang-en r-paragraph-thus-ends\" id=\"bb31019\"><p><i>Thus end the Bhaktivedanta purports of the Fourth Canto, Fifteenth Chapter, of the</i> <a href=\"/en/library/sb/\">\u015ar\u012bmad-Bh\u0101gavatam</a>, <i>entitled \u201cKing P\u1e5bthu\u2019s Appearance and Coronation.\u201d</i></p></div>"}]}