{"verseNbrs": ["1", "2", "3", "4", "5", "6", "7", "8", "9", "10", "11", "12", "13", "14", "15", "16", "17", "18", "19", "20", "21", "22", "23", "24", "25", "26", "27", "28", "29", "30", "31"], "totalVerses": 31, "name": "<h1>Victory of Hira\u1e47y\u0101k\u1e63a Over All the Directions of the Universe</h1>", "verses": [{"verseNbr": "<h1>\u015aB 3.17.1</h1>", "sanskritText": "\u092e\u0948\u0924\u094d\u0930\u0947\u092f \u0909\u0935\u093e\u091a<br/>\u0928\u093f\u0936\u092e\u094d\u092f\u093e\u0924\u094d\u092e\u092d\u0941\u0935\u093e \u0917\u0940\u0924\u0902 \u0915\u093e\u0930\u0923\u0902 \u0936\u0919\u094d\u0915\u092f\u094b\u091c\u094d\u091d\u093f\u0924\u093e: \u0964<br/>\u0924\u0924: \u0938\u0930\u094d\u0935\u0947 \u0928\u094d\u092f\u0935\u0930\u094d\u0924\u0928\u094d\u0924 \u0924\u094d\u0930\u093f\u0926\u093f\u0935\u093e\u092f \u0926\u093f\u0935\u094c\u0915\u0938: \u0965 \u0967 \u0965", "englishText": "<em>maitreya uv\u0101ca<br/><i>ni\u015bamy\u0101tma-bhuv\u0101 g\u012bta\u1e41<br/>k\u0101ra\u1e47a\u1e41 \u015ba\u1e45kayojjhit\u0101\u1e25<br/>tata\u1e25 sarve nyavartanta<br/>tridiv\u0101ya divaukasa\u1e25</i></em>", "synonyms": "<p><a href=\"/en/search/synonyms/?original=maitreya\u1e25\"><em>maitreya\u1e25</em></a> \u2014 the sage Maitreya; <a href=\"/en/search/synonyms/?original=uv\u0101ca\"><em>uv\u0101ca</em></a> \u2014 said; <a href=\"/en/search/synonyms/?original=ni\u015bamya\"><em>ni\u015bamya</em></a> \u2014 upon hearing; <a href=\"/en/search/synonyms/?original=\u0101tma\"><em>\u0101tma</em></a>-<a href=\"/en/search/synonyms/?original=bhuv\u0101\"><em>bhuv\u0101</em></a> \u2014 by Brahm\u0101; <a href=\"/en/search/synonyms/?original=g\u012btam\"><em>g\u012btam</em></a> \u2014 explanation; <a href=\"/en/search/synonyms/?original=k\u0101ra\u1e47am\"><em>k\u0101ra\u1e47am</em></a> \u2014 the cause; <a href=\"/en/search/synonyms/?original=\u015ba\u1e45kay\u0101\"><em>\u015ba\u1e45kay\u0101</em></a> \u2014 from fear; <a href=\"/en/search/synonyms/?original=ujjhit\u0101\u1e25\"><em>ujjhit\u0101\u1e25</em></a> \u2014 freed; <a href=\"/en/search/synonyms/?original=tata\u1e25\"><em>tata\u1e25</em></a> \u2014 then; <a href=\"/en/search/synonyms/?original=sarve\"><em>sarve</em></a> \u2014 all; <a href=\"/en/search/synonyms/?original=nyavartanta\"><em>nyavartanta</em></a> \u2014 returned; <a href=\"/en/search/synonyms/?original=tri\"><em>tri</em></a>-<a href=\"/en/search/synonyms/?original=div\u0101ya\"><em>div\u0101ya</em></a> \u2014 to the heavenly planets; <a href=\"/en/search/synonyms/?original=diva\"><em>diva</em></a>-<a href=\"/en/search/synonyms/?original=okasa\u1e25\"><em>okasa\u1e25</em></a> \u2014 the demigods (who inhabit the higher planets).</p>", "translation": "<p><strong>\u015ar\u012b Maitreya said: The demigods, the inhabitants of the higher planets, were freed from all fear upon hearing the cause of the darkness explained by Brahm\u0101, who was born from Vi\u1e63\u1e47u. Thus they all returned to their respective planets.</strong></p>", "purport": "<h2 class=\"section-title\">Purport</h2>\n<div class=\"r r-lang-en r-paragraph\" id=\"bb23794\"><p>The demigods, who are denizens of higher planets, are also very much afraid of incidents such as the universe\u2019s becoming dark, and so they consulted Brahm\u0101. This indicates that the quality of fear exists for every living entity in the material world. The four principal activities of material existence are eating, sleeping, fearing and mating. The fear element exists also in the demigods. On every planet, even in the higher planetary systems, including the moon and the sun, as well as on this earth, the same principles of animal life exist. Otherwise, why are the demigods also afraid of the darkness? The difference between the demigods and ordinary human beings is that the demigods approach authority, whereas the inhabitants of this earth defy authority. If people would only approach the authority, then every adverse condition in this universe could be rectified. Arjuna was also disturbed on the Battlefield of Kuruk\u1e63etra, but he approached the authority, K\u1e5b\u1e63\u1e47a, and his problem was solved. The conclusive instruction of this incident is that we may be disturbed by some material condition, but if we approach the authority who can actually explain the matter, then our problem is solved. The demigods approached Brahm\u0101 for the meaning of the disturbance, and after hearing from him they were satisfied and returned home peacefully.</p></div>"}, {"verseNbr": "<h1>\u015aB 3.17.2</h1>", "sanskritText": "\u0926\u093f\u0924\u093f\u0938\u094d\u0924\u0941 \u092d\u0930\u094d\u0924\u0941\u0930\u093e\u0926\u0947\u0936\u093e\u0926\u092a\u0924\u094d\u092f\u092a\u0930\u093f\u0936\u0919\u094d\u0915\u093f\u0928\u0940 \u0964<br/>\u092a\u0942\u0930\u094d\u0923\u0947<br/>\u0935\u0930\u094d\u0937\u0936\u0924\u0947 \u0938\u093e\u0927\u094d\u0935\u0940 \u092a\u0941\u0924\u094d\u0930\u094c \u092a\u094d\u0930\u0938\u0941\u0937\u0941\u0935\u0947 \u092f\u092e\u094c \u0965 \u0968 \u0965", "englishText": "<em><i>ditis tu bhartur \u0101de\u015b\u0101d<br/>apatya-pari\u015ba\u1e45kin\u012b<br/>p\u016br\u1e47e var\u1e63a-\u015bate s\u0101dhv\u012b<br/>putrau prasu\u1e63uve yamau</i></em>", "synonyms": "<p><a href=\"/en/search/synonyms/?original=diti\u1e25\"><em>diti\u1e25</em></a> \u2014 Diti; <a href=\"/en/search/synonyms/?original=tu\"><em>tu</em></a> \u2014 but; <a href=\"/en/search/synonyms/?original=bhartu\u1e25\"><em>bhartu\u1e25</em></a> \u2014 of her husband; <a href=\"/en/search/synonyms/?original=\u0101de\u015b\u0101t\"><em>\u0101de\u015b\u0101t</em></a> \u2014 by the order; <a href=\"/en/search/synonyms/?original=apatya\"><em>apatya</em></a> \u2014 from her children; <a href=\"/en/search/synonyms/?original=pari\u015ba\u1e45kin\u012b\"><em>pari\u015ba\u1e45kin\u012b</em></a> \u2014 being apprehensive of trouble; <a href=\"/en/search/synonyms/?original=p\u016br\u1e47e\"><em>p\u016br\u1e47e</em></a> \u2014 full; <a href=\"/en/search/synonyms/?original=var\u1e63a\"><em>var\u1e63a</em></a>-<a href=\"/en/search/synonyms/?original=\u015bate\"><em>\u015bate</em></a> \u2014 after one hundred years; <a href=\"/en/search/synonyms/?original=s\u0101dhv\u012b\"><em>s\u0101dhv\u012b</em></a> \u2014 the virtuous lady; <a href=\"/en/search/synonyms/?original=putrau\"><em>putrau</em></a> \u2014 two sons; <a href=\"/en/search/synonyms/?original=prasu\u1e63uve\"><em>prasu\u1e63uve</em></a> \u2014 begot; <a href=\"/en/search/synonyms/?original=yamau\"><em>yamau</em></a> \u2014 twins.</p>", "translation": "<p><strong>The virtuous lady Diti had been very apprehensive of trouble to the gods from the children in her womb, and her husband predicted the same. She brought forth twin sons after a full one hundred years of pregnancy.</strong></p>", "purport": null}, {"verseNbr": "<h1>\u015aB 3.17.3</h1>", "sanskritText": "\u0909\u0924\u094d\u092a\u093e\u0924\u093e \u092c\u0939\u0935\u0938\u094d\u0924\u0924\u094d\u0930 \u0928\u093f\u092a\u0947\u0924\u0941\u0930\u094d\u091c\u093e\u092f\u092e\u093e\u0928\u092f\u094b: \u0964<br/>\u0926\u093f\u0935\u093f<br/>\u092d\u0941\u0935\u094d\u092f\u0928\u094d\u0924\u0930\u093f\u0915\u094d\u0937\u0947 \u091a \u0932\u094b\u0915\u0938\u094d\u092f\u094b\u0930\u0941\u092d\u092f\u093e\u0935\u0939\u093e: \u0965 \u0969 \u0965", "englishText": "<em><i>utp\u0101t\u0101 bahavas tatra<br/>nipetur j\u0101yam\u0101nayo\u1e25<br/>divi bhuvy antarik\u1e63e ca<br/>lokasyoru-bhay\u0101vah\u0101\u1e25</i></em>", "synonyms": "<p><a href=\"/en/search/synonyms/?original=utp\u0101t\u0101\u1e25\"><em>utp\u0101t\u0101\u1e25</em></a> \u2014 natural disturbances; <a href=\"/en/search/synonyms/?original=bahava\u1e25\"><em>bahava\u1e25</em></a> \u2014 many; <a href=\"/en/search/synonyms/?original=tatra\"><em>tatra</em></a> \u2014 there; <a href=\"/en/search/synonyms/?original=nipetu\u1e25\"><em>nipetu\u1e25</em></a> \u2014 occurred; <a href=\"/en/search/synonyms/?original=j\u0101yam\u0101nayo\u1e25\"><em>j\u0101yam\u0101nayo\u1e25</em></a> \u2014 on their birth; <a href=\"/en/search/synonyms/?original=divi\"><em>divi</em></a> \u2014 in the heavenly planets; <a href=\"/en/search/synonyms/?original=bhuvi\"><em>bhuvi</em></a> \u2014 on the earth; <a href=\"/en/search/synonyms/?original=antarik\u1e63e\"><em>antarik\u1e63e</em></a> \u2014 in outer space; <a href=\"/en/search/synonyms/?original=ca\"><em>ca</em></a> \u2014 and; <a href=\"/en/search/synonyms/?original=lokasya\"><em>lokasya</em></a> \u2014 to the world; <a href=\"/en/search/synonyms/?original=uru\"><em>uru</em></a> \u2014 greatly; <a href=\"/en/search/synonyms/?original=bhaya\"><em>bhaya</em></a>-<a href=\"/en/search/synonyms/?original=\u0101vah\u0101\u1e25\"><em>\u0101vah\u0101\u1e25</em></a> \u2014 causing fear.</p>", "translation": "<p><strong>On the birth of the two demons there were many natural disturbances, all very fearful and wonderful, in the heavenly planets, the earthly planets and in between them.</strong></p>", "purport": null}, {"verseNbr": "<h1>\u015aB 3.17.4</h1>", "sanskritText": "\u0938\u0939\u093e\u091a\u0932\u093e \u092d\u0941\u0935\u0936\u094d\u091a\u0947\u0932\u0941\u0930\u094d\u0926\u093f\u0936: \u0938\u0930\u094d\u0935\u093e:<br/>\u092a\u094d\u0930\u091c\u091c\u094d\u0935\u0932\u0941: \u0964<br/>\u0938\u094b\u0932\u094d\u0915\u093e\u0936\u094d\u091a\u093e\u0936\u0928\u092f: \u092a\u0947\u0924\u0941: \u0915\u0947\u0924\u0935\u0936\u094d\u091a\u093e\u0930\u094d\u0924\u093f\u0939\u0947\u0924\u0935: \u0965 \u096a \u0965", "englishText": "<em><i>sah\u0101cal\u0101 bhuva\u015b celur<br/>di\u015ba\u1e25 sarv\u0101\u1e25 prajajvalu\u1e25<br/>solk\u0101\u015b c\u0101\u015banaya\u1e25 petu\u1e25<br/>ketava\u015b c\u0101rti-hetava\u1e25</i></em>", "synonyms": "<p><a href=\"/en/search/synonyms/?original=saha\"><em>saha</em></a> \u2014 along with; <a href=\"/en/search/synonyms/?original=acal\u0101\u1e25\"><em>acal\u0101\u1e25</em></a> \u2014 the mountains; <a href=\"/en/search/synonyms/?original=bhuva\u1e25\"><em>bhuva\u1e25</em></a> \u2014 of the earth; <a href=\"/en/search/synonyms/?original=celu\u1e25\"><em>celu\u1e25</em></a> \u2014 shook; <a href=\"/en/search/synonyms/?original=di\u015ba\u1e25\"><em>di\u015ba\u1e25</em></a> \u2014 directions; <a href=\"/en/search/synonyms/?original=sarv\u0101\u1e25\"><em>sarv\u0101\u1e25</em></a> \u2014 all; <a href=\"/en/search/synonyms/?original=prajajvalu\u1e25\"><em>prajajvalu\u1e25</em></a> \u2014 blazed like fire; <a href=\"/en/search/synonyms/?original=sa\"><em>sa</em></a> \u2014 with; <a href=\"/en/search/synonyms/?original=ulk\u0101\u1e25\"><em>ulk\u0101\u1e25</em></a> \u2014 meteors; <a href=\"/en/search/synonyms/?original=ca\"><em>ca</em></a> \u2014 and; <a href=\"/en/search/synonyms/?original=a\u015banaya\u1e25\"><em>a\u015banaya\u1e25</em></a> \u2014 thunderbolts; <a href=\"/en/search/synonyms/?original=petu\u1e25\"><em>petu\u1e25</em></a> \u2014 fell; <a href=\"/en/search/synonyms/?original=ketava\u1e25\"><em>ketava\u1e25</em></a> \u2014 comets; <a href=\"/en/search/synonyms/?original=ca\"><em>ca</em></a> \u2014 and; <a href=\"/en/search/synonyms/?original=\u0101rti\"><em>\u0101rti</em></a>-<a href=\"/en/search/synonyms/?original=hetava\u1e25\"><em>hetava\u1e25</em></a> \u2014 the cause of all inauspiciousness.</p>", "translation": "<p><strong>There were earthquakes along the mountains on the earth, and it appeared that there was fire everywhere. Many inauspicious planets like Saturn appeared, along with comets, meteors and thunderbolts.</strong></p>", "purport": "<h2 class=\"section-title\">Purport</h2>\n<div class=\"r r-lang-en r-paragraph\" id=\"bb23807\"><p>When natural disturbances occur on a planet, one should understand that a demon must have taken birth there. In the present age the number of demoniac people is increasing; therefore natural disturbances are also increasing. There is no doubt about this, as we can understand from the statements of the <i><a href=\"/en/library/sb/\">Bh\u0101gavatam</a>.</i></p></div>"}, {"verseNbr": "<h1>\u015aB 3.17.5</h1>", "sanskritText": "\u0935\u0935\u094c \u0935\u093e\u092f\u0941: \u0938\u0941\u0926\u0941:\u0938\u094d\u092a\u0930\u094d\u0936: \u092b\u0942\u0924\u094d\u0915\u093e\u0930\u093e\u0928\u0940\u0930\u092f\u0928\u094d\u092e\u0941\u0939\u0941: \u0964<br/>\u0909\u0928\u094d\u092e\u0942\u0932\u092f\u0928\u094d\u0928\u0917\u092a\u0924\u0940\u0928\u094d\u0935\u093e\u0924\u094d\u092f\u093e\u0928\u0940\u0915\u094b \u0930\u091c\u094b\u0927\u094d\u0935\u091c: \u0965 \u096b \u0965", "englishText": "<em><i>vavau v\u0101yu\u1e25 sudu\u1e25spar\u015ba\u1e25<br/>ph\u016bt-k\u0101r\u0101n \u012brayan muhu\u1e25<br/>unm\u016blayan naga-pat\u012bn<br/>v\u0101ty\u0101n\u012bko rajo-dhvaja\u1e25</i></em>", "synonyms": "<p><a href=\"/en/search/synonyms/?original=vavau\"><em>vavau</em></a> \u2014 blew; <a href=\"/en/search/synonyms/?original=v\u0101yu\u1e25\"><em>v\u0101yu\u1e25</em></a> \u2014 the winds; <a href=\"/en/search/synonyms/?original=su\"><em>su</em></a>-<a href=\"/en/search/synonyms/?original=du\u1e25spar\u015ba\u1e25\"><em>du\u1e25spar\u015ba\u1e25</em></a> \u2014 unpleasant to touch; <a href=\"/en/search/synonyms/?original=ph\u016bt\"><em>ph\u016bt</em></a>-<a href=\"/en/search/synonyms/?original=k\u0101r\u0101n\"><em>k\u0101r\u0101n</em></a> \u2014 hissing sounds; <a href=\"/en/search/synonyms/?original=\u012brayan\"><em>\u012brayan</em></a> \u2014 giving out; <a href=\"/en/search/synonyms/?original=muhu\u1e25\"><em>muhu\u1e25</em></a> \u2014 again and again; <a href=\"/en/search/synonyms/?original=unm\u016blayan\"><em>unm\u016blayan</em></a> \u2014 uprooting; <a href=\"/en/search/synonyms/?original=naga\"><em>naga</em></a>-<a href=\"/en/search/synonyms/?original=pat\u012bn\"><em>pat\u012bn</em></a> \u2014 gigantic trees; <a href=\"/en/search/synonyms/?original=v\u0101ty\u0101\"><em>v\u0101ty\u0101</em></a> \u2014 cyclonic air; <a href=\"/en/search/synonyms/?original=an\u012bka\u1e25\"><em>an\u012bka\u1e25</em></a> \u2014 armies; <a href=\"/en/search/synonyms/?original=raja\u1e25\"><em>raja\u1e25</em></a> \u2014 dust; <a href=\"/en/search/synonyms/?original=dhvaja\u1e25\"><em>dhvaja\u1e25</em></a> \u2014 ensigns.</p>", "translation": "<p><strong>There blew winds which were most uninviting to the touch, hissing again and again and uprooting gigantic trees. They had storms for their armies and clouds of dust for their ensigns.</strong></p>", "purport": "<h2 class=\"section-title\">Purport</h2>\n<div class=\"r r-lang-en r-paragraph\" id=\"bb23812\"><p>When there are natural disturbances like blowing cyclones, too much heat or snowfall, and uprooting of trees by hurricanes, it is to be understood that the demoniac population is increasing and so the natural disturbance is also taking place. There are many countries on the globe, even at the present moment, where all these disturbances are current. This is true all over the world. There is insufficient sunshine, and there are always clouds in the sky, snowfall and severe cold. These assure that such places are inhabited by demoniac people who are accustomed to all kinds of forbidden, sinful activity.</p></div>"}, {"verseNbr": "<h1>\u015aB 3.17.6</h1>", "sanskritText": "\u0909\u0926\u094d\u0927\u0938\u0924\u094d\u0924\u0921\u093f\u0926\u092e\u094d\u092d\u094b\u0926\u0918\u091f\u092f\u093e \u0928\u0937\u094d\u091f\u092d\u093e\u0917\u0923\u0947 \u0964<br/>\u0935\u094d\u092f\u094b\u092e\u094d\u0928\u093f \u092a\u094d\u0930\u0935\u093f\u0937\u094d\u091f\u0924\u092e\u0938\u093e \u0928 \u0938\u094d\u092e \u0935\u094d\u092f\u093e\u0926\u200d\u0943\u0936\u094d\u092f\u0924\u0947 \u092a\u0926\u092e\u094d \u0965 \u096c \u0965", "englishText": "<em><i>uddhasat-ta\u1e0did-ambhoda-<br/>gha\u1e6day\u0101 na\u1e63\u1e6da-bh\u0101ga\u1e47e<br/>vyomni pravi\u1e63\u1e6da-tamas\u0101<br/>na sma vy\u0101d\u1e5b\u015byate padam</i></em>", "synonyms": "<p><a href=\"/en/search/synonyms/?original=uddhasat\"><em>uddhasat</em></a> \u2014 laughing loudly; <a href=\"/en/search/synonyms/?original=ta\u1e0dit\"><em>ta\u1e0dit</em></a> \u2014 lightning; <a href=\"/en/search/synonyms/?original=ambhoda\"><em>ambhoda</em></a> \u2014 of clouds; <a href=\"/en/search/synonyms/?original=gha\u1e6day\u0101\"><em>gha\u1e6day\u0101</em></a> \u2014 by masses; <a href=\"/en/search/synonyms/?original=na\u1e63\u1e6da\"><em>na\u1e63\u1e6da</em></a> \u2014 lost; <a href=\"/en/search/synonyms/?original=bh\u0101\"><em>bh\u0101</em></a>-<a href=\"/en/search/synonyms/?original=ga\u1e47e\"><em>ga\u1e47e</em></a> \u2014 the luminaries; <a href=\"/en/search/synonyms/?original=vyomni\"><em>vyomni</em></a> \u2014 in the sky; <a href=\"/en/search/synonyms/?original=pravi\u1e63\u1e6da\"><em>pravi\u1e63\u1e6da</em></a> \u2014 enveloped; <a href=\"/en/search/synonyms/?original=tamas\u0101\"><em>tamas\u0101</em></a> \u2014 by darkness; <a href=\"/en/search/synonyms/?original=na\"><em>na</em></a> \u2014 not; <a href=\"/en/search/synonyms/?original=sma\"><em>sma</em></a> <a href=\"/en/search/synonyms/?original=vy\u0101d\u1e5b\u015byate\"><em>vy\u0101d\u1e5b\u015byate</em></a> \u2014 could be seen; <a href=\"/en/search/synonyms/?original=padam\"><em>padam</em></a> \u2014 any place.</p>", "translation": "<p><strong>The luminaries in the heavens were screened by masses of clouds, in which lightning sometimes flashed as though laughing. Darkness reigned everywhere, and nothing could be seen.</strong></p>", "purport": null}, {"verseNbr": "<h1>\u015aB 3.17.7</h1>", "sanskritText": "\u091a\u0941\u0915\u094d\u0930\u094b\u0936 \u0935\u093f\u092e\u0928\u093e \u0935\u093e\u0930\u094d\u0927\u093f\u0930\u0941\u0926\u0942\u0930\u094d\u092e\u093f: \u0915\u094d\u0937\u0941\u092d\u093f\u0924\u094b\u0926\u0930: \u0964<br/>\u0938\u094b\u0926\u092a\u093e\u0928\u093e\u0936\u094d\u091a \u0938\u0930\u093f\u0924\u0936\u094d\u091a\u0941\u0915\u094d\u0937\u0941\u092d\u0941: \u0936\u0941\u0937\u094d\u0915\u092a\u0919\u094d\u0915\u091c\u093e: \u0965 \u096d \u0965", "englishText": "<em><i>cukro\u015ba viman\u0101 v\u0101rdhir<br/>ud\u016brmi\u1e25 k\u1e63ubhitodara\u1e25<br/>sodap\u0101n\u0101\u015b ca sarita\u015b<br/>cuk\u1e63ubhu\u1e25 \u015bu\u1e63ka-pa\u1e45kaj\u0101\u1e25</i></em>", "synonyms": "<p><a href=\"/en/search/synonyms/?original=cukro\u015ba\"><em>cukro\u015ba</em></a> \u2014 wailed aloud; <a href=\"/en/search/synonyms/?original=viman\u0101\u1e25\"><em>viman\u0101\u1e25</em></a> \u2014 stricken with sorrow; <a href=\"/en/search/synonyms/?original=v\u0101rdhi\u1e25\"><em>v\u0101rdhi\u1e25</em></a> \u2014 the ocean; <a href=\"/en/search/synonyms/?original=ud\u016brmi\u1e25\"><em>ud\u016brmi\u1e25</em></a> \u2014 high waves; <a href=\"/en/search/synonyms/?original=k\u1e63ubhita\"><em>k\u1e63ubhita</em></a> \u2014 agitated; <a href=\"/en/search/synonyms/?original=udara\u1e25\"><em>udara\u1e25</em></a> \u2014 the creatures inside; <a href=\"/en/search/synonyms/?original=sa\"><em>sa</em></a>-<a href=\"/en/search/synonyms/?original=udap\u0101n\u0101\u1e25\"><em>udap\u0101n\u0101\u1e25</em></a> \u2014 with the drinking water of the lakes and the wells; <a href=\"/en/search/synonyms/?original=ca\"><em>ca</em></a> \u2014 and; <a href=\"/en/search/synonyms/?original=sarita\u1e25\"><em>sarita\u1e25</em></a> \u2014 the rivers; <a href=\"/en/search/synonyms/?original=cuk\u1e63ubhu\u1e25\"><em>cuk\u1e63ubhu\u1e25</em></a> \u2014 were agitated; <a href=\"/en/search/synonyms/?original=\u015bu\u1e63ka\"><em>\u015bu\u1e63ka</em></a> \u2014 withered; <a href=\"/en/search/synonyms/?original=pa\u1e45kaj\u0101\u1e25\"><em>pa\u1e45kaj\u0101\u1e25</em></a> \u2014 lotus flowers.</p>", "translation": "<p><strong>The ocean with its high waves wailed aloud as if stricken with sorrow, and there was a commotion among the creatures inhabiting the ocean. The rivers and lakes were also agitated, and lotuses withered.</strong></p>", "purport": null}, {"verseNbr": "<h1>\u015aB 3.17.8</h1>", "sanskritText": "\u092e\u0941\u0939\u0941: \u092a\u0930\u093f\u0927\u092f\u094b\u093d\u092d\u0942\u0935\u0928\u094d \u0938\u0930\u093e\u0939\u094d\u0935\u094b: \u0936\u0936\u093f\u0938\u0942\u0930\u094d\u092f\u092f\u094b: \u0964<br/>\u0928\u093f\u0930\u094d\u0918\u093e\u0924\u093e \u0930\u0925\u0928\u093f\u0930\u094d\u0939\u094d\u0930\u093e\u0926\u093e \u0935\u093f\u0935\u0930\u0947\u092d\u094d\u092f: \u092a\u094d\u0930\u091c\u091c\u094d\u091e\u093f\u0930\u0947 \u0965 \u096e \u0965", "englishText": "<em><i>muhu\u1e25 paridhayo\u00a0\u2019bh\u016bvan<br/>sar\u0101hvo\u1e25 \u015ba\u015bi-s\u016bryayo\u1e25<br/>nirgh\u0101t\u0101 ratha-nirhr\u0101d\u0101<br/>vivarebhya\u1e25 prajaj\u00f1ire</i></em>", "synonyms": "<p><a href=\"/en/search/synonyms/?original=muhu\u1e25\"><em>muhu\u1e25</em></a> \u2014 again and again; <a href=\"/en/search/synonyms/?original=paridhaya\u1e25\"><em>paridhaya\u1e25</em></a> \u2014 misty halos; <a href=\"/en/search/synonyms/?original=abh\u016bvan\"><em>abh\u016bvan</em></a> \u2014 appeared; <a href=\"/en/search/synonyms/?original=sa\"><em>sa</em></a>-<a href=\"/en/search/synonyms/?original=r\u0101hvo\u1e25\"><em>r\u0101hvo\u1e25</em></a> \u2014 during eclipses; <a href=\"/en/search/synonyms/?original=\u015ba\u015bi\"><em>\u015ba\u015bi</em></a> \u2014 of the moon; <a href=\"/en/search/synonyms/?original=s\u016bryayo\u1e25\"><em>s\u016bryayo\u1e25</em></a> \u2014 of the sun; <a href=\"/en/search/synonyms/?original=nirgh\u0101t\u0101\u1e25\"><em>nirgh\u0101t\u0101\u1e25</em></a> \u2014 claps of thunder; <a href=\"/en/search/synonyms/?original=ratha\"><em>ratha</em></a>-<a href=\"/en/search/synonyms/?original=nirhr\u0101d\u0101\u1e25\"><em>nirhr\u0101d\u0101\u1e25</em></a> \u2014 sounds like those of rattling chariots; <a href=\"/en/search/synonyms/?original=vivarebhya\u1e25\"><em>vivarebhya\u1e25</em></a> \u2014 from the mountain caves; <a href=\"/en/search/synonyms/?original=prajaj\u00f1ire\"><em>prajaj\u00f1ire</em></a> \u2014 were produced.</p>", "translation": "<p><strong>Misty halos appeared around the sun and the moon during solar and lunar eclipses again and again. Claps of thunder were heard even without clouds, and sounds like those of rattling chariots emerged from the mountain caves.</strong></p>", "purport": null}, {"verseNbr": "<h1>\u015aB 3.17.9</h1>", "sanskritText": "\u0905\u0928\u094d\u0924\u0930\u094d\u0917\u094d\u0930\u093e\u092e\u0947\u0937\u0941 \u092e\u0941\u0916\u0924\u094b \u0935\u092e\u0928\u094d\u0924\u094d\u092f\u094b \u0935\u0939\u094d\u0928\u093f\u092e\u0941\u0932\u094d\u092c\u0923\u092e\u094d \u0964<br/>\u0938\u0943\u0917\u093e\u0932\u094b\u0932\u0942\u0915\u091f\u0919\u094d\u0915\u093e\u0930\u0948: \u092a\u094d\u0930\u0923\u0947\u0926\u0941\u0930\u0936\u093f\u0935\u0902 \u0936\u093f\u0935\u093e: \u0965 \u096f \u0965", "englishText": "<em><i>antar-gr\u0101me\u1e63u mukhato<br/>vamantyo vahnim ulba\u1e47am<br/>s\u1e5bg\u0101lol\u016bka-\u1e6da\u1e45k\u0101rai\u1e25<br/>pra\u1e47edur a\u015biva\u1e41 \u015biv\u0101\u1e25</i></em>", "synonyms": "<p><a href=\"/en/search/synonyms/?original=anta\u1e25\"><em>anta\u1e25</em></a> \u2014 in the interior; <a href=\"/en/search/synonyms/?original=gr\u0101me\u1e63u\"><em>gr\u0101me\u1e63u</em></a> \u2014 in the villages; <a href=\"/en/search/synonyms/?original=mukhata\u1e25\"><em>mukhata\u1e25</em></a> \u2014 from their mouths; <a href=\"/en/search/synonyms/?original=vamantya\u1e25\"><em>vamantya\u1e25</em></a> \u2014 vomiting; <a href=\"/en/search/synonyms/?original=vahnim\"><em>vahnim</em></a> \u2014 fire; <a href=\"/en/search/synonyms/?original=ulba\u1e47am\"><em>ulba\u1e47am</em></a> \u2014 fearful; <a href=\"/en/search/synonyms/?original=s\u1e5bg\u0101la\"><em>s\u1e5bg\u0101la</em></a> \u2014 jackals; <a href=\"/en/search/synonyms/?original=ul\u016bka\"><em>ul\u016bka</em></a> \u2014 owls; <a href=\"/en/search/synonyms/?original=\u1e6da\u1e45k\u0101rai\u1e25\"><em>\u1e6da\u1e45k\u0101rai\u1e25</em></a> \u2014 with their cries; <a href=\"/en/search/synonyms/?original=pra\u1e47edu\u1e25\"><em>pra\u1e47edu\u1e25</em></a> \u2014 created their respective vibrations; <a href=\"/en/search/synonyms/?original=a\u015bivam\"><em>a\u015bivam</em></a> \u2014 portentously; <a href=\"/en/search/synonyms/?original=\u015biv\u0101\u1e25\"><em>\u015biv\u0101\u1e25</em></a> \u2014 the she-jackals.</p>", "translation": "<p><strong>In the interior of the villages she-jackals yelled portentously, vomiting strong fire from their mouths, and jackals and owls also joined them with their cries.</strong></p>", "purport": null}, {"verseNbr": "<h1>\u015aB 3.17.10</h1>", "sanskritText": "\u0938\u0919\u094d\u0917\u0940\u0924\u0935\u0926\u094d\u0930\u094b\u0926\u0928\u0935\u0926\u0941\u0928\u094d\u0928\u092e\u092f\u094d\u092f \u0936\u093f\u0930\u094b\u0927\u0930\u093e\u092e\u094d \u0964<br/>\u0935\u094d\u092f\u092e\u0941\u091e\u094d\u091a\u0928\u094d \u0935\u093f\u0935\u093f\u0927\u093e \u0935\u093e\u091a\u094b \u0917\u094d\u0930\u093e\u092e\u0938\u093f\u0902\u0939\u093e\u0938\u094d\u0924\u0924\u0938\u094d\u0924\u0924: \u0965 \u0967\u0966 \u0965", "englishText": "<em><i>sa\u1e45g\u012btavad rodanavad<br/>unnamayya \u015birodhar\u0101m<br/>vyamu\u00f1can vividh\u0101 v\u0101co<br/>gr\u0101ma-si\u1e41h\u0101s tatas tata\u1e25</i></em>", "synonyms": "<p><a href=\"/en/search/synonyms/?original=sa\u1e45g\u012bta\"><em>sa\u1e45g\u012bta</em></a>-<a href=\"/en/search/synonyms/?original=vat\"><em>vat</em></a> \u2014 like singing; <a href=\"/en/search/synonyms/?original=rodana\"><em>rodana</em></a>-<a href=\"/en/search/synonyms/?original=vat\"><em>vat</em></a> \u2014 like wailing; <a href=\"/en/search/synonyms/?original=unnamayya\"><em>unnamayya</em></a> \u2014 raising; <a href=\"/en/search/synonyms/?original=\u015birodhar\u0101m\"><em>\u015birodhar\u0101m</em></a> \u2014 the neck; <a href=\"/en/search/synonyms/?original=vyamu\u00f1can\"><em>vyamu\u00f1can</em></a> \u2014 uttered; <a href=\"/en/search/synonyms/?original=vividh\u0101\u1e25\"><em>vividh\u0101\u1e25</em></a> \u2014 various; <a href=\"/en/search/synonyms/?original=v\u0101ca\u1e25\"><em>v\u0101ca\u1e25</em></a> \u2014 cries; <a href=\"/en/search/synonyms/?original=gr\u0101ma\"><em>gr\u0101ma</em></a>-<a href=\"/en/search/synonyms/?original=si\u1e41h\u0101\u1e25\"><em>si\u1e41h\u0101\u1e25</em></a> \u2014 the dogs; <a href=\"/en/search/synonyms/?original=tata\u1e25\"><em>tata\u1e25</em></a> <a href=\"/en/search/synonyms/?original=tata\u1e25\"><em>tata\u1e25</em></a> \u2014 here and there.</p>", "translation": "<p><strong>Raising their necks, dogs cried here and there, now in the manner of singing and now of wailing.</strong></p>", "purport": null}, {"verseNbr": "<h1>\u015aB 3.17.11</h1>", "sanskritText": "\u0916\u0930\u093e\u0936\u094d\u091a \u0915\u0930\u094d\u0915\u0936\u0948: \u0915\u094d\u0937\u0924\u094d\u0924: \u0916\u0941\u0930\u0948\u0930\u094d\u0918\u094d\u0928\u0928\u094d\u0924\u094b \u0927\u0930\u093e\u0924\u0932\u092e\u094d \u0964<br/>\u0916\u093e\u0930\u094d\u0915\u093e\u0930\u0930\u092d\u0938\u093e \u092e\u0924\u094d\u0924\u093e: \u092a\u0930\u094d\u092f\u0927\u093e\u0935\u0928\u094d \u0935\u0930\u0942\u0925\u0936: \u0965 \u0967\u0967 \u0965", "englishText": "<em><i>khar\u0101\u015b ca karka\u015bai\u1e25 k\u1e63atta\u1e25<br/>khurair ghnanto dhar\u0101-talam<br/>kh\u0101rk\u0101ra-rabhas\u0101 matt\u0101\u1e25<br/>paryadh\u0101van var\u016btha\u015ba\u1e25</i></em>", "synonyms": "<p><a href=\"/en/search/synonyms/?original=khar\u0101\u1e25\"><em>khar\u0101\u1e25</em></a> \u2014 asses; <a href=\"/en/search/synonyms/?original=ca\"><em>ca</em></a> \u2014 and; <a href=\"/en/search/synonyms/?original=karka\u015bai\u1e25\"><em>karka\u015bai\u1e25</em></a> \u2014 hard; <a href=\"/en/search/synonyms/?original=k\u1e63atta\u1e25\"><em>k\u1e63atta\u1e25</em></a> \u2014 O Vidura; <a href=\"/en/search/synonyms/?original=khurai\u1e25\"><em>khurai\u1e25</em></a> \u2014 with their hooves; <a href=\"/en/search/synonyms/?original=ghnanta\u1e25\"><em>ghnanta\u1e25</em></a> \u2014 striking; <a href=\"/en/search/synonyms/?original=dhar\u0101\"><em>dhar\u0101</em></a>-<a href=\"/en/search/synonyms/?original=talam\"><em>talam</em></a> \u2014 the surface of the earth; <a href=\"/en/search/synonyms/?original=kh\u0101\u1e25\"><em>kh\u0101\u1e25</em></a>-<a href=\"/en/search/synonyms/?original=k\u0101ra\"><em>k\u0101ra</em></a> \u2014 braying; <a href=\"/en/search/synonyms/?original=rabhas\u0101\u1e25\"><em>rabhas\u0101\u1e25</em></a> \u2014 wildly engaged in; <a href=\"/en/search/synonyms/?original=matt\u0101\u1e25\"><em>matt\u0101\u1e25</em></a> \u2014 mad; <a href=\"/en/search/synonyms/?original=paryadh\u0101van\"><em>paryadh\u0101van</em></a> \u2014 ran hither and thither; <a href=\"/en/search/synonyms/?original=var\u016btha\u015ba\u1e25\"><em>var\u016btha\u015ba\u1e25</em></a> \u2014 in herds.</p>", "translation": "<p><strong>O Vidura, the asses ran hither and thither in herds, striking the earth with their hard hooves and wildly braying.</strong></p>", "purport": "<h2 class=\"section-title\">Purport</h2>\n<div class=\"r r-lang-en r-paragraph\" id=\"bb23837\"><p>Asses also feel very respectable as a race, and when they run in flocks hither and thither in so-called jollity, it is understood to be a bad sign for human society.</p></div>"}, {"verseNbr": "<h1>\u015aB 3.17.12</h1>", "sanskritText": "\u0930\u0941\u0926\u0928\u094d\u0924\u094b \u0930\u093e\u0938\u092d\u0924\u094d\u0930\u0938\u094d\u0924\u093e \u0928\u0940\u0921\u093e\u0926\u0941\u0926\u092a\u0924\u0928\u094d \u0916\u0917\u093e: \u0964<br/>\u0918\u094b\u0937\u0947\u093d\u0930\u0923\u094d\u092f\u0947 \u091a \u092a\u0936\u0935: \u0936\u0915\u0943\u0928\u094d\u092e\u0942\u0924\u094d\u0930\u092e\u0915\u0941\u0930\u094d\u0935\u0924 \u0965 \u0967\u0968 \u0965", "englishText": "<em><i>rudanto r\u0101sabha-trast\u0101<br/>n\u012b\u1e0d\u0101d udapatan khag\u0101\u1e25<br/>gho\u1e63e\u00a0\u2019ra\u1e47ye ca pa\u015bava\u1e25<br/>\u015bak\u1e5bn-m\u016btram akurvata</i></em>", "synonyms": "<p><a href=\"/en/search/synonyms/?original=rudanta\u1e25\"><em>rudanta\u1e25</em></a> \u2014 shrieking; <a href=\"/en/search/synonyms/?original=r\u0101sabha\"><em>r\u0101sabha</em></a> \u2014 by the asses; <a href=\"/en/search/synonyms/?original=trast\u0101\u1e25\"><em>trast\u0101\u1e25</em></a> \u2014 frightened; <a href=\"/en/search/synonyms/?original=n\u012b\u1e0d\u0101t\"><em>n\u012b\u1e0d\u0101t</em></a> \u2014 from the nest; <a href=\"/en/search/synonyms/?original=udapatan\"><em>udapatan</em></a> \u2014 flew up; <a href=\"/en/search/synonyms/?original=khag\u0101\u1e25\"><em>khag\u0101\u1e25</em></a> \u2014 birds; <a href=\"/en/search/synonyms/?original=gho\u1e63e\"><em>gho\u1e63e</em></a> \u2014 in the cowshed; <a href=\"/en/search/synonyms/?original=ara\u1e47ye\"><em>ara\u1e47ye</em></a> \u2014 in the woods; <a href=\"/en/search/synonyms/?original=ca\"><em>ca</em></a> \u2014 and; <a href=\"/en/search/synonyms/?original=pa\u015bava\u1e25\"><em>pa\u015bava\u1e25</em></a> \u2014 the cattle; <a href=\"/en/search/synonyms/?original=\u015bak\u1e5bt\"><em>\u015bak\u1e5bt</em></a> \u2014 dung; <a href=\"/en/search/synonyms/?original=m\u016btram\"><em>m\u016btram</em></a> \u2014 urine; <a href=\"/en/search/synonyms/?original=akurvata\"><em>akurvata</em></a> \u2014 passed.</p>", "translation": "<p><strong>Frightened by the braying of the asses, birds flew shrieking from their nests, while cattle in the cowsheds as well as in the woods passed dung and urine.</strong></p>", "purport": null}, {"verseNbr": "<h1>\u015aB 3.17.13</h1>", "sanskritText": "\u0917\u093e\u0935\u094b\u093d\u0924\u094d\u0930\u0938\u0928\u094d\u0928\u0938\u0943\u0917\u094d\u0926\u094b\u0939\u093e\u0938\u094d\u0924\u094b\u092f\u0926\u093e: \u092a\u0942\u092f\u0935\u0930\u094d\u0937\u093f\u0923: \u0964<br/>\u0935\u094d\u092f\u0930\u0941\u0926\u0928\u094d\u0926\u0947\u0935\u0932\u093f\u0919\u094d\u0917\u093e\u0928\u093f \u0926\u094d\u0930\u0941\u092e\u093e: \u092a\u0947\u0924\u0941\u0930\u094d\u0935\u093f\u0928\u093e\u0928\u093f\u0932\u092e\u094d \u0965 \u0967\u0969 \u0965", "englishText": "<em><i>g\u0101vo\u00a0\u2019trasann as\u1e5bg-doh\u0101s<br/>toyad\u0101\u1e25 p\u016bya-var\u1e63i\u1e47a\u1e25<br/>vyarudan deva-li\u1e45g\u0101ni<br/>drum\u0101\u1e25 petur vin\u0101nilam</i></em>", "synonyms": "<p><a href=\"/en/search/synonyms/?original=g\u0101va\u1e25\"><em>g\u0101va\u1e25</em></a> \u2014 the cows; <a href=\"/en/search/synonyms/?original=atrasan\"><em>atrasan</em></a> \u2014 were frightened; <a href=\"/en/search/synonyms/?original=as\u1e5bk\"><em>as\u1e5bk</em></a> \u2014 blood; <a href=\"/en/search/synonyms/?original=doh\u0101\u1e25\"><em>doh\u0101\u1e25</em></a> \u2014 yielding; <a href=\"/en/search/synonyms/?original=toyad\u0101\u1e25\"><em>toyad\u0101\u1e25</em></a> \u2014 clouds; <a href=\"/en/search/synonyms/?original=p\u016bya\"><em>p\u016bya</em></a> \u2014 pus; <a href=\"/en/search/synonyms/?original=var\u1e63i\u1e47a\u1e25\"><em>var\u1e63i\u1e47a\u1e25</em></a> \u2014 raining; <a href=\"/en/search/synonyms/?original=vyarudan\"><em>vyarudan</em></a> \u2014 shed tears; <a href=\"/en/search/synonyms/?original=deva\"><em>deva</em></a>-<a href=\"/en/search/synonyms/?original=li\u1e45g\u0101ni\"><em>li\u1e45g\u0101ni</em></a> \u2014 the images of the gods; <a href=\"/en/search/synonyms/?original=drum\u0101\u1e25\"><em>drum\u0101\u1e25</em></a> \u2014 trees; <a href=\"/en/search/synonyms/?original=petu\u1e25\"><em>petu\u1e25</em></a> \u2014 fell down; <a href=\"/en/search/synonyms/?original=vin\u0101\"><em>vin\u0101</em></a> \u2014 without; <a href=\"/en/search/synonyms/?original=anilam\"><em>anilam</em></a> \u2014 a blast of wind.</p>", "translation": "<p><strong>Cows, terrified, yielded blood in place of milk, clouds rained pus, the images of the gods in the temples shed tears, and trees fell down without a blast of wind.</strong></p>", "purport": null}, {"verseNbr": "<h1>\u015aB 3.17.14</h1>", "sanskritText": "\u0917\u094d\u0930\u0939\u093e\u0928\u094d \u092a\u0941\u0923\u094d\u092f\u0924\u092e\u093e\u0928\u0928\u094d\u092f\u0947 \u092d\u0917\u0923\u093e\u0902\u0936\u094d\u091a\u093e\u092a\u093f \u0926\u0940\u092a\u093f\u0924\u093e: \u0964<br/>\u0905\u0924\u093f\u091a\u0947\u0930\u0941\u0930\u094d\u0935\u0915\u094d\u0930\u0917\u0924\u094d\u092f\u093e \u092f\u0941\u092f\u0941\u0927\u0941\u0936\u094d\u091a \u092a\u0930\u0938\u094d\u092a\u0930\u092e\u094d \u0965 \u0967\u096a \u0965", "englishText": "<em><i>grah\u0101n pu\u1e47yatam\u0101n anye<br/>bhaga\u1e47\u0101\u1e41\u015b c\u0101pi d\u012bpit\u0101\u1e25<br/>aticerur vakra-gaty\u0101<br/>yuyudhu\u015b ca parasparam</i></em>", "synonyms": "<p><a href=\"/en/search/synonyms/?original=grah\u0101n\"><em>grah\u0101n</em></a> \u2014 planets; <a href=\"/en/search/synonyms/?original=pu\u1e47ya\"><em>pu\u1e47ya</em></a>-<a href=\"/en/search/synonyms/?original=tam\u0101n\"><em>tam\u0101n</em></a> \u2014 most auspicious; <a href=\"/en/search/synonyms/?original=anye\"><em>anye</em></a> \u2014 others (the ominous planets); <a href=\"/en/search/synonyms/?original=bha\"><em>bha</em></a>-<a href=\"/en/search/synonyms/?original=ga\u1e47\u0101n\"><em>ga\u1e47\u0101n</em></a> \u2014 luminaries; <a href=\"/en/search/synonyms/?original=ca\"><em>ca</em></a> \u2014 and; <a href=\"/en/search/synonyms/?original=api\"><em>api</em></a> \u2014 also; <a href=\"/en/search/synonyms/?original=d\u012bpit\u0101\u1e25\"><em>d\u012bpit\u0101\u1e25</em></a> \u2014 illuminating; <a href=\"/en/search/synonyms/?original=aticeru\u1e25\"><em>aticeru\u1e25</em></a> \u2014 overlapped; <a href=\"/en/search/synonyms/?original=vakra\"><em>vakra</em></a>-<a href=\"/en/search/synonyms/?original=gaty\u0101\"><em>gaty\u0101</em></a> \u2014 taking retrograde courses; <a href=\"/en/search/synonyms/?original=yuyudhu\u1e25\"><em>yuyudhu\u1e25</em></a> \u2014 came into conflict; <a href=\"/en/search/synonyms/?original=ca\"><em>ca</em></a> \u2014 and; <a href=\"/en/search/synonyms/?original=para\u1e25\"><em>para\u1e25</em></a>-<a href=\"/en/search/synonyms/?original=param\"><em>param</em></a> \u2014 with one another.</p>", "translation": "<p><strong>Ominous planets such as Mars and Saturn shone brighter and surpassed the auspicious ones such as Mercury, Jupiter and Venus as well as a number of lunar mansions. Taking seemingly retrograde courses, the planets came in conflict with one another.</strong></p>", "purport": "<h2 class=\"section-title\">Purport</h2>\n<div class=\"r r-lang-en r-paragraph\" id=\"bb23850\"><p>The entire universe is moving under the three modes of material nature. Those living entities who are in goodness are called the pious species \u2014 pious lands, pious trees, etc. It is similar with the planets also; many planets are considered pious, and others are considered impious. Saturn and Mars are considered impious. When the pious planets shine very brightly, it is an auspicious sign, but when the inauspicious planets shine very brightly, this is not a very good sign.</p></div>"}, {"verseNbr": "<h1>\u015aB 3.17.15</h1>", "sanskritText": "\u0926\u0943\u0937\u094d\u091f\u094d\u0935\u093e\u0928\u094d\u092f\u093e\u0902\u0936\u094d\u091a \u092e\u0939\u094b\u0924\u094d\u092a\u093e\u0924\u093e\u0928\u0924\u0924\u094d\u0924\u0924\u094d\u0924\u094d\u0935\u0935\u093f\u0926: \u092a\u094d\u0930\u091c\u093e: \u0964<br/>\u092c\u094d\u0930\u0939\u094d\u092e\u092a\u0941\u0924\u094d\u0930\u093e\u0928\u0943\u0924\u0947 \u092d\u0940\u0924\u093e \u092e\u0947\u0928\u093f\u0930\u0947 \u0935\u093f\u0936\u094d\u200d\u0935\u0938\u092e\u094d\u092a\u094d\u0932\u0935\u092e\u094d \u0965 \u0967\u096b \u0965", "englishText": "<em><i>d\u1e5b\u1e63\u1e6dv\u0101ny\u0101\u1e41\u015b ca mahotp\u0101t\u0101n<br/>atat-tattva-vida\u1e25 praj\u0101\u1e25<br/>brahma-putr\u0101n \u1e5bte bh\u012bt\u0101<br/>menire vi\u015bva-samplavam</i></em>", "synonyms": "<p><a href=\"/en/search/synonyms/?original=d\u1e5b\u1e63\u1e6dv\u0101\"><em>d\u1e5b\u1e63\u1e6dv\u0101</em></a> \u2014 having seen; <a href=\"/en/search/synonyms/?original=any\u0101n\"><em>any\u0101n</em></a> \u2014 others; <a href=\"/en/search/synonyms/?original=ca\"><em>ca</em></a> \u2014 and; <a href=\"/en/search/synonyms/?original=mah\u0101\"><em>mah\u0101</em></a> \u2014 great; <a href=\"/en/search/synonyms/?original=utp\u0101t\u0101n\"><em>utp\u0101t\u0101n</em></a> \u2014 evil omens; <a href=\"/en/search/synonyms/?original=a\"><em>a</em></a>-<a href=\"/en/search/synonyms/?original=tat\"><em>tat</em></a>-<a href=\"/en/search/synonyms/?original=tattva\"><em>tattva</em></a>-<a href=\"/en/search/synonyms/?original=vida\u1e25\"><em>vida\u1e25</em></a> \u2014 not knowing the secret (of the portents); <a href=\"/en/search/synonyms/?original=praj\u0101\u1e25\"><em>praj\u0101\u1e25</em></a> \u2014 people; <a href=\"/en/search/synonyms/?original=brahma\"><em>brahma</em></a>-<a href=\"/en/search/synonyms/?original=putr\u0101n\"><em>putr\u0101n</em></a> \u2014 the sons of Brahm\u0101 (the four Kum\u0101ras); <a href=\"/en/search/synonyms/?original=\u1e5bte\"><em>\u1e5bte</em></a> \u2014 except; <a href=\"/en/search/synonyms/?original=bh\u012bt\u0101\u1e25\"><em>bh\u012bt\u0101\u1e25</em></a> \u2014 being fearful; <a href=\"/en/search/synonyms/?original=menire\"><em>menire</em></a> \u2014 thought; <a href=\"/en/search/synonyms/?original=vi\u015bva\"><em>vi\u015bva</em></a>-<a href=\"/en/search/synonyms/?original=samplavam\"><em>samplavam</em></a> \u2014 the dissolution of the universe.</p>", "translation": "<p><strong>Marking these and many other omens of evil times, everyone but the four sage sons of Brahm\u0101, who were aware of the fall of Jaya and Vijaya and of their birth as Diti\u2019s sons, was seized with fear. They did not know the secrets of these portents and thought that the dissolution of the universe was at hand.</strong></p>", "purport": "<h2 class=\"section-title\">Purport</h2>\n<div class=\"r r-lang-en r-paragraph\" id=\"bb23855\"><p>According to <i><a href=\"/en/library/bg/\">Bhagavad-g\u012bt\u0101</a>,</i> Seventh Chapter, the laws of nature are so stringent that it is impossible for the living entity to surpass their enforcement. It is also explained that only those who are fully surrendered to K\u1e5b\u1e63\u1e47a in K\u1e5b\u1e63\u1e47a consciousness can be saved. We can learn from the description of the <i><a href=\"/en/library/sb/\">\u015ar\u012bmad-Bh\u0101gavatam</a></i> that it is because of the birth of two great demons that there were so many natural disturbances. It is to be indirectly understood, as previously described, that when there are constant disturbances on the earth, that is an omen that some demoniac people have been born or that the demoniac population has increased. In former days there were only two demons \u2014 those born of Diti \u2014 yet there were so many disturbances. At the present day, especially in this Age of Kali, these disturbances are always visible, which indicates that the demoniac population has certainly increased.</p></div>\n<div class=\"r r-lang-en r-paragraph\" id=\"bb23856\"><p>To check the increase of demoniac population, the Vedic civilization enacted so many rules and regulations of social life, the most important of which is the <i>garbh\u0101dh\u0101na</i> process for begetting good children. In <i><a href=\"/en/library/bg/\">Bhagavad-g\u012bt\u0101</a></i> Arjuna informed K\u1e5b\u1e63\u1e47a that if there is unwanted population (<i>var\u1e47a-sa\u1e45kara</i>), the entire world will appear to be hell. People are very anxious for peace in the world, but there are so many unwanted children born without the benefit of the <i>garbh\u0101dh\u0101na</i> ceremony, just like the demons born from Diti. Diti was so lusty that she forced her husband to copulate at a time which was inauspicious, and therefore the demons were born to create disturbances. In having sex life to beget children, one should observe the process for begetting nice children; if each and every householder in every family observes the Vedic system, then there are nice children, not demons, and automatically there is peace in the world. If we do not follow regulations in life for social tranquillity, we cannot expect peace. Rather, we will have to undergo the stringent reactions of natural laws.</p></div>"}, {"verseNbr": "<h1>\u015aB 3.17.16</h1>", "sanskritText": "\u0924\u093e\u0935\u093e\u0926\u093f\u0926\u0948\u0924\u094d\u092f\u094c \u0938\u0939\u0938\u093e \u0935\u094d\u092f\u091c\u094d\u092f\u092e\u093e\u0928\u093e\u0924\u094d\u092e\u092a\u094c\u0930\u0941\u0937\u094c \u0964<br/>\u0935\u0935\u0943\u0927\u093e\u0924\u0947\u093d\u0936\u094d\u092e\u0938\u093e\u0930\u0947\u0923 \u0915\u093e\u092f\u0947\u0928\u093e\u0926\u094d\u0930\u093f\u092a\u0924\u0940 \u0907\u0935 \u0965 \u0967\u096c \u0965", "englishText": "<em><i>t\u0101v \u0101di-daityau sahas\u0101<br/>vyajyam\u0101n\u0101tma-pauru\u1e63au<br/>vav\u1e5bdh\u0101te\u00a0\u2019\u015bma-s\u0101re\u1e47a<br/>k\u0101yen\u0101dri-pat\u012b iva</i></em>", "synonyms": "<p><a href=\"/en/search/synonyms/?original=tau\"><em>tau</em></a> \u2014 those two; <a href=\"/en/search/synonyms/?original=\u0101di\"><em>\u0101di</em></a>-<a href=\"/en/search/synonyms/?original=daityau\"><em>daityau</em></a> \u2014 demons in the beginning of creation; <a href=\"/en/search/synonyms/?original=sahas\u0101\"><em>sahas\u0101</em></a> \u2014 quickly; <a href=\"/en/search/synonyms/?original=vyajyam\u0101na\"><em>vyajyam\u0101na</em></a> \u2014 being manifest; <a href=\"/en/search/synonyms/?original=\u0101tma\"><em>\u0101tma</em></a> \u2014 own; <a href=\"/en/search/synonyms/?original=pauru\u1e63au\"><em>pauru\u1e63au</em></a> \u2014 prowess; <a href=\"/en/search/synonyms/?original=vav\u1e5bdh\u0101te\"><em>vav\u1e5bdh\u0101te</em></a> \u2014 grew; <a href=\"/en/search/synonyms/?original=a\u015bma\"><em>a\u015bma</em></a>-<a href=\"/en/search/synonyms/?original=s\u0101re\u1e47a\"><em>s\u0101re\u1e47a</em></a> \u2014 steel-like; <a href=\"/en/search/synonyms/?original=k\u0101yena\"><em>k\u0101yena</em></a> \u2014 with bodily frames; <a href=\"/en/search/synonyms/?original=adri\"><em>adri</em></a>-<a href=\"/en/search/synonyms/?original=pat\u012b\"><em>pat\u012b</em></a> \u2014 two great mountains; <a href=\"/en/search/synonyms/?original=iva\"><em>iva</em></a> \u2014 like.</p>", "translation": "<p><strong>These two demons who appeared in ancient times soon began to exhibit uncommon bodily features; they had steel-like frames which began to grow just like two great mountains.</strong></p>", "purport": "<h2 class=\"section-title\">Purport</h2>\n<div class=\"r r-lang-en r-paragraph\" id=\"bb23861\"><p>There are two classes of men in the world: one is called the demon, and the other is called the demigod. The demigods concern themselves with the spiritual upliftment of human society, whereas the demons are concerned with physical and material upliftment. The two demons born of Diti began to make their bodies as strong as iron frames, and they were so tall that they seemed to touch outer space. They were decorated with valuable ornaments, and they thought that this was success in life. Originally it was planned that Jaya and Vijaya, the two doorkeepers of Vaiku\u1e47\u1e6dha, were to take birth in this material world, where, by the curse of the sages, they were to play the part of always being angry with the Supreme Personality of Godhead. As demoniac persons, they became so angry that they were not concerned with the Supreme Personality of Godhead, but simply with physical comforts and physical upliftment.</p></div>"}, {"verseNbr": "<h1>\u015aB 3.17.17</h1>", "sanskritText": "\u0926\u093f\u0935\u093f\u0938\u094d\u092a\u0943\u0936\u094c \u0939\u0947\u092e\u0915\u093f\u0930\u0940\u091f\u0915\u094b\u091f\u093f\u092d\u093f-<br/>\u0930\u094d\u0928\u093f\u0930\u0941\u0926\u094d\u0927\u0915\u093e\u0937\u094d\u0920\u094c \u0938\u094d\u092b\u0941\u0930\u0926\u0919\u094d\u0917\u0926\u093e\u092d\u0941\u091c\u094c \u0964<br/>\u0917\u093e\u0902 \u0915\u092e\u094d\u092a\u092f\u0928\u094d\u0924\u094c \u091a\u0930\u0923\u0948: \u092a\u0926\u0947 \u092a\u0926\u0947<br/>\u0915\u091f\u094d\u092f\u093e \u0938\u0941\u0915\u093e\u091e\u094d\u200d\u091a\u094d\u092f\u093e\u0930\u094d\u0915\u092e\u0924\u0940\u0924\u094d\u092f \u0924\u0938\u094d\u0925\u0924\u0941: \u0965 \u0967\u096d \u0965", "englishText": "<em><i>divi-sp\u1e5b\u015bau hema-kir\u012b\u1e6da-ko\u1e6dibhir<br/>niruddha-k\u0101\u1e63\u1e6dhau sphurad-a\u1e45gad\u0101-bhujau<br/>g\u0101\u1e41 kampayantau cara\u1e47ai\u1e25 pade pade<br/>ka\u1e6dy\u0101 suk\u0101\u00f1cy\u0101rkam at\u012btya tasthatu\u1e25</i></em>", "synonyms": "<p><a href=\"/en/search/synonyms/?original=divi\"><em>divi</em></a>-<a href=\"/en/search/synonyms/?original=sp\u1e5b\u015bau\"><em>sp\u1e5b\u015bau</em></a> \u2014 touching the sky; <a href=\"/en/search/synonyms/?original=hema\"><em>hema</em></a> \u2014 golden; <a href=\"/en/search/synonyms/?original=kir\u012b\u1e6da\"><em>kir\u012b\u1e6da</em></a> \u2014 of their helmets; <a href=\"/en/search/synonyms/?original=ko\u1e6dibhi\u1e25\"><em>ko\u1e6dibhi\u1e25</em></a> \u2014 with the crests; <a href=\"/en/search/synonyms/?original=niruddha\"><em>niruddha</em></a> \u2014 blocked; <a href=\"/en/search/synonyms/?original=k\u0101\u1e63\u1e6dhau\"><em>k\u0101\u1e63\u1e6dhau</em></a> \u2014 the directions; <a href=\"/en/search/synonyms/?original=sphurat\"><em>sphurat</em></a> \u2014 brilliant; <a href=\"/en/search/synonyms/?original=a\u1e45gad\u0101\"><em>a\u1e45gad\u0101</em></a> \u2014 bracelets; <a href=\"/en/search/synonyms/?original=bhujau\"><em>bhujau</em></a> \u2014 on whose arms; <a href=\"/en/search/synonyms/?original=g\u0101m\"><em>g\u0101m</em></a> \u2014 the earth; <a href=\"/en/search/synonyms/?original=kampayantau\"><em>kampayantau</em></a> \u2014 shaking; <a href=\"/en/search/synonyms/?original=cara\u1e47ai\u1e25\"><em>cara\u1e47ai\u1e25</em></a> \u2014 with their feet; <a href=\"/en/search/synonyms/?original=pade\"><em>pade</em></a> <a href=\"/en/search/synonyms/?original=pade\"><em>pade</em></a> \u2014 at every step; <a href=\"/en/search/synonyms/?original=ka\u1e6dy\u0101\"><em>ka\u1e6dy\u0101</em></a> \u2014 with their waists; <a href=\"/en/search/synonyms/?original=su\"><em>su</em></a>-<a href=\"/en/search/synonyms/?original=k\u0101\u00f1cy\u0101\"><em>k\u0101\u00f1cy\u0101</em></a> \u2014 with beautiful decorated belts; <a href=\"/en/search/synonyms/?original=arkam\"><em>arkam</em></a> \u2014 the sun; <a href=\"/en/search/synonyms/?original=at\u012btya\"><em>at\u012btya</em></a> \u2014 surpassing; <a href=\"/en/search/synonyms/?original=tasthatu\u1e25\"><em>tasthatu\u1e25</em></a> \u2014 they stood.</p>", "translation": "<p><strong>Their bodies became so tall that they seemed to kiss the sky with the crests of their gold crowns. They blocked the view of all directions and while walking shook the earth at every step. Their arms were adorned with brilliant bracelets, and they stood as if covering the sun with their waists, which were bound with excellent and beautiful girdles.</strong></p>", "purport": "<h2 class=\"section-title\">Purport</h2>\n<div class=\"r r-lang-en r-paragraph\" id=\"bb23866\"><p>In the demoniac way of civilization, people are interested in getting a body constructed in such a way that when they walk on the street the earth will tremble and when they stand it will appear that they cover the sun and the vision of the four directions. If a race appears strong in body, their country is materially considered to be among the highly advanced nations of the world.</p></div>"}, {"verseNbr": "<h1>\u015aB 3.17.18</h1>", "sanskritText": "\u092a\u094d\u0930\u091c\u093e\u092a\u0924\u093f\u0930\u094d\u0928\u093e\u092e \u0924\u092f\u094b\u0930\u0915\u093e\u0930\u094d\u0937\u0940\u0926\u094d<br/>\u092f: \u092a\u094d\u0930\u093e\u0915\u094d \u0938\u094d\u0935\u0926\u0947\u0939\u093e\u0926\u094d\u092f\u092e\u092f\u094b\u0930\u091c\u093e\u092f\u0924 \u0964<br/>\u0924\u0902 \u0935\u0948 \u0939\u093f\u0930\u0923\u094d\u092f\u0915\u0936\u093f\u092a\u0941\u0902 \u0935\u093f\u0926\u0941: \u092a\u094d\u0930\u091c\u093e<br/>\u092f\u0902 \u0924\u0902 \u0939\u093f\u0930\u0923\u094d\u092f\u093e\u0915\u094d\u0937\u092e\u0938\u0942\u0924 \u0938\u093e\u0917\u094d\u0930\u0924: \u0965 \u0967\u096e \u0965", "englishText": "<em><i>praj\u0101patir n\u0101ma tayor ak\u0101r\u1e63\u012bd<br/>ya\u1e25 pr\u0101k sva-deh\u0101d yamayor aj\u0101yata<br/>ta\u1e41 vai hira\u1e47yaka\u015bipu\u1e41 vidu\u1e25 praj\u0101<br/>ya\u1e41 ta\u1e41 hira\u1e47y\u0101k\u1e63am as\u016bta s\u0101grata\u1e25</i></em>", "synonyms": "<p><a href=\"/en/search/synonyms/?original=praj\u0101pati\u1e25\"><em>praj\u0101pati\u1e25</em></a> \u2014 Ka\u015byapa; <a href=\"/en/search/synonyms/?original=n\u0101ma\"><em>n\u0101ma</em></a> \u2014 names; <a href=\"/en/search/synonyms/?original=tayo\u1e25\"><em>tayo\u1e25</em></a> \u2014 of the two; <a href=\"/en/search/synonyms/?original=ak\u0101r\u1e63\u012bt\"><em>ak\u0101r\u1e63\u012bt</em></a> \u2014 gave; <a href=\"/en/search/synonyms/?original=ya\u1e25\"><em>ya\u1e25</em></a> \u2014 who; <a href=\"/en/search/synonyms/?original=pr\u0101k\"><em>pr\u0101k</em></a> \u2014 first; <a href=\"/en/search/synonyms/?original=sva\"><em>sva</em></a>-<a href=\"/en/search/synonyms/?original=deh\u0101t\"><em>deh\u0101t</em></a> \u2014 from his body; <a href=\"/en/search/synonyms/?original=yamayo\u1e25\"><em>yamayo\u1e25</em></a> \u2014 of the twins; <a href=\"/en/search/synonyms/?original=aj\u0101yata\"><em>aj\u0101yata</em></a> \u2014 was delivered; <a href=\"/en/search/synonyms/?original=tam\"><em>tam</em></a> \u2014 him; <a href=\"/en/search/synonyms/?original=vai\"><em>vai</em></a> \u2014 indeed; <a href=\"/en/search/synonyms/?original=hira\u1e47yaka\u015bipum\"><em>hira\u1e47yaka\u015bipum</em></a> \u2014 Hira\u1e47yaka\u015bipu; <a href=\"/en/search/synonyms/?original=vidu\u1e25\"><em>vidu\u1e25</em></a> \u2014 know; <a href=\"/en/search/synonyms/?original=praj\u0101\u1e25\"><em>praj\u0101\u1e25</em></a> \u2014 people; <a href=\"/en/search/synonyms/?original=yam\"><em>yam</em></a> \u2014 whom; <a href=\"/en/search/synonyms/?original=tam\"><em>tam</em></a> \u2014 him; <a href=\"/en/search/synonyms/?original=hira\u1e47y\u0101k\u1e63am\"><em>hira\u1e47y\u0101k\u1e63am</em></a> \u2014 Hira\u1e47y\u0101k\u1e63a; <a href=\"/en/search/synonyms/?original=as\u016bta\"><em>as\u016bta</em></a> \u2014 gave birth to; <a href=\"/en/search/synonyms/?original=s\u0101\"><em>s\u0101</em></a> \u2014 she (Diti); <a href=\"/en/search/synonyms/?original=agrata\u1e25\"><em>agrata\u1e25</em></a> \u2014 first.</p>", "translation": "<p><strong>Praj\u0101pati Ka\u015byapa, the creator of the living entities, gave his twin sons their names; the one who was born first he named Hira\u1e47y\u0101k\u1e63a, and the one who was first conceived by Diti he named Hira\u1e47yaka\u015bipu.</strong></p>", "purport": "<h2 class=\"section-title\">Purport</h2>\n<div class=\"r r-lang-en r-paragraph\" id=\"bb23871\"><p>There is an authoritative Vedic literature called <i>Pi\u1e47\u1e0da-siddhi</i> in which the scientific understanding of pregnancy is very nicely described. It is stated that when the male secretion enters the menstrual flux in the uterus in two successive drops, the mother develops two embryos in her womb, and she brings forth twins in a reverse order to that in which they were first conceived; the child conceived first is born later, and the one conceived later is brought forth first. The first child conceived in the womb lives behind the second child, so when birth takes place the second child appears first, and the first child appears second. In this case it is understood that Hira\u1e47y\u0101k\u1e63a, the second child conceived, was delivered first, whereas Hira\u1e47yaka\u015bipu, the child who was behind him, having been conceived first, was born second.</p></div>"}, {"verseNbr": "<h1>\u015aB 3.17.19</h1>", "sanskritText": "\u091a\u0915\u094d\u0930\u0947 \u0939\u093f\u0930\u0923\u094d\u092f\u0915\u0936\u093f\u092a\u0941\u0930\u094d\u0926\u094b\u0930\u094d\u092d\u094d\u092f\u093e\u0902 \u092c\u094d\u0930\u0939\u094d\u092e\u0935\u0930\u0947\u0923 \u091a \u0964<br/>\u0935\u0936\u0947 \u0938\u092a\u093e\u0932\u093e\u0901\u0932\u094d\u0932\u094b\u0915\u093e\u0902\u0938\u094d\u0924\u094d\u0930\u0940\u0928\u0915\u0941\u0924\u094b\u092e\u0943\u0924\u094d\u092f\u0941\u0930\u0941\u0926\u094d\u0927\u0924: \u0965 \u0967\u096f \u0965", "englishText": "<em><i>cakre hira\u1e47yaka\u015bipur<br/>dorbhy\u0101\u1e41 brahma-vare\u1e47a ca<br/>va\u015be sa-p\u0101l\u0101\u1e3b lok\u0101\u1e41s tr\u012bn<br/>akuto-m\u1e5btyur uddhata\u1e25</i></em>", "synonyms": "<p><a href=\"/en/search/synonyms/?original=cakre\"><em>cakre</em></a> \u2014 made; <a href=\"/en/search/synonyms/?original=hira\u1e47yaka\u015bipu\u1e25\"><em>hira\u1e47yaka\u015bipu\u1e25</em></a> \u2014 Hira\u1e47yaka\u015bipu; <a href=\"/en/search/synonyms/?original=dorbhy\u0101m\"><em>dorbhy\u0101m</em></a> \u2014 by his two arms; <a href=\"/en/search/synonyms/?original=brahma\"><em>brahma</em></a>-<a href=\"/en/search/synonyms/?original=vare\u1e47a\"><em>vare\u1e47a</em></a> \u2014 by the benediction of Brahm\u0101; <a href=\"/en/search/synonyms/?original=ca\"><em>ca</em></a> \u2014 and; <a href=\"/en/search/synonyms/?original=va\u015be\"><em>va\u015be</em></a> \u2014 under his control; <a href=\"/en/search/synonyms/?original=sa\"><em>sa</em></a>-<a href=\"/en/search/synonyms/?original=p\u0101l\u0101n\"><em>p\u0101l\u0101n</em></a> \u2014 along with their protectors; <a href=\"/en/search/synonyms/?original=lok\u0101n\"><em>lok\u0101n</em></a> \u2014 the worlds; <a href=\"/en/search/synonyms/?original=tr\u012bn\"><em>tr\u012bn</em></a> \u2014 three; <a href=\"/en/search/synonyms/?original=akuta\u1e25\"><em>akuta\u1e25</em></a>-<a href=\"/en/search/synonyms/?original=m\u1e5btyu\u1e25\"><em>m\u1e5btyu\u1e25</em></a> \u2014 fearing death from no one; <a href=\"/en/search/synonyms/?original=uddhata\u1e25\"><em>uddhata\u1e25</em></a> \u2014 puffed up.</p>", "translation": "<p><strong>The elder child, Hira\u1e47yaka\u015bipu, was unafraid of death from anyone within the three worlds because he received a benediction from Lord Brahm\u0101. He was proud and puffed up due to this benediction and was able to bring all three planetary systems under his control.</strong></p>", "purport": "<h2 class=\"section-title\">Purport</h2>\n<div class=\"r r-lang-en r-paragraph\" id=\"bb23876\"><p>As will be revealed in later chapters, Hira\u1e47yaka\u015bipu underwent severe austerity and penance to satisfy Brahm\u0101 and thus receive a benediction of immortality. Actually, it is impossible even for Lord Brahm\u0101 to give anyone the benediction of becoming immortal, but indirectly Hira\u1e47yaka\u015bipu received the benediction that no one within this material world would be able to kill him. In other words, because he originally came from the abode of Vaiku\u1e47\u1e6dha, he was not to be killed by anyone within this material world. The Lord desired to appear Himself to kill him. One may be very proud of his material advancement in knowledge, but he cannot be immune to the four principles of material existence, namely birth, death, old age and disease. It was the Lord\u2019s plan to teach people that even Hira\u1e47yaka\u015bipu, who was so powerful and strongly built, could not live more than his destined duration of life. One may become as strong and puffed up as Hira\u1e47yaka\u015bipu and bring under his control all the three worlds, but there is no possibility of continuing life eternally or keeping the conquered booty forever. So many emperors have ascended to power, and they are now lost in oblivion; that is the history of the world.</p></div>"}, {"verseNbr": "<h1>\u015aB 3.17.20</h1>", "sanskritText": "\u0939\u093f\u0930\u0923\u094d\u092f\u093e\u0915\u094d\u0937\u094b\u093d\u0928\u0941\u091c\u0938\u094d\u0924\u0938\u094d\u092f \u092a\u094d\u0930\u093f\u092f: \u092a\u094d\u0930\u0940\u0924\u093f\u0915\u0943\u0926\u0928\u094d\u0935\u0939\u092e\u094d \u0964<br/>\u0917\u0926\u093e\u092a\u093e\u0923\u093f\u0930\u094d\u0926\u093f\u0935\u0902 \u092f\u093e\u0924\u094b \u092f\u0941\u092f\u0941\u0924\u094d\u0938\u0941\u0930\u094d\u092e\u0943\u0917\u092f\u0928\u094d \u0930\u0923\u092e\u094d \u0965 \u0968\u0966 \u0965", "englishText": "<em><i>hira\u1e47y\u0101k\u1e63o\u00a0\u2019nujas tasya<br/>priya\u1e25 pr\u012bti-k\u1e5bd anvaham<br/>gad\u0101-p\u0101\u1e47ir diva\u1e41 y\u0101to<br/>yuyutsur m\u1e5bgayan ra\u1e47am</i></em>", "synonyms": "<p><a href=\"/en/search/synonyms/?original=hira\u1e47y\u0101k\u1e63a\u1e25\"><em>hira\u1e47y\u0101k\u1e63a\u1e25</em></a> \u2014 Hira\u1e47y\u0101k\u1e63a; <a href=\"/en/search/synonyms/?original=anuja\u1e25\"><em>anuja\u1e25</em></a> \u2014 younger brother; <a href=\"/en/search/synonyms/?original=tasya\"><em>tasya</em></a> \u2014 his; <a href=\"/en/search/synonyms/?original=priya\u1e25\"><em>priya\u1e25</em></a> \u2014 beloved; <a href=\"/en/search/synonyms/?original=pr\u012bti\"><em>pr\u012bti</em></a>-<a href=\"/en/search/synonyms/?original=k\u1e5bt\"><em>k\u1e5bt</em></a> \u2014 ready to please; <a href=\"/en/search/synonyms/?original=anu\"><em>anu</em></a>-<a href=\"/en/search/synonyms/?original=aham\"><em>aham</em></a> \u2014 every day; <a href=\"/en/search/synonyms/?original=gad\u0101\"><em>gad\u0101</em></a>-<a href=\"/en/search/synonyms/?original=p\u0101\u1e47i\u1e25\"><em>p\u0101\u1e47i\u1e25</em></a> \u2014 with a club in hand; <a href=\"/en/search/synonyms/?original=divam\"><em>divam</em></a> \u2014 to the higher planets; <a href=\"/en/search/synonyms/?original=y\u0101ta\u1e25\"><em>y\u0101ta\u1e25</em></a> \u2014 traveled; <a href=\"/en/search/synonyms/?original=yuyutsu\u1e25\"><em>yuyutsu\u1e25</em></a> \u2014 desirous to fight; <a href=\"/en/search/synonyms/?original=m\u1e5bgayan\"><em>m\u1e5bgayan</em></a> \u2014 seeking; <a href=\"/en/search/synonyms/?original=ra\u1e47am\"><em>ra\u1e47am</em></a> \u2014 combat.</p>", "translation": "<p><strong>His younger brother, Hira\u1e47y\u0101k\u1e63a, was always ready to satisfy his elder brother by his activities. Hira\u1e47y\u0101k\u1e63a took a club on his shoulder and traveled all over the universe with a fighting spirit just to satisfy Hira\u1e47yaka\u015bipu.</strong></p>", "purport": "<h2 class=\"section-title\">Purport</h2>\n<div class=\"r r-lang-en r-paragraph\" id=\"bb23881\"><p>The demoniac spirit is to train all family members to exploit the resources of this universe for personal sense gratification, whereas the godly spirit is to engage everything in the service of the Lord. Hira\u1e47yaka\u015bipu was himself very powerful, and he made his younger brother, Hira\u1e47y\u0101k\u1e63a, powerful to assist him in fighting with everyone and lording it over material nature as long as possible. If possible, he wanted to rule the universe eternally. These are demonstrations of the spirit of the demoniac living entity.</p></div>"}, {"verseNbr": "<h1>\u015aB 3.17.21</h1>", "sanskritText": "\u0924\u0902 \u0935\u0940\u0915\u094d\u0937\u094d\u092f \u0926\u0941:\u0938\u0939\u091c\u0935\u0902 \u0930\u0923\u0924\u094d\u0915\u093e\u091e\u094d\u091a\u0928\u0928\u0942\u092a\u0941\u0930\u092e\u094d \u0964<br/>\u0935\u0948\u091c\u092f\u0928\u094d\u0924\u094d\u092f\u093e \u0938\u094d\u0930\u091c\u093e \u091c\u0941\u0937\u094d\u091f\u092e\u0902\u0938\u0928\u094d\u092f\u0938\u094d\u0924\u092e\u0939\u093e\u0917\u0926\u092e\u094d \u0965 \u0968\u0967 \u0965", "englishText": "<em><i>ta\u1e41 v\u012bk\u1e63ya du\u1e25saha-java\u1e41<br/>ra\u1e47at-k\u0101\u00f1cana-n\u016bpuram<br/>vaijayanty\u0101 sraj\u0101 ju\u1e63\u1e6dam<br/>a\u1e41sa-nyasta-mah\u0101-gadam</i></em>", "synonyms": "<p><a href=\"/en/search/synonyms/?original=tam\"><em>tam</em></a> \u2014 him; <a href=\"/en/search/synonyms/?original=v\u012bk\u1e63ya\"><em>v\u012bk\u1e63ya</em></a> \u2014 having seen; <a href=\"/en/search/synonyms/?original=du\u1e25saha\"><em>du\u1e25saha</em></a> \u2014 difficult to control; <a href=\"/en/search/synonyms/?original=javam\"><em>javam</em></a> \u2014 temper; <a href=\"/en/search/synonyms/?original=ra\u1e47at\"><em>ra\u1e47at</em></a> \u2014 tinkling; <a href=\"/en/search/synonyms/?original=k\u0101\u00f1cana\"><em>k\u0101\u00f1cana</em></a> \u2014 gold; <a href=\"/en/search/synonyms/?original=n\u016bpuram\"><em>n\u016bpuram</em></a> \u2014 anklets; <a href=\"/en/search/synonyms/?original=vaijayanty\u0101\"><em>vaijayanty\u0101</em></a> <a href=\"/en/search/synonyms/?original=sraj\u0101\"><em>sraj\u0101</em></a> \u2014 with a <em>vaijayant\u012b</em> garland; <a href=\"/en/search/synonyms/?original=ju\u1e63\u1e6dam\"><em>ju\u1e63\u1e6dam</em></a> \u2014 adorned; <a href=\"/en/search/synonyms/?original=a\u1e41sa\"><em>a\u1e41sa</em></a> \u2014 on his shoulder; <a href=\"/en/search/synonyms/?original=nyasta\"><em>nyasta</em></a> \u2014 rested; <a href=\"/en/search/synonyms/?original=mah\u0101\"><em>mah\u0101</em></a>-<a href=\"/en/search/synonyms/?original=gadam\"><em>gadam</em></a> \u2014 a huge mace.</p>", "translation": "<p><strong>Hira\u1e47y\u0101k\u1e63a\u2019s temper was difficult to control. He had anklets of gold tinkling about his feet, he was adorned with a gigantic garland, and he rested his huge mace on one of his shoulders.</strong></p>", "purport": null}, {"verseNbr": "<h1>\u015aB 3.17.22</h1>", "sanskritText": "\u092e\u0928\u094b\u0935\u0940\u0930\u094d\u092f\u0935\u0930\u094b\u0924\u094d\u0938\u093f\u0915\u094d\u0924\u092e\u0938\u0943\u0923\u094d\u092f\u092e\u0915\u0941\u0924\u094b\u092d\u092f\u092e\u094d \u0964<br/>\u092d\u0940\u0924\u093e \u0928\u093f\u0932\u093f\u0932\u094d\u092f\u093f\u0930\u0947 \u0926\u0947\u0935\u093e\u0938\u094d\u0924\u093e\u0930\u094d\u0915\u094d\u0937\u094d\u092f\u0924\u094d\u0930\u0938\u094d\u0924\u093e \u0907\u0935\u093e\u0939\u092f: \u0965 \u0968\u0968 \u0965", "englishText": "<em><i>mano-v\u012brya-varotsiktam<br/>as\u1e5b\u1e47yam akuto-bhayam<br/>bh\u012bt\u0101 nililyire dev\u0101s<br/>t\u0101rk\u1e63ya-trast\u0101 iv\u0101haya\u1e25</i></em>", "synonyms": "<p><a href=\"/en/search/synonyms/?original=mana\u1e25\"><em>mana\u1e25</em></a>-<a href=\"/en/search/synonyms/?original=v\u012brya\"><em>v\u012brya</em></a> \u2014 by mental and bodily strength; <a href=\"/en/search/synonyms/?original=vara\"><em>vara</em></a> \u2014 by the boon; <a href=\"/en/search/synonyms/?original=utsiktam\"><em>utsiktam</em></a> \u2014 proud; <a href=\"/en/search/synonyms/?original=as\u1e5b\u1e47yam\"><em>as\u1e5b\u1e47yam</em></a> \u2014 not able to be checked; <a href=\"/en/search/synonyms/?original=akuta\u1e25\"><em>akuta\u1e25</em></a>-<a href=\"/en/search/synonyms/?original=bhayam\"><em>bhayam</em></a> \u2014 fearing no one; <a href=\"/en/search/synonyms/?original=bh\u012bt\u0101\u1e25\"><em>bh\u012bt\u0101\u1e25</em></a> \u2014 frightened; <a href=\"/en/search/synonyms/?original=nililyire\"><em>nililyire</em></a> \u2014 hid themselves; <a href=\"/en/search/synonyms/?original=dev\u0101\u1e25\"><em>dev\u0101\u1e25</em></a> \u2014 the demigods; <a href=\"/en/search/synonyms/?original=t\u0101rk\u1e63ya\"><em>t\u0101rk\u1e63ya</em></a> \u2014 Garu\u1e0da; <a href=\"/en/search/synonyms/?original=trast\u0101\u1e25\"><em>trast\u0101\u1e25</em></a> \u2014 frightened of; <a href=\"/en/search/synonyms/?original=iva\"><em>iva</em></a> \u2014 like; <a href=\"/en/search/synonyms/?original=ahaya\u1e25\"><em>ahaya\u1e25</em></a> \u2014 snakes.</p>", "translation": "<p><strong>His mental and bodily strength as well as the boon conferred upon him had made him proud. He feared death at the hands of no one, and there was no checking him. The gods, therefore, were seized with fear at his very sight, and they hid themselves even as snakes hide themselves for fear of Garu\u1e0da.</strong></p>", "purport": "<h2 class=\"section-title\">Purport</h2>\n<div class=\"r r-lang-en r-paragraph\" id=\"bb23890\"><p>The <i>asuras</i> are generally strongly built, as described here, and therefore their mental condition is very sound, and their prowess is also extraordinary. Hira\u1e47y\u0101k\u1e63a and Hira\u1e47yaka\u015bipu, having received the boon that they would not be killed by any other living entity within this universe, were almost immortal, and thus they were completely fearless.</p></div>"}, {"verseNbr": "<h1>\u015aB 3.17.23</h1>", "sanskritText": "\u0938 \u0935\u0948 \u0924\u093f\u0930\u094b\u0939\u093f\u0924\u093e\u0928\u094d \u0926\u0943\u0937\u094d\u091f\u094d\u0935\u093e \u092e\u0939\u0938\u093e \u0938\u094d\u0935\u0947\u0928 \u0926\u0948\u0924\u094d\u092f\u0930\u093e\u091f\u094d \u0964<br/>\u0938\u0947\u0928\u094d\u0926\u094d\u0930\u093e\u0928\u094d\u0926\u0947\u0935\u0917\u0923\u093e\u0928\u094d \u0915\u094d\u0937\u0940\u092c\u093e\u0928\u092a\u0936\u094d\u092f\u0928\u094d \u0935\u094d\u092f\u0928\u0926\u0926\u094d \u092d\u0943\u0936\u092e\u094d \u0965 \u0968\u0969 \u0965", "englishText": "<em><i>sa vai tirohit\u0101n d\u1e5b\u1e63\u1e6dv\u0101<br/>mahas\u0101 svena daitya-r\u0101\u1e6d<br/>sendr\u0101n deva-ga\u1e47\u0101n k\u1e63\u012bb\u0101n<br/>apa\u015byan vyanadad bh\u1e5b\u015bam</i></em>", "synonyms": "<p><a href=\"/en/search/synonyms/?original=sa\u1e25\"><em>sa\u1e25</em></a> \u2014 he; <a href=\"/en/search/synonyms/?original=vai\"><em>vai</em></a> \u2014 indeed; <a href=\"/en/search/synonyms/?original=tirohit\u0101n\"><em>tirohit\u0101n</em></a> \u2014 vanished; <a href=\"/en/search/synonyms/?original=d\u1e5b\u1e63\u1e6dv\u0101\"><em>d\u1e5b\u1e63\u1e6dv\u0101</em></a> \u2014 having seen; <a href=\"/en/search/synonyms/?original=mahas\u0101\"><em>mahas\u0101</em></a> \u2014 by might; <a href=\"/en/search/synonyms/?original=svena\"><em>svena</em></a> \u2014 his own; <a href=\"/en/search/synonyms/?original=daitya\"><em>daitya</em></a>-<a href=\"/en/search/synonyms/?original=r\u0101\u1e6d\"><em>r\u0101\u1e6d</em></a> \u2014 the chief of the Daityas (demons); <a href=\"/en/search/synonyms/?original=sa\"><em>sa</em></a>-<a href=\"/en/search/synonyms/?original=indr\u0101n\"><em>indr\u0101n</em></a> \u2014 along with Indra; <a href=\"/en/search/synonyms/?original=deva\"><em>deva</em></a>-<a href=\"/en/search/synonyms/?original=ga\u1e47\u0101n\"><em>ga\u1e47\u0101n</em></a> \u2014 the demigods; <a href=\"/en/search/synonyms/?original=k\u1e63\u012bb\u0101n\"><em>k\u1e63\u012bb\u0101n</em></a> \u2014 intoxicated; <a href=\"/en/search/synonyms/?original=apa\u015byan\"><em>apa\u015byan</em></a> \u2014 not finding; <a href=\"/en/search/synonyms/?original=vyanadat\"><em>vyanadat</em></a> \u2014 roared; <a href=\"/en/search/synonyms/?original=bh\u1e5b\u015bam\"><em>bh\u1e5b\u015bam</em></a> \u2014 loudly.</p>", "translation": "<p><strong>On not finding Indra and the other demigods, who had previously been intoxicated with power, the chief of the Daityas, seeing that they had all vanished before his might, roared loudly.</strong></p>", "purport": null}, {"verseNbr": "<h1>\u015aB 3.17.24</h1>", "sanskritText": "\u0924\u0924\u094b \u0928\u093f\u0935\u0943\u0924\u094d\u0924: \u0915\u094d\u0930\u0940\u0921\u093f\u0937\u094d\u092f\u0928\u094d \u0917\u092e\u094d\u092d\u0940\u0930\u0902 \u092d\u0940\u092e\u0928\u093f\u0938\u094d\u0935\u0928\u092e\u094d \u0964<br/>\u0935\u093f\u091c\u0917\u093e\u0939\u0947 \u092e\u0939\u093e\u0938\u0924\u094d\u0924\u094d\u0935\u094b \u0935\u093e\u0930\u094d\u0927\u093f\u0902 \u092e\u0924\u094d\u0924 \u0907\u0935 \u0926\u094d\u0935\u093f\u092a: \u0965 \u0968\u096a \u0965", "englishText": "<em><i>tato niv\u1e5btta\u1e25 kr\u012b\u1e0di\u1e63yan<br/>gambh\u012bra\u1e41 bh\u012bma-nisvanam<br/>vijag\u0101he mah\u0101-sattvo<br/>v\u0101rdhi\u1e41 matta iva dvipa\u1e25</i></em>", "synonyms": "<p><a href=\"/en/search/synonyms/?original=tata\u1e25\"><em>tata\u1e25</em></a> \u2014 then; <a href=\"/en/search/synonyms/?original=niv\u1e5btta\u1e25\"><em>niv\u1e5btta\u1e25</em></a> \u2014 returned; <a href=\"/en/search/synonyms/?original=kr\u012b\u1e0di\u1e63yan\"><em>kr\u012b\u1e0di\u1e63yan</em></a> \u2014 for the sake of sport; <a href=\"/en/search/synonyms/?original=gambh\u012bram\"><em>gambh\u012bram</em></a> \u2014 deep; <a href=\"/en/search/synonyms/?original=bh\u012bma\"><em>bh\u012bma</em></a>-<a href=\"/en/search/synonyms/?original=nisvanam\"><em>nisvanam</em></a> \u2014 making a terrible sound; <a href=\"/en/search/synonyms/?original=vijag\u0101he\"><em>vijag\u0101he</em></a> \u2014 dived; <a href=\"/en/search/synonyms/?original=mah\u0101\"><em>mah\u0101</em></a>-<a href=\"/en/search/synonyms/?original=sattva\u1e25\"><em>sattva\u1e25</em></a> \u2014 the mighty being; <a href=\"/en/search/synonyms/?original=v\u0101rdhim\"><em>v\u0101rdhim</em></a> \u2014 in the ocean; <a href=\"/en/search/synonyms/?original=matta\u1e25\"><em>matta\u1e25</em></a> \u2014 in wrath; <a href=\"/en/search/synonyms/?original=iva\"><em>iva</em></a> \u2014 like; <a href=\"/en/search/synonyms/?original=dvipa\u1e25\"><em>dvipa\u1e25</em></a> \u2014 an elephant.</p>", "translation": "<p><strong>After returning from the heavenly kingdom, the mighty demon, who was like an elephant in wrath, for the sake of sport dived into the deep ocean, which was roaring terribly.</strong></p>", "purport": null}, {"verseNbr": "<h1>\u015aB 3.17.25</h1>", "sanskritText": "\u0924\u0938\u094d\u092e\u093f\u0928\u094d \u092a\u094d\u0930\u0935\u093f\u0937\u094d\u091f\u0947 \u0935\u0930\u0941\u0923\u0938\u094d\u092f \u0938\u0948\u0928\u093f\u0915\u093e<br/>\u092f\u093e\u0926\u094b\u0917\u0923\u093e: \u0938\u0928\u094d\u0928\u0927\u093f\u092f: \u0938\u0938\u093e\u0927\u094d\u0935\u0938\u093e: \u0964<br/>\u0905\u0939\u0928\u094d\u092f\u092e\u093e\u0928\u093e \u0905\u092a\u093f \u0924\u0938\u094d\u092f \u0935\u0930\u094d\u091a\u0938\u093e<br/>\u092a\u094d\u0930\u0927\u0930\u094d\u0937\u093f\u0924\u093e \u0926\u0942\u0930\u0924\u0930\u0902 \u092a\u094d\u0930\u0926\u0941\u0926\u094d\u0930\u0941\u0935\u0941: \u0965 \u0968\u096b \u0965", "englishText": "<em><i>tasmin pravi\u1e63\u1e6de varu\u1e47asya sainik\u0101<br/>y\u0101do-ga\u1e47\u0101\u1e25 sanna-dhiya\u1e25 sas\u0101dhvas\u0101\u1e25<br/>ahanyam\u0101n\u0101 api tasya varcas\u0101<br/>pradhar\u1e63it\u0101 d\u016bratara\u1e41 pradudruvu\u1e25</i></em>", "synonyms": "<p><a href=\"/en/search/synonyms/?original=tasmin\"><em>tasmin</em></a> <a href=\"/en/search/synonyms/?original=pravi\u1e63\u1e6de\"><em>pravi\u1e63\u1e6de</em></a> \u2014 when he entered the ocean; <a href=\"/en/search/synonyms/?original=varu\u1e47asya\"><em>varu\u1e47asya</em></a> \u2014 of Varu\u1e47a; <a href=\"/en/search/synonyms/?original=sainik\u0101\u1e25\"><em>sainik\u0101\u1e25</em></a> \u2014 the defenders; <a href=\"/en/search/synonyms/?original=y\u0101da\u1e25\"><em>y\u0101da\u1e25</em></a>-<a href=\"/en/search/synonyms/?original=ga\u1e47\u0101\u1e25\"><em>ga\u1e47\u0101\u1e25</em></a> \u2014 the aquatic animals; <a href=\"/en/search/synonyms/?original=sanna\"><em>sanna</em></a>-<a href=\"/en/search/synonyms/?original=dhiya\u1e25\"><em>dhiya\u1e25</em></a> \u2014 depressed; <a href=\"/en/search/synonyms/?original=sa\"><em>sa</em></a>-<a href=\"/en/search/synonyms/?original=s\u0101dhvas\u0101\u1e25\"><em>s\u0101dhvas\u0101\u1e25</em></a> \u2014 with fear; <a href=\"/en/search/synonyms/?original=ahanyam\u0101n\u0101\u1e25\"><em>ahanyam\u0101n\u0101\u1e25</em></a> \u2014 not being hit; <a href=\"/en/search/synonyms/?original=api\"><em>api</em></a> \u2014 even; <a href=\"/en/search/synonyms/?original=tasya\"><em>tasya</em></a> \u2014 his; <a href=\"/en/search/synonyms/?original=varcas\u0101\"><em>varcas\u0101</em></a> \u2014 by splendor; <a href=\"/en/search/synonyms/?original=pradhar\u1e63it\u0101\u1e25\"><em>pradhar\u1e63it\u0101\u1e25</em></a> \u2014 stricken; <a href=\"/en/search/synonyms/?original=d\u016bra\"><em>d\u016bra</em></a>-<a href=\"/en/search/synonyms/?original=taram\"><em>taram</em></a> \u2014 far away; <a href=\"/en/search/synonyms/?original=pradudruvu\u1e25\"><em>pradudruvu\u1e25</em></a> \u2014 they ran fast.</p>", "translation": "<p><strong>On his entering the ocean, the aquatic animals who formed the host of Varu\u1e47a were stricken with fear and ran far away. Thus Hira\u1e47y\u0101k\u1e63a showed his splendor without dealing a blow.</strong></p>", "purport": "<h2 class=\"section-title\">Purport</h2>\n<div class=\"r r-lang-en r-paragraph\" id=\"bb23903\"><p>Materialistic demons sometimes appear to be very powerful and are seen to establish their supremacy throughout the world. Here also it appears that Hira\u1e47y\u0101k\u1e63a, by his demoniac strength, actually established his supremacy throughout the universe, and the demigods were afraid of his uncommon power. Not only were the demigods in space afraid of the demons Hira\u1e47yaka\u015bipu and Hira\u1e47y\u0101k\u1e63a, but so also were the aquatic animals within the sea.</p></div>"}, {"verseNbr": "<h1>\u015aB 3.17.26</h1>", "sanskritText": "\u0938 \u0935\u0930\u094d\u0937\u092a\u0942\u0917\u093e\u0928\u0941\u0926\u0927\u094c \u092e\u0939\u093e\u092c\u0932-<br/>\u0936\u094d\u091a\u0930\u0928\u094d\u092e\u0939\u094b\u0930\u094d\u092e\u0940\u091e\u094d\u200d\u091b\u094d\u0935\u0938\u0928\u0947\u0930\u093f\u0924\u093e\u0928\u094d\u092e\u0941\u0939\u0941: \u0964<br/>\u092e\u094c\u0930\u094d\u0935\u094d\u092f\u093e\u092d\u093f\u091c\u0918\u094d\u0928\u0947 \u0917\u0926\u092f\u093e \u0935\u093f\u092d\u093e\u0935\u0930\u0940-<br/>\u092e\u093e\u0938\u0947\u0926\u093f\u0935\u093e\u0902\u0938\u094d\u0924\u093e\u0924 \u092a\u0941\u0930\u0940\u0902 \u092a\u094d\u0930\u091a\u0947\u0924\u0938: \u0965 \u0968\u096c \u0965", "englishText": "<em><i>sa var\u1e63a-p\u016bg\u0101n udadhau mah\u0101-bala\u015b<br/>caran mahorm\u012b\u00f1 chvasanerit\u0101n muhu\u1e25<br/>maurvy\u0101bhijaghne gaday\u0101 vibh\u0101var\u012bm<br/>\u0101sediv\u0101\u1e41s t\u0101ta pur\u012b\u1e41 pracetasa\u1e25</i></em>", "synonyms": "<p><a href=\"/en/search/synonyms/?original=sa\u1e25\"><em>sa\u1e25</em></a> \u2014 he; <a href=\"/en/search/synonyms/?original=var\u1e63a\"><em>var\u1e63a</em></a>-<a href=\"/en/search/synonyms/?original=p\u016bg\u0101n\"><em>p\u016bg\u0101n</em></a> \u2014 for many years; <a href=\"/en/search/synonyms/?original=udadhau\"><em>udadhau</em></a> \u2014 in the ocean; <a href=\"/en/search/synonyms/?original=mah\u0101\"><em>mah\u0101</em></a>-<a href=\"/en/search/synonyms/?original=bala\u1e25\"><em>bala\u1e25</em></a> \u2014 mighty; <a href=\"/en/search/synonyms/?original=caran\"><em>caran</em></a> \u2014 moving; <a href=\"/en/search/synonyms/?original=mah\u0101\"><em>mah\u0101</em></a>-<a href=\"/en/search/synonyms/?original=\u016brm\u012bn\"><em>\u016brm\u012bn</em></a> \u2014 gigantic waves; <a href=\"/en/search/synonyms/?original=\u015bvasana\"><em>\u015bvasana</em></a> \u2014 by the wind; <a href=\"/en/search/synonyms/?original=\u012brit\u0101n\"><em>\u012brit\u0101n</em></a> \u2014 tossed; <a href=\"/en/search/synonyms/?original=muhu\u1e25\"><em>muhu\u1e25</em></a> \u2014 again and again; <a href=\"/en/search/synonyms/?original=maurvy\u0101\"><em>maurvy\u0101</em></a> \u2014 iron; <a href=\"/en/search/synonyms/?original=abhijaghne\"><em>abhijaghne</em></a> \u2014 he struck; <a href=\"/en/search/synonyms/?original=gaday\u0101\"><em>gaday\u0101</em></a> \u2014 with his mace; <a href=\"/en/search/synonyms/?original=vibh\u0101var\u012bm\"><em>vibh\u0101var\u012bm</em></a> \u2014 Vibh\u0101var\u012b; <a href=\"/en/search/synonyms/?original=\u0101sediv\u0101n\"><em>\u0101sediv\u0101n</em></a> \u2014 reached; <a href=\"/en/search/synonyms/?original=t\u0101ta\"><em>t\u0101ta</em></a> \u2014 O dear Vidura; <a href=\"/en/search/synonyms/?original=pur\u012bm\"><em>pur\u012bm</em></a> \u2014 the capital; <a href=\"/en/search/synonyms/?original=pracetasa\u1e25\"><em>pracetasa\u1e25</em></a> \u2014 of Varu\u1e47a.</p>", "translation": "<p><strong>Moving about in the ocean for many, many years, the mighty Hira\u1e47y\u0101k\u1e63a smote the gigantic wind-tossed waves again and again with his iron mace and reached Vibh\u0101var\u012b, the capital of Varu\u1e47a.</strong></p>", "purport": "<h2 class=\"section-title\">Purport</h2>\n<div class=\"r r-lang-en r-paragraph\" id=\"bb23908\"><p>Varu\u1e47a is supposed to be the predominating deity of the waters, and his capital, which is known as Vibh\u0101var\u012b, is within the watery kingdom.</p></div>"}, {"verseNbr": "<h1>\u015aB 3.17.27</h1>", "sanskritText": "\u0924\u0924\u094d\u0930\u094b\u092a\u0932\u092d\u094d\u092f\u093e\u0938\u0941\u0930\u0932\u094b\u0915\u092a\u093e\u0932\u0915\u0902<br/>\u092f\u093e\u0926\u094b\u0917\u0923\u093e\u0928\u093e\u092e\u0943\u0937\u092d\u0902 \u092a\u094d\u0930\u091a\u0947\u0924\u0938\u092e\u094d \u0964<br/>\u0938\u094d\u092e\u092f\u0928\u094d \u092a\u094d\u0930\u0932\u092c\u094d\u0927\u0941\u0902 \u092a\u094d\u0930\u0923\u093f\u092a\u0924\u094d\u092f \u0928\u0940\u091a\u0935-<br/>\u091c\u094d\u091c\u0917\u093e\u0926 \u092e\u0947 \u0926\u0947\u0939\u094d\u092f\u0927\u093f\u0930\u093e\u091c \u0938\u0902\u092f\u0941\u0917\u092e \u0965 \u0968\u096d \u0965", "englishText": "<em><i>tatropalabhy\u0101sura-loka-p\u0101laka\u1e41<br/>y\u0101do-ga\u1e47\u0101n\u0101m \u1e5b\u1e63abha\u1e41 pracetasam<br/>smayan pralabdhu\u1e41 pra\u1e47ipatya n\u012bcavaj<br/>jag\u0101da me dehy adhir\u0101ja sa\u1e41yugam</i></em>", "synonyms": "<p><a href=\"/en/search/synonyms/?original=tatra\"><em>tatra</em></a> \u2014 there; <a href=\"/en/search/synonyms/?original=upalabhya\"><em>upalabhya</em></a> \u2014 having reached; <a href=\"/en/search/synonyms/?original=asura\"><em>asura</em></a>-<a href=\"/en/search/synonyms/?original=loka\"><em>loka</em></a> \u2014 of the regions where the demons reside; <a href=\"/en/search/synonyms/?original=p\u0101lakam\"><em>p\u0101lakam</em></a> \u2014 the guardian; <a href=\"/en/search/synonyms/?original=y\u0101da\u1e25\"><em>y\u0101da\u1e25</em></a>-<a href=\"/en/search/synonyms/?original=ga\u1e47\u0101n\u0101m\"><em>ga\u1e47\u0101n\u0101m</em></a> \u2014 of the aquatic creatures; <a href=\"/en/search/synonyms/?original=\u1e5b\u1e63abham\"><em>\u1e5b\u1e63abham</em></a> \u2014 the lord; <a href=\"/en/search/synonyms/?original=pracetasam\"><em>pracetasam</em></a> \u2014 Varu\u1e47a; <a href=\"/en/search/synonyms/?original=smayan\"><em>smayan</em></a> \u2014 smiling; <a href=\"/en/search/synonyms/?original=pralabdhum\"><em>pralabdhum</em></a> \u2014 to make fun; <a href=\"/en/search/synonyms/?original=pra\u1e47ipatya\"><em>pra\u1e47ipatya</em></a> \u2014 having bowed down; <a href=\"/en/search/synonyms/?original=n\u012bca\"><em>n\u012bca</em></a>-<a href=\"/en/search/synonyms/?original=vat\"><em>vat</em></a> \u2014 like a lowborn man; <a href=\"/en/search/synonyms/?original=jag\u0101da\"><em>jag\u0101da</em></a> \u2014 he said; <a href=\"/en/search/synonyms/?original=me\"><em>me</em></a> \u2014 to me; <a href=\"/en/search/synonyms/?original=dehi\"><em>dehi</em></a> \u2014 give; <a href=\"/en/search/synonyms/?original=adhir\u0101ja\"><em>adhir\u0101ja</em></a> \u2014 O great lord; <a href=\"/en/search/synonyms/?original=sa\u1e41yugam\"><em>sa\u1e41yugam</em></a> \u2014 battle.</p>", "translation": "<p><strong>Vibh\u0101var\u012b is the home of Varu\u1e47a, lord of the aquatic creatures and guardian of the lower regions of the universe, where the demons generally reside. There Hira\u1e47y\u0101k\u1e63a fell at Varu\u1e47a\u2019s feet like a lowborn man, and to make fun of him he said with a smile, \u201cGive me battle, O Supreme Lord!\u201d</strong></p>", "purport": "<h2 class=\"section-title\">Purport</h2>\n<div class=\"r r-lang-en r-paragraph\" id=\"bb23913\"><p>The demoniac person always challenges others and tries to occupy others\u2019 property by force. Here these symptoms are fully displayed by Hira\u1e47y\u0101k\u1e63a, who begged war from a person who had no desire to fight.</p></div>"}, {"verseNbr": "<h1>\u015aB 3.17.28</h1>", "sanskritText": "\u0924\u094d\u0935\u0902 \u0932\u094b\u0915\u092a\u093e\u0932\u094b\u093d\u0927\u093f\u092a\u0924\u093f\u0930\u094d\u092c\u0943\u0939\u091a\u094d\u091b\u094d\u0930\u0935\u093e<br/>\u0935\u0940\u0930\u094d\u092f\u093e\u092a\u0939\u094b \u0926\u0941\u0930\u094d\u092e\u0926\u0935\u0940\u0930\u092e\u093e\u0928\u093f\u0928\u093e\u092e\u094d \u0964<br/>\u0935\u093f\u091c\u093f\u0924\u094d\u092f \u0932\u094b\u0915\u0947\u093d\u0916\u093f\u0932\u0926\u0948\u0924\u094d\u092f\u0926\u093e\u0928\u0935\u093e\u0928\u094d<br/>\u092f\u0926\u094d\u0930\u093e\u091c\u0938\u0942\u092f\u0947\u0928 \u092a\u0941\u0930\u093e\u092f\u091c\u0924\u094d\u092a\u094d\u0930\u092d\u094b \u0965 \u0968\u096e \u0965", "englishText": "<em><i>tva\u1e41 loka-p\u0101lo\u00a0\u2019dhipatir b\u1e5bhac-chrav\u0101<br/>v\u012bry\u0101paho durmada-v\u012bra-m\u0101nin\u0101m<br/>vijitya loke\u00a0\u2019khila-daitya-d\u0101nav\u0101n<br/>yad r\u0101jas\u016byena pur\u0101yajat prabho</i></em>", "synonyms": "<p><a href=\"/en/search/synonyms/?original=tvam\"><em>tvam</em></a> \u2014 you (Varu\u1e47a); <a href=\"/en/search/synonyms/?original=loka\"><em>loka</em></a>-<a href=\"/en/search/synonyms/?original=p\u0101la\u1e25\"><em>p\u0101la\u1e25</em></a> \u2014 guardian of the planet; <a href=\"/en/search/synonyms/?original=adhipati\u1e25\"><em>adhipati\u1e25</em></a> \u2014 a ruler; <a href=\"/en/search/synonyms/?original=b\u1e5bhat\"><em>b\u1e5bhat</em></a>-<a href=\"/en/search/synonyms/?original=\u015brav\u0101\u1e25\"><em>\u015brav\u0101\u1e25</em></a> \u2014 of wide fame; <a href=\"/en/search/synonyms/?original=v\u012brya\"><em>v\u012brya</em></a> \u2014 the power; <a href=\"/en/search/synonyms/?original=apaha\u1e25\"><em>apaha\u1e25</em></a> \u2014 diminished; <a href=\"/en/search/synonyms/?original=durmada\"><em>durmada</em></a> \u2014 of the proud; <a href=\"/en/search/synonyms/?original=v\u012bra\"><em>v\u012bra</em></a>-<a href=\"/en/search/synonyms/?original=m\u0101nin\u0101m\"><em>m\u0101nin\u0101m</em></a> \u2014 thinking themselves very big heroes; <a href=\"/en/search/synonyms/?original=vijitya\"><em>vijitya</em></a> \u2014 having conquered; <a href=\"/en/search/synonyms/?original=loke\"><em>loke</em></a> \u2014 in the world; <a href=\"/en/search/synonyms/?original=akhila\"><em>akhila</em></a> \u2014 all; <a href=\"/en/search/synonyms/?original=daitya\"><em>daitya</em></a> \u2014 the demons; <a href=\"/en/search/synonyms/?original=d\u0101nav\u0101n\"><em>d\u0101nav\u0101n</em></a> \u2014 the D\u0101navas; <a href=\"/en/search/synonyms/?original=yat\"><em>yat</em></a> \u2014 whence; <a href=\"/en/search/synonyms/?original=r\u0101ja\"><em>r\u0101ja</em></a>-<a href=\"/en/search/synonyms/?original=s\u016byena\"><em>s\u016byena</em></a> \u2014 with a R\u0101jas\u016bya sacrifice; <a href=\"/en/search/synonyms/?original=pur\u0101\"><em>pur\u0101</em></a> \u2014 formerly; <a href=\"/en/search/synonyms/?original=ayajat\"><em>ayajat</em></a> \u2014 worshiped; <a href=\"/en/search/synonyms/?original=prabho\"><em>prabho</em></a> \u2014 O lord.</p>", "translation": "<p><strong>You are the guardian of an entire sphere and a ruler of wide fame. Having crushed the might of arrogant and conceited warriors and having conquered all the Daityas and D\u0101navas in the world, you once performed a R\u0101jas\u016bya sacrifice to the Lord.</strong></p>", "purport": null}, {"verseNbr": "<h1>\u015aB 3.17.29</h1>", "sanskritText": "\u0938 \u090f\u0935\u092e\u0941\u0924\u094d\u0938\u093f\u0915\u094d\u0924\u092e\u0926\u0947\u0928 \u0935\u093f\u0926\u094d\u0935\u093f\u0937\u093e<br/>\u0926\u200d\u0943\u0922\u0902 \u092a\u094d\u0930\u0932\u092c\u094d\u0927\u094b \u092d\u0917\u0935\u093e\u0928\u092a\u093e\u0902 \u092a\u0924\u093f: \u0964<br/>\u0930\u094b\u0937\u0902 \u0938\u092e\u0941\u0924\u094d\u0925\u0902 \u0936\u092e\u092f\u0928\u094d \u0938\u094d\u0935\u092f\u093e \u0927\u093f\u092f\u093e<br/>\u0935\u094d\u092f\u0935\u094b\u091a\u0926\u0919\u094d\u0917\u094b\u092a\u0936\u092e\u0902 \u0917\u0924\u093e \u0935\u092f\u092e\u094d \u0965 \u0968\u096f \u0965", "englishText": "<em><i>sa evam utsikta-madena vidvi\u1e63\u0101<br/>d\u1e5b\u1e0dha\u1e41 pralabdho bhagav\u0101n ap\u0101\u1e41 pati\u1e25<br/>ro\u1e63a\u1e41 samuttha\u1e41 \u015bamayan svay\u0101 dhiy\u0101<br/>vyavocad a\u1e45gopa\u015bama\u1e41 gat\u0101 vayam</i></em>", "synonyms": "<p><a href=\"/en/search/synonyms/?original=sa\u1e25\"><em>sa\u1e25</em></a> \u2014 Varu\u1e47a; <a href=\"/en/search/synonyms/?original=evam\"><em>evam</em></a> \u2014 thus; <a href=\"/en/search/synonyms/?original=utsikta\"><em>utsikta</em></a> \u2014 puffed up; <a href=\"/en/search/synonyms/?original=madena\"><em>madena</em></a> \u2014 with vanity; <a href=\"/en/search/synonyms/?original=vidvi\u1e63\u0101\"><em>vidvi\u1e63\u0101</em></a> \u2014 by the enemy; <a href=\"/en/search/synonyms/?original=d\u1e5b\u1e0dham\"><em>d\u1e5b\u1e0dham</em></a> \u2014 deeply; <a href=\"/en/search/synonyms/?original=pralabdha\u1e25\"><em>pralabdha\u1e25</em></a> \u2014 mocked; <a href=\"/en/search/synonyms/?original=bhagav\u0101n\"><em>bhagav\u0101n</em></a> \u2014 worshipful; <a href=\"/en/search/synonyms/?original=ap\u0101m\"><em>ap\u0101m</em></a> \u2014 of the waters; <a href=\"/en/search/synonyms/?original=pati\u1e25\"><em>pati\u1e25</em></a> \u2014 the lord; <a href=\"/en/search/synonyms/?original=ro\u1e63am\"><em>ro\u1e63am</em></a> \u2014 anger; <a href=\"/en/search/synonyms/?original=samuttham\"><em>samuttham</em></a> \u2014 sprung up; <a href=\"/en/search/synonyms/?original=\u015bamayan\"><em>\u015bamayan</em></a> \u2014 controlling; <a href=\"/en/search/synonyms/?original=svay\u0101\"><em>svay\u0101</em></a> <a href=\"/en/search/synonyms/?original=dhiy\u0101\"><em>dhiy\u0101</em></a> \u2014 by his reason; <a href=\"/en/search/synonyms/?original=vyavocat\"><em>vyavocat</em></a> \u2014 he replied; <a href=\"/en/search/synonyms/?original=a\u1e45ga\"><em>a\u1e45ga</em></a> \u2014 O dear one; <a href=\"/en/search/synonyms/?original=upa\u015bamam\"><em>upa\u015bamam</em></a> \u2014 desisting from warfare; <a href=\"/en/search/synonyms/?original=gat\u0101\u1e25\"><em>gat\u0101\u1e25</em></a> \u2014 gone; <a href=\"/en/search/synonyms/?original=vayam\"><em>vayam</em></a> \u2014 we.</p>", "translation": "<p><strong>Thus mocked by an enemy whose vanity knew no bounds, the worshipful lord of the waters waxed angry, but by dint of his reason he managed to curb the anger that had sprung up in him, and he replied: O dear one, we have now desisted from warfare, having grown too old for combat.</strong></p>", "purport": "<h2 class=\"section-title\">Purport</h2>\n<div class=\"r r-lang-en r-paragraph\" id=\"bb23922\"><p>As we see, warmongering materialists always create fighting without reason.</p></div>"}, {"verseNbr": "<h1>\u015aB 3.17.30</h1>", "sanskritText": "\u092a\u0936\u094d\u092f\u093e\u092e\u093f \u0928\u093e\u0928\u094d\u092f\u0902 \u092a\u0941\u0930\u0941\u0937\u093e\u0924\u094d\u092a\u0941\u0930\u093e\u0924\u0928\u093e\u0926\u094d<br/>\u092f: \u0938\u0902\u092f\u0941\u0917\u0947 \u0924\u094d\u0935\u093e\u0902 \u0930\u0923\u092e\u093e\u0930\u094d\u0917\u0915\u094b\u0935\u093f\u0926\u092e\u094d \u0964<br/>\u0906\u0930\u093e\u0927\u092f\u093f\u0937\u094d\u092f\u0924\u094d\u092f\u0938\u0941\u0930\u0930\u094d\u0937\u092d\u0947\u0939\u093f \u0924\u0902<br/>\u092e\u0928\u0938\u094d\u0935\u093f\u0928\u094b \u092f\u0902 \u0917\u0943\u0923\u0924\u0947 \u092d\u0935\u093e\u0926\u200d\u0943\u0936\u093e: \u0965 \u0969\u0966 \u0965", "englishText": "<em><i>pa\u015by\u0101mi n\u0101nya\u1e41 puru\u1e63\u0101t pur\u0101tan\u0101d<br/>ya\u1e25 sa\u1e41yuge tv\u0101\u1e41 ra\u1e47a-m\u0101rga-kovidam<br/>\u0101r\u0101dhayi\u1e63yaty asurar\u1e63abhehi ta\u1e41<br/>manasvino ya\u1e41 g\u1e5b\u1e47ate bhav\u0101d\u1e5b\u015b\u0101\u1e25</i></em>", "synonyms": "<p><a href=\"/en/search/synonyms/?original=pa\u015by\u0101mi\"><em>pa\u015by\u0101mi</em></a> \u2014 I see; <a href=\"/en/search/synonyms/?original=na\"><em>na</em></a> \u2014 not; <a href=\"/en/search/synonyms/?original=anyam\"><em>anyam</em></a> \u2014 other; <a href=\"/en/search/synonyms/?original=puru\u1e63\u0101t\"><em>puru\u1e63\u0101t</em></a> \u2014 than the person; <a href=\"/en/search/synonyms/?original=pur\u0101tan\u0101t\"><em>pur\u0101tan\u0101t</em></a> \u2014 most ancient; <a href=\"/en/search/synonyms/?original=ya\u1e25\"><em>ya\u1e25</em></a> \u2014 who; <a href=\"/en/search/synonyms/?original=sa\u1e41yuge\"><em>sa\u1e41yuge</em></a> \u2014 in battle; <a href=\"/en/search/synonyms/?original=tv\u0101m\"><em>tv\u0101m</em></a> \u2014 to you; <a href=\"/en/search/synonyms/?original=ra\u1e47a\"><em>ra\u1e47a</em></a>-<a href=\"/en/search/synonyms/?original=m\u0101rga\"><em>m\u0101rga</em></a> \u2014 in the tactics of war; <a href=\"/en/search/synonyms/?original=kovidam\"><em>kovidam</em></a> \u2014 very much skilled; <a href=\"/en/search/synonyms/?original=\u0101r\u0101dhayi\u1e63yati\"><em>\u0101r\u0101dhayi\u1e63yati</em></a> \u2014 will give satisfaction; <a href=\"/en/search/synonyms/?original=asura\"><em>asura</em></a>-<a href=\"/en/search/synonyms/?original=\u1e5b\u1e63abha\"><em>\u1e5b\u1e63abha</em></a> \u2014 O chief of the <em>asuras</em>; <a href=\"/en/search/synonyms/?original=ihi\"><em>ihi</em></a> \u2014 approach; <a href=\"/en/search/synonyms/?original=tam\"><em>tam</em></a> \u2014 Him; <a href=\"/en/search/synonyms/?original=manasvina\u1e25\"><em>manasvina\u1e25</em></a> \u2014 heroes; <a href=\"/en/search/synonyms/?original=yam\"><em>yam</em></a> \u2014 whom; <a href=\"/en/search/synonyms/?original=g\u1e5b\u1e47ate\"><em>g\u1e5b\u1e47ate</em></a> \u2014 praise; <a href=\"/en/search/synonyms/?original=bhav\u0101d\u1e5b\u015b\u0101\u1e25\"><em>bhav\u0101d\u1e5b\u015b\u0101\u1e25</em></a> \u2014 like you.</p>", "translation": "<p><strong>You are so skilled in war that I do not see anyone else but the most ancient person, Lord Vi\u1e63\u1e47u, who can give satisfaction in battle to you. Therefore, O chief of the asuras, approach Him, whom even heroes like you mention with praise.</strong></p>", "purport": "<h2 class=\"section-title\">Purport</h2>\n<div class=\"r r-lang-en r-paragraph\" id=\"bb23927\"><p>Aggressive materialistic warriors are actually punished by the Supreme Lord for their policy of unnecessarily disturbing world peace. Therefore Varu\u1e47a advised Hira\u1e47y\u0101k\u1e63a that the right course to satisfy his fighting spirit would be to seek to fight with Vi\u1e63\u1e47u.</p></div>"}, {"verseNbr": "<h1>\u015aB 3.17.31</h1>", "sanskritText": "\u0924\u0902 \u0935\u0940\u0930\u092e\u093e\u0930\u093e\u0926\u092d\u093f\u092a\u0926\u094d\u092f \u0935\u093f\u0938\u094d\u092e\u092f:<br/>\u0936\u092f\u093f\u0937\u094d\u092f\u0938\u0947 \u0935\u0940\u0930\u0936\u092f\u0947 \u0936\u094d\u0935\u092d\u093f\u0930\u094d\u0935\u0943\u0924: \u0964<br/>\u092f\u0938\u094d\u0924\u094d\u0935\u0926\u094d\u0935\u093f\u0927\u093e\u0928\u093e\u092e\u0938\u0924\u093e\u0902 \u092a\u094d\u0930\u0936\u093e\u0928\u094d\u0924\u092f\u0947<br/>\u0930\u0942\u092a\u093e\u0923\u093f \u0927\u0924\u094d\u0924\u0947 \u0938\u0926\u0928\u0941\u0917\u094d\u0930\u0939\u0947\u091a\u094d\u091b\u092f\u093e \u0965 \u0969\u0967 \u0965", "englishText": "<em><i>ta\u1e41 v\u012bram \u0101r\u0101d abhipadya vismaya\u1e25<br/>\u015bayi\u1e63yase v\u012bra-\u015baye \u015bvabhir v\u1e5bta\u1e25<br/>yas tvad-vidh\u0101n\u0101m asat\u0101\u1e41 pra\u015b\u0101ntaye<br/>r\u016bp\u0101\u1e47i dhatte sad-anugrahecchay\u0101</i></em>", "synonyms": "<p><a href=\"/en/search/synonyms/?original=tam\"><em>tam</em></a> \u2014 Him; <a href=\"/en/search/synonyms/?original=v\u012bram\"><em>v\u012bram</em></a> \u2014 the great hero; <a href=\"/en/search/synonyms/?original=\u0101r\u0101t\"><em>\u0101r\u0101t</em></a> \u2014 quickly; <a href=\"/en/search/synonyms/?original=abhipadya\"><em>abhipadya</em></a> \u2014 on reaching; <a href=\"/en/search/synonyms/?original=vismaya\u1e25\"><em>vismaya\u1e25</em></a> \u2014 rid of pride; <a href=\"/en/search/synonyms/?original=\u015bayi\u1e63yase\"><em>\u015bayi\u1e63yase</em></a> \u2014 you will lie down; <a href=\"/en/search/synonyms/?original=v\u012bra\u015baye\"><em>v\u012bra\u015baye</em></a> \u2014 on the battlefield; <a href=\"/en/search/synonyms/?original=\u015bvabhi\u1e25\"><em>\u015bvabhi\u1e25</em></a> \u2014 by dogs; <a href=\"/en/search/synonyms/?original=v\u1e5bta\u1e25\"><em>v\u1e5bta\u1e25</em></a> \u2014 surrounded; <a href=\"/en/search/synonyms/?original=ya\u1e25\"><em>ya\u1e25</em></a> \u2014 He who; <a href=\"/en/search/synonyms/?original=tvat\"><em>tvat</em></a>-<a href=\"/en/search/synonyms/?original=vidh\u0101n\u0101m\"><em>vidh\u0101n\u0101m</em></a> \u2014 like you; <a href=\"/en/search/synonyms/?original=asat\u0101m\"><em>asat\u0101m</em></a> \u2014 of wicked persons; <a href=\"/en/search/synonyms/?original=pra\u015b\u0101ntaye\"><em>pra\u015b\u0101ntaye</em></a> \u2014 for the extermination; <a href=\"/en/search/synonyms/?original=r\u016bp\u0101\u1e47i\"><em>r\u016bp\u0101\u1e47i</em></a> \u2014 forms; <a href=\"/en/search/synonyms/?original=dhatte\"><em>dhatte</em></a> \u2014 He assumes; <a href=\"/en/search/synonyms/?original=sat\"><em>sat</em></a> \u2014 to the virtuous; <a href=\"/en/search/synonyms/?original=anugraha\"><em>anugraha</em></a> \u2014 to show His grace; <a href=\"/en/search/synonyms/?original=icchay\u0101\"><em>icchay\u0101</em></a> \u2014 with a desire.</p>", "translation": "<p><strong>Varu\u1e47a continued: On reaching Him you will be rid of your pride at once and will lie down on the field of battle, surrounded by dogs, for eternal sleep. It is in order to exterminate wicked fellows like you and to show His grace to the virtuous that He assumes His various incarnations like Var\u0101ha.</strong></p>", "purport": "<h2 class=\"section-title\">Purport</h2>\n<div class=\"r r-lang-en r-paragraph\" id=\"bb23932\"><p><i>Asuras</i> do not know that their bodies consist of the five elements of material nature and that when they fall they become objects of pastimes for dogs and vultures. Varu\u1e47a advised Hira\u1e47y\u0101k\u1e63a to meet Vi\u1e63\u1e47u in His boar incarnation so that his hankering for aggressive war would be satisfied and his powerful body would be vanquished.</p></div>\n<div class=\"r r-lang-en r-paragraph-thus-ends\" id=\"bb23933\"><p><i>Thus end the Bhaktivedanta purports of the Third Canto, Seventeenth Chapter, of the</i> <a href=\"/en/library/sb/\">\u015ar\u012bmad-Bh\u0101gavatam</a>, <i>entitled \u201cVictory of Hira\u1e47y\u0101k\u1e63a Over All the Directions of the Universe.\u201d</i></p></div>"}]}