{"verseNbrs": ["1", "2", "3", "4", "5", "6", "7", "8", "9", "10", "11", "12", "13", "14", "15", "16", "17", "18", "19", "20", "21", "22", "23", "24", "25", "26", "27", "28-29", "30"], "totalVerses": 29, "name": "<h1>Divisions of the Creation</h1>", "verses": [{"verseNbr": "<h1>\u015aB 3.10.1</h1>", "sanskritText": "\u0935\u093f\u0926\u0941\u0930 \u0909\u0935\u093e\u091a<br/>\u0905\u0928\u094d\u0924\u0930\u094d\u0939\u093f\u0924\u0947 \u092d\u0917\u0935\u0924\u093f \u092c\u094d\u0930\u0939\u094d\u092e\u093e \u0932\u094b\u0915\u092a\u093f\u0924\u093e\u092e\u0939: \u0964<br/>\u092a\u094d\u0930\u091c\u093e: \u0938\u0938\u0930\u094d\u091c \u0915\u0924\u093f\u0927\u093e \u0926\u0948\u0939\u093f\u0915\u0940\u0930\u094d\u092e\u093e\u0928\u0938\u0940\u0930\u094d\u0935\u093f\u092d\u0941: \u0965 \u0967 \u0965", "englishText": "<em>vidura uv\u0101ca<br/><i>antarhite bhagavati<br/>brahm\u0101 loka-pit\u0101maha\u1e25<br/>praj\u0101\u1e25 sasarja katidh\u0101<br/>daihik\u012br m\u0101nas\u012br vibhu\u1e25</i></em>", "synonyms": "<p><a href=\"/en/search/synonyms/?original=vidura\u1e25\"><em>vidura\u1e25</em></a> <a href=\"/en/search/synonyms/?original=uv\u0101ca\"><em>uv\u0101ca</em></a> \u2014 \u015ar\u012b Vidura said; <a href=\"/en/search/synonyms/?original=antarhite\"><em>antarhite</em></a> \u2014 after the disappearance; <a href=\"/en/search/synonyms/?original=bhagavati\"><em>bhagavati</em></a> \u2014 of the Personality of Godhead; <a href=\"/en/search/synonyms/?original=brahm\u0101\"><em>brahm\u0101</em></a> \u2014 the first created living being; <a href=\"/en/search/synonyms/?original=loka\"><em>loka</em></a>-<a href=\"/en/search/synonyms/?original=pit\u0101maha\u1e25\"><em>pit\u0101maha\u1e25</em></a> \u2014 the grandfather of all planetary inhabitants; <a href=\"/en/search/synonyms/?original=praj\u0101\u1e25\"><em>praj\u0101\u1e25</em></a> \u2014 generations; <a href=\"/en/search/synonyms/?original=sasarja\"><em>sasarja</em></a> \u2014 created; <a href=\"/en/search/synonyms/?original=katidh\u0101\u1e25\"><em>katidh\u0101\u1e25</em></a> \u2014 how many; <a href=\"/en/search/synonyms/?original=daihik\u012b\u1e25\"><em>daihik\u012b\u1e25</em></a> \u2014 from his body; <a href=\"/en/search/synonyms/?original=m\u0101nas\u012b\u1e25\"><em>m\u0101nas\u012b\u1e25</em></a> \u2014 from his mind; <a href=\"/en/search/synonyms/?original=vibhu\u1e25\"><em>vibhu\u1e25</em></a> \u2014 the great.</p>", "translation": "<p><strong>\u015ar\u012b Vidura said: O great sage, please let me know how Brahm\u0101, the grandfather of the planetary inhabitants, created the bodies of the living entities from his own body and mind after the disappearance of the Supreme Personality of Godhead.</strong></p>", "purport": null}, {"verseNbr": "<h1>\u015aB 3.10.2</h1>", "sanskritText": "\u092f\u0947 \u091a \u092e\u0947 \u092d\u0917\u0935\u0928\u094d \u092a\u0943\u0937\u094d\u091f\u093e\u0938\u094d\u0924\u094d\u0935\u092f\u094d\u092f\u0930\u094d\u0925\u093e \u092c\u0939\u0941\u0935\u093f\u0924\u094d\u0924\u092e \u0964<br/>\u0924\u093e\u0928\u094d \u0935\u0926\u0938\u094d\u0935\u093e\u0928\u0941\u092a\u0942\u0930\u094d\u0935\u094d\u092f\u0947\u0923 \u091b\u093f\u0928\u094d\u0927\u093f \u0928: \u0938\u0930\u094d\u0935\u0938\u0902\u0936\u092f\u093e\u0928\u094d \u0965 \u0968 \u0965", "englishText": "<em><i>ye ca me bhagavan p\u1e5b\u1e63\u1e6d\u0101s<br/>tvayy arth\u0101 bahuvittama<br/>t\u0101n vadasv\u0101nup\u016brvye\u1e47a<br/>chindhi na\u1e25 sarva-sa\u1e41\u015bay\u0101n</i></em>", "synonyms": "<p><a href=\"/en/search/synonyms/?original=ye\"><em>ye</em></a> \u2014 all those; <a href=\"/en/search/synonyms/?original=ca\"><em>ca</em></a> \u2014 also; <a href=\"/en/search/synonyms/?original=me\"><em>me</em></a> \u2014 by me; <a href=\"/en/search/synonyms/?original=bhagavan\"><em>bhagavan</em></a> \u2014 O powerful one; <a href=\"/en/search/synonyms/?original=p\u1e5b\u1e63\u1e6d\u0101\u1e25\"><em>p\u1e5b\u1e63\u1e6d\u0101\u1e25</em></a> \u2014 inquired; <a href=\"/en/search/synonyms/?original=tvayi\"><em>tvayi</em></a> \u2014 unto you; <a href=\"/en/search/synonyms/?original=arth\u0101\u1e25\"><em>arth\u0101\u1e25</em></a> \u2014 purpose; <a href=\"/en/search/synonyms/?original=bahu\"><em>bahu</em></a>-<a href=\"/en/search/synonyms/?original=vit\"><em>vit</em></a>-<a href=\"/en/search/synonyms/?original=tama\"><em>tama</em></a> \u2014 O greatly learned one; <a href=\"/en/search/synonyms/?original=t\u0101n\"><em>t\u0101n</em></a> \u2014 all of them; <a href=\"/en/search/synonyms/?original=vadasva\"><em>vadasva</em></a> \u2014 kindly describe; <a href=\"/en/search/synonyms/?original=\u0101nup\u016brvye\u1e47a\"><em>\u0101nup\u016brvye\u1e47a</em></a> \u2014 from beginning to end; <a href=\"/en/search/synonyms/?original=chindhi\"><em>chindhi</em></a> \u2014 kindly eradicate; <a href=\"/en/search/synonyms/?original=na\u1e25\"><em>na\u1e25</em></a> \u2014 my; <a href=\"/en/search/synonyms/?original=sarva\"><em>sarva</em></a> \u2014 all; <a href=\"/en/search/synonyms/?original=sa\u1e41\u015bay\u0101n\"><em>sa\u1e41\u015bay\u0101n</em></a> \u2014 doubts.</p>", "translation": "<p><strong>O greatly learned one, kindly eradicate all my doubts, and let me know of all that I have inquired from you from the beginning to the end.</strong></p>", "purport": "<h2 class=\"section-title\">Purport</h2>\n<div class=\"r r-lang-en r-paragraph\" id=\"bb22188\"><p>Vidura asked all relevant questions of Maitreya because he knew well that Maitreya was the right person to reply to all the points of his inquiries. One must be confident about the qualifications of his teacher; one should not approach a layman for replies to specific spiritual inquiries. Such inquiries, when replied to with imaginative answers by the teacher, are a program for wasting time.</p></div>"}, {"verseNbr": "<h1>\u015aB 3.10.3</h1>", "sanskritText": "\u0938\u0942\u0924 \u0909\u0935\u093e\u091a<br/>\u090f\u0935\u0902 \u0938\u091e\u094d\u091a\u094b\u0926\u093f\u0924\u0938\u094d\u0924\u0947\u0928 \u0915\u094d\u0937\u0924\u094d\u200d\u0924\u094d\u0930\u093e \u0915\u094c\u0937\u093e\u0930\u0935\u093f\u0930\u094d\u092e\u0941\u0928\u093f: \u0964<br/>\u092a\u094d\u0930\u0940\u0924: \u092a\u094d\u0930\u0924\u094d\u092f\u093e\u0939 \u0924\u093e\u0928\u094d \u092a\u094d\u0930\u0936\u094d\u0928\u093e\u0928\u094d \u0939\u0943\u0926\u093f\u0938\u094d\u0925\u093e\u0928\u0925 \u092d\u093e\u0930\u094d\u0917\u0935 \u0965 \u0969 \u0965", "englishText": "<em>s\u016bta uv\u0101ca<br/><i>eva\u1e41 sa\u00f1coditas tena<br/>k\u1e63attr\u0101 kau\u1e63\u0101ravir muni\u1e25<br/>pr\u012bta\u1e25 praty\u0101ha t\u0101n pra\u015bn\u0101n<br/>h\u1e5bdi-sth\u0101n atha bh\u0101rgava</i></em>", "synonyms": "<p><a href=\"/en/search/synonyms/?original=s\u016bta\u1e25\"><em>s\u016bta\u1e25</em></a> <a href=\"/en/search/synonyms/?original=uv\u0101ca\"><em>uv\u0101ca</em></a> \u2014 \u015ar\u012b S\u016bta Gosv\u0101m\u012b said; <a href=\"/en/search/synonyms/?original=evam\"><em>evam</em></a> \u2014 thus; <a href=\"/en/search/synonyms/?original=sa\u00f1codita\u1e25\"><em>sa\u00f1codita\u1e25</em></a> \u2014 being enlivened; <a href=\"/en/search/synonyms/?original=tena\"><em>tena</em></a> \u2014 by him; <a href=\"/en/search/synonyms/?original=k\u1e63attr\u0101\"><em>k\u1e63attr\u0101</em></a> \u2014 by Vidura; <a href=\"/en/search/synonyms/?original=kau\u1e63\u0101ravi\u1e25\"><em>kau\u1e63\u0101ravi\u1e25</em></a> \u2014 the son of Ku\u1e63\u0101ra; <a href=\"/en/search/synonyms/?original=muni\u1e25\"><em>muni\u1e25</em></a> \u2014 great sage; <a href=\"/en/search/synonyms/?original=pr\u012bta\u1e25\"><em>pr\u012bta\u1e25</em></a> \u2014 being pleased; <a href=\"/en/search/synonyms/?original=praty\u0101ha\"><em>praty\u0101ha</em></a> \u2014 replied; <a href=\"/en/search/synonyms/?original=t\u0101n\"><em>t\u0101n</em></a> \u2014 those; <a href=\"/en/search/synonyms/?original=pra\u015bn\u0101n\"><em>pra\u015bn\u0101n</em></a> \u2014 questions; <a href=\"/en/search/synonyms/?original=h\u1e5bdi\"><em>h\u1e5bdi</em></a>-<a href=\"/en/search/synonyms/?original=sth\u0101n\"><em>sth\u0101n</em></a> \u2014 from the core of his heart; <a href=\"/en/search/synonyms/?original=atha\"><em>atha</em></a> \u2014 thus; <a href=\"/en/search/synonyms/?original=bh\u0101rgava\"><em>bh\u0101rgava</em></a> \u2014 O son of Bh\u1e5bgu.</p>", "translation": "<p><strong>S\u016bta Gosv\u0101m\u012b said: O son of Bh\u1e5bgu, the great sage Maitreya Muni, thus hearing from Vidura, felt very much enlivened. Everything was in his heart, and thus he began to reply to the questions one after another.</strong></p>", "purport": "<h2 class=\"section-title\">Purport</h2>\n<div class=\"r r-lang-en r-paragraph\" id=\"bb22193\"><p>The phrase <i>s\u016bta uv\u0101ca</i> (\u201cS\u016bta Gosv\u0101m\u012b said\u201d) appears to indicate a break in the discourse between Mah\u0101r\u0101ja Par\u012bk\u1e63it and \u015aukadeva Gosv\u0101m\u012b. While \u015aukadeva Gosv\u0101m\u012b was speaking to Mah\u0101r\u0101ja Par\u012bk\u1e63it, S\u016bta Gosv\u0101m\u012b was only one member of a large audience. But S\u016bta Gosv\u0101m\u012b was speaking to the sages of Naimi\u1e63\u0101ra\u1e47ya, headed by the sage \u015aaunaka, a descendant of \u015aukadeva Gosv\u0101m\u012b. This, however, does not make any substantial difference in the topics under discussion.</p></div>"}, {"verseNbr": "<h1>\u015aB 3.10.4</h1>", "sanskritText": "\u092e\u0948\u0924\u094d\u0930\u0947\u092f \u0909\u0935\u093e\u091a<br/>\u0935\u093f\u0930\u093f\u091e\u094d\u091a\u094b\u093d\u092a\u093f \u0924\u0925\u093e \u091a\u0915\u094d\u0930\u0947 \u0926\u093f\u0935\u094d\u092f\u0902 \u0935\u0930\u094d\u0937\u0936\u0924\u0902 \u0924\u092a: \u0964<br/>\u0906\u0924\u094d\u092e\u0928\u094d\u092f\u093e\u0924\u094d\u092e\u093e\u0928\u092e\u093e\u0935\u0947\u0936\u094d\u092f \u092f\u0925\u093e\u0939 \u092d\u0917\u0935\u093e\u0928\u091c: \u0965 \u096a \u0965", "englishText": "<em>maitreya uv\u0101ca<br/><i>viri\u00f1co\u00a0\u2019pi tath\u0101 cakre<br/>divya\u1e41 var\u1e63a-\u015bata\u1e41 tapa\u1e25<br/>\u0101tmany \u0101tm\u0101nam \u0101ve\u015bya<br/>yath\u0101ha bhagav\u0101n aja\u1e25</i></em>", "synonyms": "<p><a href=\"/en/search/synonyms/?original=maitreya\u1e25\"><em>maitreya\u1e25</em></a> <a href=\"/en/search/synonyms/?original=uv\u0101ca\"><em>uv\u0101ca</em></a> \u2014 the great sage Maitreya said; <a href=\"/en/search/synonyms/?original=viri\u00f1ca\u1e25\"><em>viri\u00f1ca\u1e25</em></a> \u2014 Brahm\u0101; <a href=\"/en/search/synonyms/?original=api\"><em>api</em></a> \u2014 also; <a href=\"/en/search/synonyms/?original=tath\u0101\"><em>tath\u0101</em></a> \u2014 in that manner; <a href=\"/en/search/synonyms/?original=cakre\"><em>cakre</em></a> \u2014 performed; <a href=\"/en/search/synonyms/?original=divyam\"><em>divyam</em></a> \u2014 celestial; <a href=\"/en/search/synonyms/?original=var\u1e63a\"><em>var\u1e63a</em></a>-<a href=\"/en/search/synonyms/?original=\u015batam\"><em>\u015batam</em></a> \u2014 one hundred years; <a href=\"/en/search/synonyms/?original=tapa\u1e25\"><em>tapa\u1e25</em></a> \u2014 penances; <a href=\"/en/search/synonyms/?original=\u0101tmani\"><em>\u0101tmani</em></a> \u2014 unto the Lord; <a href=\"/en/search/synonyms/?original=\u0101tm\u0101nam\"><em>\u0101tm\u0101nam</em></a> \u2014 his own self; <a href=\"/en/search/synonyms/?original=\u0101ve\u015bya\"><em>\u0101ve\u015bya</em></a> \u2014 engaging; <a href=\"/en/search/synonyms/?original=yath\u0101\"><em>yath\u0101</em></a> <a href=\"/en/search/synonyms/?original=\u0101ha\"><em>\u0101ha</em></a> \u2014 as it was spoken; <a href=\"/en/search/synonyms/?original=bhagav\u0101n\"><em>bhagav\u0101n</em></a> \u2014 the Personality of Godhead; <a href=\"/en/search/synonyms/?original=aja\u1e25\"><em>aja\u1e25</em></a> \u2014 the unborn.</p>", "translation": "<p><strong>The greatly learned sage Maitreya said: O Vidura, Brahm\u0101 thus engaged himself in penances for one hundred celestial years, as advised by the Personality of Godhead, and applied himself in devotional service to the Lord.</strong></p>", "purport": "<h2 class=\"section-title\">Purport</h2>\n<div class=\"r r-lang-en r-paragraph\" id=\"bb22198\"><p>That Brahm\u0101 engaged himself for the Personality of Godhead, N\u0101r\u0101ya\u1e47a, means that he engaged himself in the service of the Lord; that is the highest penance one can perform for any number of years. There is no retirement from such service, which is eternal and ever encouraging.</p></div>"}, {"verseNbr": "<h1>\u015aB 3.10.5</h1>", "sanskritText": "\u0924\u0926\u094d\u0935\u093f\u0932\u094b\u0915\u094d\u092f\u093e\u092c\u094d\u091c\u0938\u092e\u094d\u092d\u0942\u0924\u094b \u0935\u093e\u092f\u0941\u0928\u093e \u092f\u0926\u0927\u093f\u0937\u094d\u0920\u093f\u0924: \u0964<br/>\u092a\u0926\u094d\u092e\u092e\u092e\u094d\u092d\u0936\u094d\u091a \u0924\u0924\u094d\u0915\u093e\u0932\u0915\u0943\u0924\u0935\u0940\u0930\u094d\u092f\u0947\u0923 \u0915\u092e\u094d\u092a\u093f\u0924\u092e\u094d \u0965 \u096b \u0965", "englishText": "<em><i>tad viloky\u0101bja-sambh\u016bto<br/>v\u0101yun\u0101 yad-adhi\u1e63\u1e6dhita\u1e25<br/>padmam ambha\u015b ca tat-k\u0101la-<br/>k\u1e5bta-v\u012brye\u1e47a kampitam</i></em>", "synonyms": "<p><a href=\"/en/search/synonyms/?original=tat\"><em>tat</em></a> <a href=\"/en/search/synonyms/?original=vilokya\"><em>vilokya</em></a> \u2014 looking into that; <a href=\"/en/search/synonyms/?original=abja\"><em>abja</em></a>-<a href=\"/en/search/synonyms/?original=sambh\u016bta\u1e25\"><em>sambh\u016bta\u1e25</em></a> \u2014 whose source of birth was a lotus; <a href=\"/en/search/synonyms/?original=v\u0101yun\u0101\"><em>v\u0101yun\u0101</em></a> \u2014 by the air; <a href=\"/en/search/synonyms/?original=yat\"><em>yat</em></a> \u2014 that; <a href=\"/en/search/synonyms/?original=adhi\u1e63\u1e6dhita\u1e25\"><em>adhi\u1e63\u1e6dhita\u1e25</em></a> \u2014 on which he was situated; <a href=\"/en/search/synonyms/?original=padmam\"><em>padmam</em></a> \u2014 lotus; <a href=\"/en/search/synonyms/?original=ambha\u1e25\"><em>ambha\u1e25</em></a> \u2014 water; <a href=\"/en/search/synonyms/?original=ca\"><em>ca</em></a> \u2014 also; <a href=\"/en/search/synonyms/?original=tat\"><em>tat</em></a>-<a href=\"/en/search/synonyms/?original=k\u0101la\"><em>k\u0101la</em></a>-<a href=\"/en/search/synonyms/?original=k\u1e5bta\"><em>k\u1e5bta</em></a> \u2014 which was effected by eternal time; <a href=\"/en/search/synonyms/?original=v\u012brye\u1e47a\"><em>v\u012brye\u1e47a</em></a> \u2014 by its inherent force; <a href=\"/en/search/synonyms/?original=kampitam\"><em>kampitam</em></a> \u2014 trembling.</p>", "translation": "<p><strong>Thereafter Brahm\u0101 saw that both the lotus on which he was situated and the water on which the lotus was growing were trembling due to a strong, violent wind.</strong></p>", "purport": "<h2 class=\"section-title\">Purport</h2>\n<div class=\"r r-lang-en r-paragraph\" id=\"bb22203\"><p>The material world is called illusory because it is a place of forgetfulness of the transcendental service of the Lord. Thus one engaged in the Lord\u2019s devotional service in the material world may sometimes be very much disturbed by awkward circumstances. There is a declaration of war between the two parties, the illusory energy and the devotee, and sometimes the weak devotees fall victim to the onslaught of the powerful illusory energy. Lord Brahm\u0101, however, was sufficiently strong, by the causeless mercy of the Lord, and he could not be victimized by the material energy, although it gave him cause for anxiety when it managed to totter the existence of his position.</p></div>"}, {"verseNbr": "<h1>\u015aB 3.10.6</h1>", "sanskritText": "\u0924\u092a\u0938\u093e \u0939\u094d\u092f\u0947\u0927\u092e\u093e\u0928\u0947\u0928 \u0935\u093f\u0926\u094d\u092f\u092f\u093e \u091a\u093e\u0924\u094d\u092e\u0938\u0902\u0938\u094d\u0925\u092f\u093e \u0964<br/>\u0935\u093f\u0935\u0943\u0926\u094d\u0927\u0935\u093f\u091c\u094d\u091e\u093e\u0928\u092c\u0932\u094b \u0928\u094d\u092f\u092a\u093e\u0926\u094d \u0935\u093e\u092f\u0941\u0902 \u0938\u0939\u093e\u092e\u094d\u092d\u0938\u093e \u0965 \u096c \u0965", "englishText": "<em><i>tapas\u0101 hy edham\u0101nena<br/>vidyay\u0101 c\u0101tma-sa\u1e41sthay\u0101<br/>viv\u1e5bddha-vij\u00f1\u0101na-balo<br/>nyap\u0101d v\u0101yu\u1e41 sah\u0101mbhas\u0101</i></em>", "synonyms": "<p><a href=\"/en/search/synonyms/?original=tapas\u0101\"><em>tapas\u0101</em></a> \u2014 by penance; <a href=\"/en/search/synonyms/?original=hi\"><em>hi</em></a> \u2014 certainly; <a href=\"/en/search/synonyms/?original=edham\u0101nena\"><em>edham\u0101nena</em></a> \u2014 increasing; <a href=\"/en/search/synonyms/?original=vidyay\u0101\"><em>vidyay\u0101</em></a> \u2014 by transcendental knowledge; <a href=\"/en/search/synonyms/?original=ca\"><em>ca</em></a> \u2014 also; <a href=\"/en/search/synonyms/?original=\u0101tma\"><em>\u0101tma</em></a> \u2014 self; <a href=\"/en/search/synonyms/?original=sa\u1e41sthay\u0101\"><em>sa\u1e41sthay\u0101</em></a> \u2014 situated in the self; <a href=\"/en/search/synonyms/?original=viv\u1e5bddha\"><em>viv\u1e5bddha</em></a> \u2014 matured; <a href=\"/en/search/synonyms/?original=vij\u00f1\u0101na\"><em>vij\u00f1\u0101na</em></a> \u2014 practical knowledge; <a href=\"/en/search/synonyms/?original=bala\u1e25\"><em>bala\u1e25</em></a> \u2014 power; <a href=\"/en/search/synonyms/?original=nyap\u0101t\"><em>nyap\u0101t</em></a> \u2014 drank; <a href=\"/en/search/synonyms/?original=v\u0101yum\"><em>v\u0101yum</em></a> \u2014 the wind; <a href=\"/en/search/synonyms/?original=saha\"><em>saha</em></a> <a href=\"/en/search/synonyms/?original=ambhas\u0101\"><em>ambhas\u0101</em></a> \u2014 along with the water.</p>", "translation": "<p><strong>Long penance and transcendental knowledge of self-realization had matured Brahm\u0101 in practical knowledge, and thus he drank the wind completely, along with the water.</strong></p>", "purport": "<h2 class=\"section-title\">Purport</h2>\n<div class=\"r r-lang-en r-paragraph\" id=\"bb22208\"><p>Lord Brahm\u0101\u2019s struggle for existence is a personal example of the continued fight between the living entities in the material world and the illusory energy called <i>m\u0101y\u0101.</i> Beginning from Brahm\u0101 down to this age, the living entities are struggling with the forces of material nature. By advanced knowledge in science and transcendental realization, one can try to control the material energy, which works against our endeavors, and in the modern age advanced material scientific knowledge and penance have played very wonderful roles in controlling the powers of the material energy. Such control of the material energy, however, can be most successfully carried out if one is a soul surrendered unto the Supreme Personality of Godhead and carries out His order in the spirit of loving transcendental service.</p></div>"}, {"verseNbr": "<h1>\u015aB 3.10.7</h1>", "sanskritText": "\u0924\u0926\u094d\u0935\u093f\u0932\u094b\u0915\u094d\u092f \u0935\u093f\u092f\u0926\u094d\u0935\u094d\u092f\u093e\u092a\u093f \u092a\u0941\u0937\u094d\u0915\u0930\u0902 \u092f\u0926\u0927\u093f\u0937\u094d\u0920\u093f\u0924\u092e\u094d \u0964<br/>\u0905\u0928\u0947\u0928 \u0932\u094b\u0915\u093e\u0928\u094d \u092a\u094d\u0930\u093e\u0917\u094d\u0932\u0940\u0928\u093e\u0928\u094d \u0915\u0932\u094d\u092a\u093f\u0924\u093e\u0938\u094d\u092e\u0940\u0924\u094d\u092f\u091a\u093f\u0928\u094d\u0924\u092f\u0924\u094d \u0965 \u096d \u0965", "englishText": "<em><i>tad vilokya viyad-vy\u0101pi<br/>pu\u1e63kara\u1e41 yad-adhi\u1e63\u1e6dhitam<br/>anena lok\u0101n pr\u0101g-l\u012bn\u0101n<br/>kalpit\u0101sm\u012bty acintayat</i></em>", "synonyms": "<p><a href=\"/en/search/synonyms/?original=tat\"><em>tat</em></a> <a href=\"/en/search/synonyms/?original=vilokya\"><em>vilokya</em></a> \u2014 looking into that; <a href=\"/en/search/synonyms/?original=viyat\"><em>viyat</em></a>-<a href=\"/en/search/synonyms/?original=vy\u0101pi\"><em>vy\u0101pi</em></a> \u2014 extensively widespread; <a href=\"/en/search/synonyms/?original=pu\u1e63karam\"><em>pu\u1e63karam</em></a> \u2014 the lotus; <a href=\"/en/search/synonyms/?original=yat\"><em>yat</em></a> \u2014 that which; <a href=\"/en/search/synonyms/?original=adhi\u1e63\u1e6dhitam\"><em>adhi\u1e63\u1e6dhitam</em></a> \u2014 he was situated; <a href=\"/en/search/synonyms/?original=anena\"><em>anena</em></a> \u2014 by this; <a href=\"/en/search/synonyms/?original=lok\u0101n\"><em>lok\u0101n</em></a> \u2014 all the planets; <a href=\"/en/search/synonyms/?original=pr\u0101k\"><em>pr\u0101k</em></a>-<a href=\"/en/search/synonyms/?original=l\u012bn\u0101n\"><em>l\u012bn\u0101n</em></a> \u2014 previously merged in dissolution; <a href=\"/en/search/synonyms/?original=kalpit\u0101\"><em>kalpit\u0101</em></a> <a href=\"/en/search/synonyms/?original=asmi\"><em>asmi</em></a> \u2014 I shall create; <a href=\"/en/search/synonyms/?original=iti\"><em>iti</em></a> \u2014 thus; <a href=\"/en/search/synonyms/?original=acintayat\"><em>acintayat</em></a> \u2014 he thought.</p>", "translation": "<p><strong>Thereafter he saw that the lotus on which he was situated was spread throughout the universe, and he contemplated how to create all the planets, which were previously merged in that very same lotus.</strong></p>", "purport": "<h2 class=\"section-title\">Purport</h2>\n<div class=\"r r-lang-en r-paragraph\" id=\"bb22213\"><p>The seeds of all the planets in the universe were impregnated in the lotus on which Brahm\u0101 was situated. All the planets were already generated by the Lord, and all the living entities were also born in Brahm\u0101. The material world and the living entities were all already generated in seedling forms by the Supreme Personality of Godhead, and Brahm\u0101 was to disseminate the same seedlings all over the universe. The real creation is therefore called <i>sarga,</i> and, later on, the manifestation by Brahm\u0101 is called <i>visarga.</i></p></div>"}, {"verseNbr": "<h1>\u015aB 3.10.8</h1>", "sanskritText": "\u092a\u0926\u094d\u092e\u0915\u094b\u0936\u0902 \u0924\u0926\u093e\u0935\u093f\u0936\u094d\u092f \u092d\u0917\u0935\u0924\u094d\u0915\u0930\u094d\u092e\u091a\u094b\u0926\u093f\u0924: \u0964<br/>\u090f\u0915\u0902 \u0935\u094d\u092f\u092d\u093e\u0919\u094d\u200c\u0915\u094d\u0937\u0940\u0926\u0941\u0930\u0941\u0927\u093e \u0924\u094d\u0930\u093f\u0927\u093e \u092d\u093e\u0935\u094d\u092f\u0902 \u0926\u094d\u0935\u093f\u0938\u092a\u094d\u0924\u0927\u093e \u0965 \u096e \u0965", "englishText": "<em><i>padma-ko\u015ba\u1e41 tad\u0101vi\u015bya<br/>bhagavat-karma-codita\u1e25<br/>eka\u1e41 vyabh\u0101\u1e45k\u1e63\u012bd urudh\u0101<br/>tridh\u0101 bh\u0101vya\u1e41 dvi-saptadh\u0101</i></em>", "synonyms": "<p><a href=\"/en/search/synonyms/?original=padma\"><em>padma</em></a>-<a href=\"/en/search/synonyms/?original=ko\u015bam\"><em>ko\u015bam</em></a> \u2014 the whorl of the lotus; <a href=\"/en/search/synonyms/?original=tad\u0101\"><em>tad\u0101</em></a> \u2014 then; <a href=\"/en/search/synonyms/?original=\u0101vi\u015bya\"><em>\u0101vi\u015bya</em></a> \u2014 entering into; <a href=\"/en/search/synonyms/?original=bhagavat\"><em>bhagavat</em></a> \u2014 by the Supreme Personality of Godhead; <a href=\"/en/search/synonyms/?original=karma\"><em>karma</em></a> \u2014 in activities; <a href=\"/en/search/synonyms/?original=codita\u1e25\"><em>codita\u1e25</em></a> \u2014 being encouraged by; <a href=\"/en/search/synonyms/?original=ekam\"><em>ekam</em></a> \u2014 one; <a href=\"/en/search/synonyms/?original=vyabh\u0101\u1e45k\u1e63\u012bt\"><em>vyabh\u0101\u1e45k\u1e63\u012bt</em></a> \u2014 divided into; <a href=\"/en/search/synonyms/?original=urudh\u0101\"><em>urudh\u0101</em></a> \u2014 great division; <a href=\"/en/search/synonyms/?original=tridh\u0101\"><em>tridh\u0101</em></a> \u2014 three divisions; <a href=\"/en/search/synonyms/?original=bh\u0101vyam\"><em>bh\u0101vyam</em></a> \u2014 capable of further creation; <a href=\"/en/search/synonyms/?original=dvi\"><em>dvi</em></a>-<a href=\"/en/search/synonyms/?original=saptadh\u0101\"><em>saptadh\u0101</em></a> \u2014 fourteen divisions.</p>", "translation": "<p><strong>Thus engaged in the service of the Supreme Personality of Godhead, Lord Brahm\u0101 entered into the whorl of the lotus, and as it spread all over the universe he divided it into three divisions of worlds and later into fourteen divisions.</strong></p>", "purport": null}, {"verseNbr": "<h1>\u015aB 3.10.9</h1>", "sanskritText": "\u090f\u0924\u093e\u0935\u093e\u091e\u094d\u091c\u0940\u0935\u0932\u094b\u0915\u0938\u094d\u092f \u0938\u0902\u0938\u094d\u0925\u093e\u092d\u0947\u0926: \u0938\u092e\u093e\u0939\u0943\u0924: \u0964<br/>\u0927\u0930\u094d\u092e\u0938\u094d\u092f \u0939\u094d\u092f\u0928\u093f\u092e\u093f\u0924\u094d\u0924\u0938\u094d\u092f \u0935\u093f\u092a\u093e\u0915: \u092a\u0930\u092e\u0947\u0937\u094d\u0920\u094d\u092f\u0938\u094c \u0965 \u096f \u0965", "englishText": "<em><i>et\u0101v\u0101\u00f1 j\u012bva-lokasya<br/>sa\u1e41sth\u0101-bheda\u1e25 sam\u0101h\u1e5bta\u1e25<br/>dharmasya hy animittasya<br/>vip\u0101ka\u1e25 parame\u1e63\u1e6dhy asau</i></em>", "synonyms": "<p><a href=\"/en/search/synonyms/?original=et\u0101v\u0101n\"><em>et\u0101v\u0101n</em></a> \u2014 up to this; <a href=\"/en/search/synonyms/?original=j\u012bva\"><em>j\u012bva</em></a>-<a href=\"/en/search/synonyms/?original=lokasya\"><em>lokasya</em></a> \u2014 of the planets inhabited by the living entities; <a href=\"/en/search/synonyms/?original=sa\u1e41sth\u0101\"><em>sa\u1e41sth\u0101</em></a>-<a href=\"/en/search/synonyms/?original=bheda\u1e25\"><em>bheda\u1e25</em></a> \u2014 different situations of habitation; <a href=\"/en/search/synonyms/?original=sam\u0101h\u1e5bta\u1e25\"><em>sam\u0101h\u1e5bta\u1e25</em></a> \u2014 performed completely; <a href=\"/en/search/synonyms/?original=dharmasya\"><em>dharmasya</em></a> \u2014 of religion; <a href=\"/en/search/synonyms/?original=hi\"><em>hi</em></a> \u2014 certainly; <a href=\"/en/search/synonyms/?original=animittasya\"><em>animittasya</em></a> \u2014 of causelessness; <a href=\"/en/search/synonyms/?original=vip\u0101ka\u1e25\"><em>vip\u0101ka\u1e25</em></a> \u2014 mature stage; <a href=\"/en/search/synonyms/?original=parame\u1e63\u1e6dh\u012b\"><em>parame\u1e63\u1e6dh\u012b</em></a> \u2014 the highest personality in the universe; <a href=\"/en/search/synonyms/?original=asau\"><em>asau</em></a> \u2014 that.</p>", "translation": "<p><strong>Lord Brahm\u0101 is the most exalted personality in the universe because of his causeless devotional service unto the Lord in mature transcendental knowledge. He therefore created all the fourteen planetary divisions for inhabitation by the different types of living entities.</strong></p>", "purport": "<h2 class=\"section-title\">Purport</h2>\n<div class=\"r r-lang-en r-paragraph\" id=\"bb22222\"><p>The Supreme Lord is the reservoir of all the qualities of the living entities. The conditioned souls in the material world reflect only part of those qualities, and therefore they are sometimes called <i>pratibimbas.</i> These <i>pratibimba</i> living entities, as parts and parcels of the Supreme Lord, have inherited different proportions of His original qualities, and in terms of their inheritance of these qualities, they appear as different species of life and are accommodated in different planets according to the plan of Brahm\u0101. Brahm\u0101 is the creator of the three worlds, namely the lower planets, called the P\u0101t\u0101lalokas, the middle planets, called the Bh\u016brlokas, and the upper planets, called the Svarlokas. Still higher planets, such as Maharloka, Tapoloka, Satyaloka and Brahmaloka, do not dissolve in the devastating water. This is because of the causeless devotional service rendered unto the Lord by their inhabitants, whose existence continues up to the end of <i>dvi-par\u0101rdha</i> time, when they are generally liberated from the chain of birth and death in the material world.</p></div>"}, {"verseNbr": "<h1>\u015aB 3.10.10</h1>", "sanskritText": "\u0935\u093f\u0926\u0941\u0930 \u0909\u0935\u093e\u091a<br/>\u092f\u0925\u093e\u0924\u094d\u0925 \u092c\u0939\u0941\u0930\u0942\u092a\u0938\u094d\u092f \u0939\u0930\u0947\u0930\u0926\u094d\u092d\u0941\u0924\u0915\u0930\u094d\u092e\u0923: \u0964<br/>\u0915\u093e\u0932\u093e\u0916\u094d\u092f\u0902 \u0932\u0915\u094d\u0937\u0923\u0902 \u092c\u094d\u0930\u0939\u094d\u092e\u0928\u094d \u092f\u0925\u093e \u0935\u0930\u094d\u0923\u092f \u0928: \u092a\u094d\u0930\u092d\u094b \u0965 \u0967\u0966 \u0965", "englishText": "<em>vidura uv\u0101ca<br/><i>yath\u0101ttha bahu-r\u016bpasya<br/>harer adbhuta-karma\u1e47a\u1e25<br/>k\u0101l\u0101khya\u1e41 lak\u1e63a\u1e47a\u1e41 brahman<br/>yath\u0101 var\u1e47aya na\u1e25 prabho</i></em>", "synonyms": "<p><a href=\"/en/search/synonyms/?original=vidura\u1e25\"><em>vidura\u1e25</em></a> <a href=\"/en/search/synonyms/?original=uv\u0101ca\"><em>uv\u0101ca</em></a> \u2014 Vidura said; <a href=\"/en/search/synonyms/?original=yath\u0101\"><em>yath\u0101</em></a> \u2014 as; <a href=\"/en/search/synonyms/?original=\u0101ttha\"><em>\u0101ttha</em></a> \u2014 you have said; <a href=\"/en/search/synonyms/?original=bahu\"><em>bahu</em></a>-<a href=\"/en/search/synonyms/?original=r\u016bpasya\"><em>r\u016bpasya</em></a> \u2014 having varieties of forms; <a href=\"/en/search/synonyms/?original=hare\u1e25\"><em>hare\u1e25</em></a> \u2014 of the Lord; <a href=\"/en/search/synonyms/?original=adbhuta\"><em>adbhuta</em></a> \u2014 wonderful; <a href=\"/en/search/synonyms/?original=karma\u1e47a\u1e25\"><em>karma\u1e47a\u1e25</em></a> \u2014 of the actor; <a href=\"/en/search/synonyms/?original=k\u0101la\"><em>k\u0101la</em></a> \u2014 time; <a href=\"/en/search/synonyms/?original=\u0101khyam\"><em>\u0101khyam</em></a> \u2014 of the name; <a href=\"/en/search/synonyms/?original=lak\u1e63a\u1e47am\"><em>lak\u1e63a\u1e47am</em></a> \u2014 symptoms; <a href=\"/en/search/synonyms/?original=brahman\"><em>brahman</em></a> \u2014 O learned <em>br\u0101hma\u1e47a</em>; <a href=\"/en/search/synonyms/?original=yath\u0101\"><em>yath\u0101</em></a> \u2014 as it is; <a href=\"/en/search/synonyms/?original=var\u1e47aya\"><em>var\u1e47aya</em></a> \u2014 please describe; <a href=\"/en/search/synonyms/?original=na\u1e25\"><em>na\u1e25</em></a> \u2014 unto us; <a href=\"/en/search/synonyms/?original=prabho\"><em>prabho</em></a> \u2014 O lord.</p>", "translation": "<p><strong>Vidura inquired from Maitreya: O my lord, O greatly learned sage, kindly describe eternal time, which is another form of the Supreme Lord, the wonderful actor. What are the symptoms of that eternal time? Please describe them to us in detail.</strong></p>", "purport": "<h2 class=\"section-title\">Purport</h2>\n<div class=\"r r-lang-en r-paragraph\" id=\"bb22227\"><p>The complete universe is a manifestation of varieties of entities, beginning from the atoms up to the gigantic universe itself, and all is under the control of the Supreme Lord in His form of <i>k\u0101la,</i> or eternal time. The controlling time has different dimensions in relation to particular physical embodiments. There is a time for atomic dissolution and a time for the universal dissolution. There is a time for the annihilation of the body of the human being, and there is a time for the annihilation of the universal body. Also, growth, development and resultant actions all depend on the time factor. Vidura wanted to know in detail the different physical manifestations and their times of annihilation.</p></div>"}, {"verseNbr": "<h1>\u015aB 3.10.11</h1>", "sanskritText": "\u092e\u0948\u0924\u094d\u0930\u0947\u092f \u0909\u0935\u093e\u091a<br/>\u0917\u0941\u0923\u0935\u094d\u092f\u0924\u093f\u0915\u0930\u093e\u0915\u093e\u0930\u094b \u0928\u093f\u0930\u094d\u0935\u093f\u0936\u0947\u0937\u094b\u093d\u092a\u094d\u0930\u0924\u093f\u0937\u094d\u0920\u093f\u0924: \u0964<br/>\u092a\u0941\u0930\u0941\u0937\u0938\u094d\u0924\u0926\u0941\u092a\u093e\u0926\u093e\u0928\u092e\u093e\u0924\u094d\u092e\u093e\u0928\u0902 \u0932\u0940\u0932\u092f\u093e\u0938\u0943\u091c\u0924\u094d \u0965 \u0967\u0967 \u0965", "englishText": "<em>maitreya uv\u0101ca<br/><i>gu\u1e47a-vyatikar\u0101k\u0101ro<br/>nirvi\u015be\u1e63o\u00a0\u2019prati\u1e63\u1e6dhita\u1e25<br/>puru\u1e63as tad-up\u0101d\u0101nam<br/>\u0101tm\u0101na\u1e41 l\u012blay\u0101s\u1e5bjat</i></em>", "synonyms": "<p><a href=\"/en/search/synonyms/?original=maitreya\u1e25\"><em>maitreya\u1e25</em></a> <a href=\"/en/search/synonyms/?original=uv\u0101ca\"><em>uv\u0101ca</em></a> \u2014 Maitreya said; <a href=\"/en/search/synonyms/?original=gu\u1e47a\"><em>gu\u1e47a</em></a>-<a href=\"/en/search/synonyms/?original=vyatikara\"><em>vyatikara</em></a> \u2014 of the interactions of the modes of material nature; <a href=\"/en/search/synonyms/?original=\u0101k\u0101ra\u1e25\"><em>\u0101k\u0101ra\u1e25</em></a> \u2014 source; <a href=\"/en/search/synonyms/?original=nirvi\u015be\u1e63a\u1e25\"><em>nirvi\u015be\u1e63a\u1e25</em></a> \u2014 without diversity; <a href=\"/en/search/synonyms/?original=aprati\u1e63\u1e6dhita\u1e25\"><em>aprati\u1e63\u1e6dhita\u1e25</em></a> \u2014 unlimited; <a href=\"/en/search/synonyms/?original=puru\u1e63a\u1e25\"><em>puru\u1e63a\u1e25</em></a> \u2014 of the Supreme Person; <a href=\"/en/search/synonyms/?original=tat\"><em>tat</em></a> \u2014 that; <a href=\"/en/search/synonyms/?original=up\u0101d\u0101nam\"><em>up\u0101d\u0101nam</em></a> \u2014 instrument; <a href=\"/en/search/synonyms/?original=\u0101tm\u0101nam\"><em>\u0101tm\u0101nam</em></a> \u2014 the material creation; <a href=\"/en/search/synonyms/?original=l\u012blay\u0101\"><em>l\u012blay\u0101</em></a> \u2014 by pastimes; <a href=\"/en/search/synonyms/?original=as\u1e5bjat\"><em>as\u1e5bjat</em></a> \u2014 created.</p>", "translation": "<p><strong>Maitreya said: Eternal time is the primeval source of the interactions of the three modes of material nature. It is unchangeable and limitless, and it works as the instrument of the Supreme Personality of Godhead for His pastimes in the material creation.</strong></p>", "purport": "<h2 class=\"section-title\">Purport</h2>\n<div class=\"r r-lang-en r-paragraph\" id=\"bb22232\"><p>The impersonal time factor is the background of the material manifestation as the instrument of the Supreme Lord. It is the ingredient of assistance offered to material nature. No one knows where time began and where it ends, and it is time only which can keep a record of the creation, maintenance and destruction of the material manifestation. This time factor is the material cause of creation and is therefore a self-expansion of the Personality of Godhead. Time is considered the impersonal feature of the Lord.</p></div>\n<div class=\"r r-lang-en r-paragraph\" id=\"bb22233\"><p>The time factor is also explained by modern men in various ways. Some accept it almost as it is explained in the <i><a href=\"/en/library/sb/\">\u015ar\u012bmad-Bh\u0101gavatam</a>.</i> For example, in Hebrew literature time is accepted, in the same spirit, as a representation of God. It is stated therein: \u201cGod, who at sundry times and in diverse manners spake in time past unto the fathers by the prophets. . . .\u201d Metaphysically, time is distinguished as absolute and real. Absolute time is continuous and is unaffected by the speed or slowness of material things. Time is astronomically and mathematically calculated in relation to the speed, change and life of a particular object. Factually, however, time has nothing to do with the relativities of things; rather, everything is shaped and calculated in terms of the facility offered by time. Time is the basic measurement of the activity of our senses, by which we calculate past, present and future, but in factual calculation, time has no beginning and no end. C\u0101\u1e47akya Pa\u1e47\u1e0dita says that even a slight fraction of time cannot be purchased with millions of dollars, and therefore even a moment of time lost without profit must be calculated as the greatest loss in life. Time is not subject to any form of psychology, nor are the moments objective realities in themselves, but they are dependent on particular experiences.</p></div>\n<div class=\"r r-lang-en r-paragraph\" id=\"bb22234\"><p>Therefore, \u015ar\u012bla J\u012bva Gosv\u0101m\u012b concludes that the time factor is intermixed with the activities \u2014 actions and reactions \u2014 of the external energy of the Lord. The external energy, or material nature, works under the superintendence of the time factor as the Lord Himself, and that is why material nature appears to have produced so many wonderful things in the cosmic manifestation. <a href=\"/en/library/bg/9/10/\"><i>Bhagavad-g\u012bt\u0101</i> (9.10)</a> confirms this conclusion as follows:</p></div>\n<div class=\"r r-lang-en r-verse-text\" id=\"bb22235\"><em><i>may\u0101dhyak\u1e63e\u1e47a prak\u1e5bti\u1e25<br/>s\u016byate sa-car\u0101caram<br/>hetun\u0101nena kaunteya<br/>jagad viparivartate</i></em></div>"}, {"verseNbr": "<h1>\u015aB 3.10.12</h1>", "sanskritText": "\u0935\u093f\u0936\u094d\u0935\u0902 \u0935\u0948 \u092c\u094d\u0930\u0939\u094d\u092e\u0924\u0928\u094d\u092e\u093e\u0924\u094d\u0930\u0902 \u0938\u0902\u0938\u094d\u0925\u093f\u0924\u0902 \u0935\u093f\u0937\u094d\u0923\u0941\u092e\u093e\u092f\u092f\u093e \u0964<br/>\u0908\u0936\u094d\u0935\u0930\u0947\u0923 \u092a\u0930\u093f\u091a\u094d\u091b\u093f\u0928\u094d\u0928\u0902 \u0915\u093e\u0932\u0947\u0928\u093e\u0935\u094d\u092f\u0915\u094d\u0924\u092e\u0942\u0930\u094d\u0924\u093f\u0928\u093e \u0965 \u0967\u0968 \u0965", "englishText": "<em><i>vi\u015bva\u1e41 vai brahma-tan-m\u0101tra\u1e41<br/>sa\u1e41sthita\u1e41 vi\u1e63\u1e47u-m\u0101yay\u0101<br/>\u012b\u015bvare\u1e47a paricchinna\u1e41<br/>k\u0101len\u0101vyakta-m\u016brtin\u0101</i></em>", "synonyms": "<p><a href=\"/en/search/synonyms/?original=vi\u015bvam\"><em>vi\u015bvam</em></a> \u2014 the material phenomenon; <a href=\"/en/search/synonyms/?original=vai\"><em>vai</em></a> \u2014 certainly; <a href=\"/en/search/synonyms/?original=brahma\"><em>brahma</em></a> \u2014 the Supreme; <a href=\"/en/search/synonyms/?original=tat\"><em>tat</em></a>-<a href=\"/en/search/synonyms/?original=m\u0101tram\"><em>m\u0101tram</em></a> \u2014 the same as; <a href=\"/en/search/synonyms/?original=sa\u1e41sthitam\"><em>sa\u1e41sthitam</em></a> \u2014 situated; <a href=\"/en/search/synonyms/?original=vi\u1e63\u1e47u\"><em>vi\u1e63\u1e47u</em></a>-<a href=\"/en/search/synonyms/?original=m\u0101yay\u0101\"><em>m\u0101yay\u0101</em></a> \u2014 by the energy of Vi\u1e63\u1e47u; <a href=\"/en/search/synonyms/?original=\u012b\u015bvare\u1e47a\"><em>\u012b\u015bvare\u1e47a</em></a> \u2014 by the Personality of Godhead; <a href=\"/en/search/synonyms/?original=paricchinnam\"><em>paricchinnam</em></a> \u2014 separated; <a href=\"/en/search/synonyms/?original=k\u0101lena\"><em>k\u0101lena</em></a> \u2014 by the eternal time; <a href=\"/en/search/synonyms/?original=avyakta\"><em>avyakta</em></a> \u2014 unmanifested; <a href=\"/en/search/synonyms/?original=m\u016brtin\u0101\"><em>m\u016brtin\u0101</em></a> \u2014 by such a feature.</p>", "translation": "<p><strong>This cosmic manifestation is separated from the Supreme Lord as material energy by means of k\u0101la, which is the unmanifested, impersonal feature of the Lord. It is situated as the objective manifestation of the Lord under the influence of the same material energy of Vi\u1e63\u1e47u.</strong></p>", "purport": "<h2 class=\"section-title\">Purport</h2>\n<div class=\"r r-lang-en r-paragraph\" id=\"bb22240\"><p>As stated previously by N\u0101rada before Vy\u0101sadeva (<a href=\"/en/library/sb/1/5/20/\"><i>Bh\u0101g.</i> 1.5.20)</a>, <i>ida\u1e41 hi vi\u015bva\u1e41 bhagav\u0101n ivetara\u1e25:</i> this manifested world is the selfsame Personality of Godhead, but it appears to be something else beyond or besides the Lord. It appears so because of its being separated from the Lord by means of <i>k\u0101la.</i> It is something like the tape-recorded voice of a person who is now separated from the voice. As the tape recording is situated on the tape, so the whole cosmic manifestation is situated on the material energy and appears separate by means of <i>k\u0101la.</i> The material manifestation is therefore the objective manifestation of the Supreme Lord and exhibits His impersonal feature so much adored by impersonalist philosophers.</p></div>"}, {"verseNbr": "<h1>\u015aB 3.10.13</h1>", "sanskritText": "\u092f\u0925\u0947\u0926\u093e\u0928\u0940\u0902 \u0924\u0925\u093e\u0917\u094d\u0930\u0947 \u091a \u092a\u0936\u094d\u091a\u093e\u0926\u092a\u094d\u092f\u0947\u0924\u0926\u0940\u0926\u200d\u0943\u0936\u092e\u094d \u0965 \u0967\u0969 \u0965", "englishText": "<em><i>yathed\u0101n\u012b\u1e41 tath\u0101gre ca<br/>pa\u015bc\u0101d apy etad \u012bd\u1e5b\u015bam</i></em>", "synonyms": "<p><a href=\"/en/search/synonyms/?original=yath\u0101\"><em>yath\u0101</em></a> \u2014 as it is; <a href=\"/en/search/synonyms/?original=id\u0101n\u012bm\"><em>id\u0101n\u012bm</em></a> \u2014 at present; <a href=\"/en/search/synonyms/?original=tath\u0101\"><em>tath\u0101</em></a> \u2014 so it was; <a href=\"/en/search/synonyms/?original=agre\"><em>agre</em></a> \u2014 in the beginning; <a href=\"/en/search/synonyms/?original=ca\"><em>ca</em></a> \u2014 and; <a href=\"/en/search/synonyms/?original=pa\u015bc\u0101t\"><em>pa\u015bc\u0101t</em></a> \u2014 at the end; <a href=\"/en/search/synonyms/?original=api\"><em>api</em></a> \u2014 also; <a href=\"/en/search/synonyms/?original=etat\"><em>etat</em></a> <a href=\"/en/search/synonyms/?original=\u012bd\u1e5b\u015bam\"><em>\u012bd\u1e5b\u015bam</em></a> \u2014 it continues to be the same.</p>", "translation": "<p><strong>This cosmic manifestation is as it is now, it was the same in the past, and it will continue in the same way in the future.</strong></p>", "purport": "<h2 class=\"section-title\">Purport</h2>\n<div class=\"r r-lang-en r-paragraph\" id=\"bb22245\"><p>There is a systematic schedule for the perpetual manifestation, maintenance and annihilation of the material world, as stated in <a href=\"/en/library/bg/9/8/\"><i>Bhagavad-g\u012bt\u0101</i> (9.8)</a>: <i>bh\u016bta-gr\u0101mam ima\u1e41 k\u1e5btsnam ava\u015ba\u1e41 prak\u1e5bter va\u015b\u0101t.</i> As it is created now and as it will be destroyed later on, so also it existed in the past and again will be created, maintained and destroyed in due course of time. Therefore, the systematic activities of the time factor are perpetual and eternal and cannot be stated to be false. The manifestation is temporary and occasional, but it is not false as claimed by the M\u0101y\u0101v\u0101d\u012b philosophers.</p></div>"}, {"verseNbr": "<h1>\u015aB 3.10.14</h1>", "sanskritText": "\u0938\u0930\u094d\u0917\u094b \u0928\u0935\u0935\u093f\u0927\u0938\u094d\u0924\u0938\u094d\u092f \u092a\u094d\u0930\u093e\u0915\u0943\u0924\u094b \u0935\u0948\u0915\u0943\u0924\u0938\u094d\u0924\u0941 \u092f: \u0964<br/>\u0915\u093e\u0932\u0926\u094d\u0930\u0935\u094d\u092f\u0917\u0941\u0923\u0948\u0930\u0938\u094d\u092f \u0924\u094d\u0930\u093f\u0935\u093f\u0927: \u092a\u094d\u0930\u0924\u093f\u0938\u0902\u0915\u094d\u0930\u092e: \u0965 \u0967\u096a \u0965", "englishText": "<em><i>sargo nava-vidhas tasya<br/>pr\u0101k\u1e5bto vaik\u1e5btas tu ya\u1e25<br/>k\u0101la-dravya-gu\u1e47air asya<br/>tri-vidha\u1e25 pratisa\u1e45krama\u1e25</i></em>", "synonyms": "<p><a href=\"/en/search/synonyms/?original=sarga\u1e25\"><em>sarga\u1e25</em></a> \u2014 creation; <a href=\"/en/search/synonyms/?original=nava\"><em>nava</em></a>-<a href=\"/en/search/synonyms/?original=vidha\u1e25\"><em>vidha\u1e25</em></a> \u2014 of nine different kinds; <a href=\"/en/search/synonyms/?original=tasya\"><em>tasya</em></a> \u2014 its; <a href=\"/en/search/synonyms/?original=pr\u0101k\u1e5bta\u1e25\"><em>pr\u0101k\u1e5bta\u1e25</em></a> \u2014 material; <a href=\"/en/search/synonyms/?original=vaik\u1e5bta\u1e25\"><em>vaik\u1e5bta\u1e25</em></a> \u2014 by the modes of material nature; <a href=\"/en/search/synonyms/?original=tu\"><em>tu</em></a> \u2014 but; <a href=\"/en/search/synonyms/?original=ya\u1e25\"><em>ya\u1e25</em></a> \u2014 that which; <a href=\"/en/search/synonyms/?original=k\u0101la\"><em>k\u0101la</em></a> \u2014 eternal time; <a href=\"/en/search/synonyms/?original=dravya\"><em>dravya</em></a> \u2014 matter; <a href=\"/en/search/synonyms/?original=gu\u1e47ai\u1e25\"><em>gu\u1e47ai\u1e25</em></a> \u2014 qualities; <a href=\"/en/search/synonyms/?original=asya\"><em>asya</em></a> \u2014 its; <a href=\"/en/search/synonyms/?original=tri\"><em>tri</em></a>-<a href=\"/en/search/synonyms/?original=vidha\u1e25\"><em>vidha\u1e25</em></a> \u2014 three kinds; <a href=\"/en/search/synonyms/?original=pratisa\u1e45krama\u1e25\"><em>pratisa\u1e45krama\u1e25</em></a> \u2014 annihilation.</p>", "translation": "<p><strong>There are nine different kinds of creations besides the one which naturally occurs due to the interactions of the modes. There are three kinds of annihilations due to eternal time, the material elements and the quality of one\u2019s work.</strong></p>", "purport": "<h2 class=\"section-title\">Purport</h2>\n<div class=\"r r-lang-en r-paragraph\" id=\"bb22250\"><p>The scheduled creations and annihilations take place in terms of the supreme will. There are other creations due to interactions of material elements which take place by the intelligence of Brahm\u0101. Later these will be more explicitly explained. At present, only preliminary information is given. The three kinds of annihilations are (1) due to the scheduled time of the annihilation of the entire universe, (2) due to a fire which emanates from the mouth of Ananta, and (3) due to one\u2019s qualitative actions and reactions.</p></div>"}, {"verseNbr": "<h1>\u015aB 3.10.15</h1>", "sanskritText": "\u0906\u0926\u094d\u092f\u0938\u094d\u0924\u0941 \u092e\u0939\u0924: \u0938\u0930\u094d\u0917\u094b \u0917\u0941\u0923\u0935\u0948\u0937\u092e\u094d\u092f\u092e\u093e\u0924\u094d\u092e\u0928: \u0964<br/>\u0926\u094d\u0935\u093f\u0924\u0940\u092f\u0938\u094d\u0924\u094d\u0935\u0939\u092e\u094b \u092f\u0924\u094d\u0930 \u0926\u094d\u0930\u0935\u094d\u092f\u091c\u094d\u091e\u093e\u0928\u0915\u094d\u0930\u093f\u092f\u094b\u0926\u092f: \u0965 \u0967\u096b \u0965", "englishText": "<em><i>\u0101dyas tu mahata\u1e25 sargo<br/>gu\u1e47a-vai\u1e63amyam \u0101tmana\u1e25<br/>dvit\u012byas tv ahamo yatra<br/>dravya-j\u00f1\u0101na-kriyodaya\u1e25</i></em>", "synonyms": "<p><a href=\"/en/search/synonyms/?original=\u0101dya\u1e25\"><em>\u0101dya\u1e25</em></a> \u2014 the first; <a href=\"/en/search/synonyms/?original=tu\"><em>tu</em></a> \u2014 but; <a href=\"/en/search/synonyms/?original=mahata\u1e25\"><em>mahata\u1e25</em></a> \u2014 of the total emanation from the Lord; <a href=\"/en/search/synonyms/?original=sarga\u1e25\"><em>sarga\u1e25</em></a> \u2014 creation; <a href=\"/en/search/synonyms/?original=gu\u1e47a\"><em>gu\u1e47a</em></a>-<a href=\"/en/search/synonyms/?original=vai\u1e63amyam\"><em>vai\u1e63amyam</em></a> \u2014 interaction of the material modes; <a href=\"/en/search/synonyms/?original=\u0101tmana\u1e25\"><em>\u0101tmana\u1e25</em></a> \u2014 of the Supreme; <a href=\"/en/search/synonyms/?original=dvit\u012bya\u1e25\"><em>dvit\u012bya\u1e25</em></a> \u2014 the second; <a href=\"/en/search/synonyms/?original=tu\"><em>tu</em></a> \u2014 but; <a href=\"/en/search/synonyms/?original=ahama\u1e25\"><em>ahama\u1e25</em></a> \u2014 false ego; <a href=\"/en/search/synonyms/?original=yatra\"><em>yatra</em></a> \u2014 wherein; <a href=\"/en/search/synonyms/?original=dravya\"><em>dravya</em></a> \u2014 material ingredients; <a href=\"/en/search/synonyms/?original=j\u00f1\u0101na\"><em>j\u00f1\u0101na</em></a> \u2014 material knowledge; <a href=\"/en/search/synonyms/?original=kriy\u0101\"><em>kriy\u0101</em></a>-<a href=\"/en/search/synonyms/?original=udaya\u1e25\"><em>udaya\u1e25</em></a> \u2014 awakening of activities (work).</p>", "translation": "<p><strong>Of the nine creations, the first one is the creation of the mahat-tattva, or the sum total of the material ingredients, wherein the modes interact due to the presence of the Supreme Lord. In the second, the false ego is generated, in which the material ingredients, material knowledge and material activities arise.</strong></p>", "purport": "<h2 class=\"section-title\">Purport</h2>\n<div class=\"r r-lang-en r-paragraph\" id=\"bb22255\"><p>The first emanation from the Supreme Lord for material creation is called the <i>mahat-tattva.</i> The interaction of the material modes is the cause of false identification, or the sense that a living being is made of material elements. This false ego is the cause of identifying the body and mind with the soul proper. Material resources and the capacity and knowledge to work are all generated in the second term of creation, after the <i>mahat-tattva.</i> <i>J\u00f1\u0101na</i> indicates the senses which are sources of knowledge, and their controlling deities. Work entails the working organs and their controlling deities. All these are generated in the second creation.</p></div>"}, {"verseNbr": "<h1>\u015aB 3.10.16</h1>", "sanskritText": "\u092d\u0942\u0924\u0938\u0930\u094d\u0917\u0938\u094d\u0924\u0943\u0924\u0940\u092f\u0938\u094d\u0924\u0941 \u0924\u0928\u094d\u092e\u093e\u0924\u094d\u0930\u094b \u0926\u094d\u0930\u0935\u094d\u092f\u0936\u0915\u094d\u0924\u093f\u092e\u093e\u0928\u094d \u0964<br/>\u091a\u0924\u0941\u0930\u094d\u0925 \u0910\u0928\u094d\u0926\u094d\u0930\u093f\u092f: \u0938\u0930\u094d\u0917\u094b \u092f\u0938\u094d\u0924\u0941 \u091c\u094d\u091e\u093e\u0928\u0915\u094d\u0930\u093f\u092f\u093e\u0924\u094d\u092e\u0915: \u0965 \u0967\u096c \u0965", "englishText": "<em><i>bh\u016bta-sargas t\u1e5bt\u012byas tu<br/>tan-m\u0101tro dravya-\u015baktim\u0101n<br/>caturtha aindriya\u1e25 sargo<br/>yas tu j\u00f1\u0101na-kriy\u0101tmaka\u1e25</i></em>", "synonyms": "<p><a href=\"/en/search/synonyms/?original=bh\u016bta\"><em>bh\u016bta</em></a>-<a href=\"/en/search/synonyms/?original=sarga\u1e25\"><em>sarga\u1e25</em></a> \u2014 creation of matter; <a href=\"/en/search/synonyms/?original=t\u1e5bt\u012bya\u1e25\"><em>t\u1e5bt\u012bya\u1e25</em></a> \u2014 is the third; <a href=\"/en/search/synonyms/?original=tu\"><em>tu</em></a> \u2014 but; <a href=\"/en/search/synonyms/?original=tat\"><em>tat</em></a>-<a href=\"/en/search/synonyms/?original=m\u0101tra\u1e25\"><em>m\u0101tra\u1e25</em></a> \u2014 sense perception; <a href=\"/en/search/synonyms/?original=dravya\"><em>dravya</em></a> \u2014 of the elements; <a href=\"/en/search/synonyms/?original=\u015baktim\u0101n\"><em>\u015baktim\u0101n</em></a> \u2014 generator; <a href=\"/en/search/synonyms/?original=caturtha\u1e25\"><em>caturtha\u1e25</em></a> \u2014 the fourth; <a href=\"/en/search/synonyms/?original=aindriya\u1e25\"><em>aindriya\u1e25</em></a> \u2014 in the matter of the senses; <a href=\"/en/search/synonyms/?original=sarga\u1e25\"><em>sarga\u1e25</em></a> \u2014 creation; <a href=\"/en/search/synonyms/?original=ya\u1e25\"><em>ya\u1e25</em></a> \u2014 that which; <a href=\"/en/search/synonyms/?original=tu\"><em>tu</em></a> \u2014 but; <a href=\"/en/search/synonyms/?original=j\u00f1\u0101na\"><em>j\u00f1\u0101na</em></a> \u2014 knowledge-acquiring; <a href=\"/en/search/synonyms/?original=kriy\u0101\"><em>kriy\u0101</em></a> \u2014 working; <a href=\"/en/search/synonyms/?original=\u0101tmaka\u1e25\"><em>\u0101tmaka\u1e25</em></a> \u2014 basically.</p>", "translation": "<p><strong>The sense perceptions are created in the third creation, and from these the elements are generated. The fourth creation is the creation of knowledge and of working capacity.</strong></p>", "purport": null}, {"verseNbr": "<h1>\u015aB 3.10.17</h1>", "sanskritText": "\u0935\u0948\u0915\u093e\u0930\u093f\u0915\u094b \u0926\u0947\u0935\u0938\u0930\u094d\u0917: \u092a\u091e\u094d\u091a\u092e\u094b \u092f\u0928\u094d\u092e\u092f\u0902 \u092e\u0928: \u0964<br/>\u092a\u0937\u094d\u0920\u0938\u094d\u0924\u0941 \u0924\u092e\u0938: \u0938\u0930\u094d\u0917\u094b \u092f\u0938\u094d\u0924\u094d\u0935\u092c\u0941\u0926\u094d\u0927\u093f\u0915\u0943\u0924: \u092a\u094d\u0930\u092d\u094b: \u0965 \u0967\u096d \u0965", "englishText": "<em><i>vaik\u0101riko deva-sarga\u1e25<br/>pa\u00f1camo yan-maya\u1e41 mana\u1e25<br/>\u1e63a\u1e63\u1e6dhas tu tamasa\u1e25 sargo<br/>yas tv abuddhi-k\u1e5bta\u1e25 prabho\u1e25</i></em>", "synonyms": "<p><a href=\"/en/search/synonyms/?original=vaik\u0101rika\u1e25\"><em>vaik\u0101rika\u1e25</em></a> \u2014 interaction of the mode of goodness; <a href=\"/en/search/synonyms/?original=deva\"><em>deva</em></a> \u2014 the demigods, or controlling deities; <a href=\"/en/search/synonyms/?original=sarga\u1e25\"><em>sarga\u1e25</em></a> \u2014 creation; <a href=\"/en/search/synonyms/?original=pa\u00f1cama\u1e25\"><em>pa\u00f1cama\u1e25</em></a> \u2014 fifth; <a href=\"/en/search/synonyms/?original=yat\"><em>yat</em></a> \u2014 that which; <a href=\"/en/search/synonyms/?original=mayam\"><em>mayam</em></a> \u2014 sum total; <a href=\"/en/search/synonyms/?original=mana\u1e25\"><em>mana\u1e25</em></a> \u2014 mind; <a href=\"/en/search/synonyms/?original=\u1e63a\u1e63\u1e6dha\u1e25\"><em>\u1e63a\u1e63\u1e6dha\u1e25</em></a> \u2014 sixth; <a href=\"/en/search/synonyms/?original=tu\"><em>tu</em></a> \u2014 but; <a href=\"/en/search/synonyms/?original=tamasa\u1e25\"><em>tamasa\u1e25</em></a> \u2014 of darkness; <a href=\"/en/search/synonyms/?original=sarga\u1e25\"><em>sarga\u1e25</em></a> \u2014 creation; <a href=\"/en/search/synonyms/?original=ya\u1e25\"><em>ya\u1e25</em></a> \u2014 that which; <a href=\"/en/search/synonyms/?original=tu\"><em>tu</em></a> \u2014 expletive; <a href=\"/en/search/synonyms/?original=abuddhi\"><em>abuddhi</em></a>-<a href=\"/en/search/synonyms/?original=k\u1e5bta\u1e25\"><em>k\u1e5bta\u1e25</em></a> \u2014 made foolish; <a href=\"/en/search/synonyms/?original=prabho\u1e25\"><em>prabho\u1e25</em></a> \u2014 of the master.</p>", "translation": "<p><strong>The fifth creation is that of the controlling deities by the interaction of the mode of goodness, of which the mind is the sum total. The sixth creation is the ignorant darkness of the living entity, by which the master acts as a fool.</strong></p>", "purport": "<h2 class=\"section-title\">Purport</h2>\n<div class=\"r r-lang-en r-paragraph\" id=\"bb22264\"><p>The demigods in the higher planets are called <i>devas</i> because they are all devotees of Lord Vi\u1e63\u1e47u. <i>Vi\u1e63\u1e47u-bhakta\u1e25 sm\u1e5bto daiva \u0101suras tad-viparyaya\u1e25:</i> all the devotees of Lord Vi\u1e63\u1e47u are <i>devas,</i> or demigods, whereas all others are <i>asuras.</i> That is the division of the <i>devas</i> and the <i>asuras.</i> <i>Devas</i> are situated in the mode of goodness of material nature, whereas the <i>asuras</i> are situated in the modes of passion or ignorance. The demigods, or controlling deities, are entrusted with departmental management of all the different functions of the material world. For example, one of our sense organs, the eye, is controlled by light, light is distributed by the sun rays, and their controlling deity is the sun. Similarly, mind is controlled by the moon. All other senses, both for working and for acquiring knowledge, are controlled by the different demigods. The demigods are assistants of the Lord in the management of material affairs.</p></div>\n<div class=\"r r-lang-en r-paragraph\" id=\"bb22265\"><p>After the creation of the demigods, all entities are covered by the darkness of ignorance. Each and every living being in the material world is conditioned by his mentality of lording it over the resources of material nature. Although a living entity is the master of the material world, he is conditioned by ignorance, by the false impression of being the proprietor of material things.</p></div>\n<div class=\"r r-lang-en r-paragraph\" id=\"bb22266\"><p>The energy of the Lord called <i>avidy\u0101</i> is the bewildering factor of the conditioned souls. The material nature is called <i>avidy\u0101,</i> or ignorance, but to the devotees of the Lord engaged in pure devotional service, this energy becomes <i>vidy\u0101,</i> or pure knowledge. This is confirmed in <i><a href=\"/en/library/bg/\">Bhagavad-g\u012bt\u0101</a>.</i> The energy of the Lord transforms from <i>mah\u0101-m\u0101y\u0101</i> to <i>yoga-m\u0101y\u0101</i> and appears to pure devotees in her real feature. The material nature therefore appears to function in three phases: as the creative principle of the material world, as ignorance and as knowledge. As disclosed in the previous verse, in the fourth creation the power of knowledge is also created. The conditioned souls are not originally fools, but by the influence of the <i>avidy\u0101</i> function of material nature they are made fools, and thus they are unable to utilize knowledge in the proper channel.</p></div>\n<div class=\"r r-lang-en r-paragraph\" id=\"bb22267\"><p>By the influence of darkness, the conditioned soul forgets his relationship with the Supreme Lord and is overwhelmed by attachment, hatred, pride, ignorance and false identification, the five kinds of illusion that cause material bondage.</p></div>"}, {"verseNbr": "<h1>\u015aB 3.10.18</h1>", "sanskritText": "\u0937\u0921\u093f\u092e\u0947 \u092a\u094d\u0930\u093e\u0915\u0943\u0924\u093e: \u0938\u0930\u094d\u0917\u093e \u0935\u0948\u0915\u0943\u0924\u093e\u0928\u092a\u093f \u092e\u0947 \u0936\u200d\u0943\u0923\u0941 \u0964<br/>\u0930\u091c\u094b\u092d\u093e\u091c\u094b \u092d\u0917\u0935\u0924\u094b \u0932\u0940\u0932\u0947\u092f\u0902 \u0939\u0930\u093f\u092e\u0947\u0927\u0938: \u0965 \u0967\u096e \u0965", "englishText": "<em><i>\u1e63a\u1e0d ime pr\u0101k\u1e5bt\u0101\u1e25 sarg\u0101<br/>vaik\u1e5bt\u0101n api me \u015b\u1e5b\u1e47u<br/>rajo-bh\u0101jo bhagavato<br/>l\u012bleya\u1e41 hari-medhasa\u1e25</i></em>", "synonyms": "<p><a href=\"/en/search/synonyms/?original=\u1e63a\u1e6d\"><em>\u1e63a\u1e6d</em></a> \u2014 six; <a href=\"/en/search/synonyms/?original=ime\"><em>ime</em></a> \u2014 all these; <a href=\"/en/search/synonyms/?original=pr\u0101k\u1e5bt\u0101\u1e25\"><em>pr\u0101k\u1e5bt\u0101\u1e25</em></a> \u2014 of the material energy; <a href=\"/en/search/synonyms/?original=sarg\u0101\u1e25\"><em>sarg\u0101\u1e25</em></a> \u2014 creations; <a href=\"/en/search/synonyms/?original=vaik\u1e5bt\u0101n\"><em>vaik\u1e5bt\u0101n</em></a> \u2014 secondary creations by Brahm\u0101; <a href=\"/en/search/synonyms/?original=api\"><em>api</em></a> \u2014 also; <a href=\"/en/search/synonyms/?original=me\"><em>me</em></a> \u2014 from me; <a href=\"/en/search/synonyms/?original=\u015b\u1e5b\u1e47u\"><em>\u015b\u1e5b\u1e47u</em></a> \u2014 just hear; <a href=\"/en/search/synonyms/?original=raja\u1e25\"><em>raja\u1e25</em></a>-<a href=\"/en/search/synonyms/?original=bh\u0101ja\u1e25\"><em>bh\u0101ja\u1e25</em></a> \u2014 of the incarnation of the mode of passion (Brahm\u0101); <a href=\"/en/search/synonyms/?original=bhagavata\u1e25\"><em>bhagavata\u1e25</em></a> \u2014 of the greatly powerful; <a href=\"/en/search/synonyms/?original=l\u012bl\u0101\"><em>l\u012bl\u0101</em></a> \u2014 pastime; <a href=\"/en/search/synonyms/?original=iyam\"><em>iyam</em></a> \u2014 this; <a href=\"/en/search/synonyms/?original=hari\"><em>hari</em></a> \u2014 the Supreme Personality of Godhead; <a href=\"/en/search/synonyms/?original=medhasa\u1e25\"><em>medhasa\u1e25</em></a> \u2014 of one who has such a brain.</p>", "translation": "<p><strong>All the above are natural creations by the external energy of the Lord. Now hear from me about the creations by Brahm\u0101, who is an incarnation of the mode of passion and who, in the matter of creation, has a brain like that of the Personality of Godhead.</strong></p>", "purport": null}, {"verseNbr": "<h1>\u015aB 3.10.19</h1>", "sanskritText": "\u0938\u092a\u094d\u0924\u092e\u094b \u092e\u0941\u0916\u094d\u092f\u0938\u0930\u094d\u0917\u0938\u094d\u0924\u0941 \u0937\u0919\u094d\u200c\u0935\u093f\u0927\u0938\u094d\u0924\u0938\u094d\u0925\u0941\u0937\u093e\u0902 \u091a \u092f: \u0964<br/>\u0935\u0928\u0938\u094d\u092a\u0924\u094d\u092f\u094b\u0937\u0927\u093f\u0932\u0924\u093e\u0924\u094d\u0935\u0915\u094d\u0938\u093e\u0930\u093e \u0935\u0940\u0930\u0941\u0927\u094b \u0926\u094d\u0930\u0941\u092e\u093e: \u0965 \u0967\u096f \u0965", "englishText": "<em><i>saptamo mukhya-sargas tu<br/>\u1e63a\u1e0d-vidhas tasthu\u1e63\u0101\u1e41 ca ya\u1e25<br/>vanaspaty-o\u1e63adhi-lat\u0101-<br/>tvaks\u0101r\u0101 v\u012brudho drum\u0101\u1e25</i></em>", "synonyms": "<p><a href=\"/en/search/synonyms/?original=saptama\u1e25\"><em>saptama\u1e25</em></a> \u2014 the seventh; <a href=\"/en/search/synonyms/?original=mukhya\"><em>mukhya</em></a> \u2014 principle; <a href=\"/en/search/synonyms/?original=sarga\u1e25\"><em>sarga\u1e25</em></a> \u2014 creation; <a href=\"/en/search/synonyms/?original=tu\"><em>tu</em></a> \u2014 indeed; <a href=\"/en/search/synonyms/?original=\u1e63a\u1e6d\"><em>\u1e63a\u1e6d</em></a>-<a href=\"/en/search/synonyms/?original=vidha\u1e25\"><em>vidha\u1e25</em></a> \u2014 six kinds of; <a href=\"/en/search/synonyms/?original=tasthu\u1e63\u0101m\"><em>tasthu\u1e63\u0101m</em></a> \u2014 of those who do not move; <a href=\"/en/search/synonyms/?original=ca\"><em>ca</em></a> \u2014 also; <a href=\"/en/search/synonyms/?original=ya\u1e25\"><em>ya\u1e25</em></a> \u2014 those; <a href=\"/en/search/synonyms/?original=vanaspati\"><em>vanaspati</em></a> \u2014 fruit trees without flowers; <a href=\"/en/search/synonyms/?original=o\u1e63adhi\"><em>o\u1e63adhi</em></a> \u2014 trees and plants existing until the fruit is ripe; <a href=\"/en/search/synonyms/?original=lat\u0101\"><em>lat\u0101</em></a> \u2014 creepers; <a href=\"/en/search/synonyms/?original=tvaks\u0101r\u0101\u1e25\"><em>tvaks\u0101r\u0101\u1e25</em></a> \u2014 pipe plants; <a href=\"/en/search/synonyms/?original=v\u012brudha\u1e25\"><em>v\u012brudha\u1e25</em></a> \u2014 creepers without support; <a href=\"/en/search/synonyms/?original=drum\u0101\u1e25\"><em>drum\u0101\u1e25</em></a> \u2014 trees with flowers and fruits.</p>", "translation": "<p><strong>The seventh creation is that of the immovable entities, which are of six kinds: the fruit trees without flowers, trees and plants which exist until the fruit is ripe, creepers, pipe plants, creepers which have no support, and trees with flowers and fruits.</strong></p>", "purport": null}, {"verseNbr": "<h1>\u015aB 3.10.20</h1>", "sanskritText": "\u0909\u0924\u094d\u0938\u094d\u0930\u094b\u0924\u0938\u0938\u094d\u0924\u092e:\u092a\u094d\u0930\u093e\u092f\u093e \u0905\u0928\u094d\u0924:\u0938\u094d\u092a\u0930\u094d\u0936\u093e \u0935\u093f\u0936\u0947\u0937\u093f\u0923: \u0965 \u0968\u0966 \u0965", "englishText": "<em><i>utsrotasas tama\u1e25-pr\u0101y\u0101<br/>anta\u1e25-spar\u015b\u0101 vi\u015be\u1e63i\u1e47a\u1e25</i></em>", "synonyms": "<p><a href=\"/en/search/synonyms/?original=utsrotasa\u1e25\"><em>utsrotasa\u1e25</em></a> \u2014 they seek their subsistence upwards; <a href=\"/en/search/synonyms/?original=tama\u1e25\"><em>tama\u1e25</em></a>-<a href=\"/en/search/synonyms/?original=pr\u0101y\u0101\u1e25\"><em>pr\u0101y\u0101\u1e25</em></a> \u2014 almost unconscious; <a href=\"/en/search/synonyms/?original=anta\u1e25\"><em>anta\u1e25</em></a>-<a href=\"/en/search/synonyms/?original=spar\u015b\u0101\u1e25\"><em>spar\u015b\u0101\u1e25</em></a> \u2014 slightly feeling within; <a href=\"/en/search/synonyms/?original=vi\u015be\u1e63i\u1e47a\u1e25\"><em>vi\u015be\u1e63i\u1e47a\u1e25</em></a> \u2014 with varieties of manifestation.</p>", "translation": "<p><strong>All the immovable trees and plants seek their subsistence upwards. They are almost unconscious but have feelings of pain within. They are manifested in variegatedness.</strong></p>", "purport": null}, {"verseNbr": "<h1>\u015aB 3.10.21</h1>", "sanskritText": "\u0924\u093f\u0930\u0936\u094d\u091a\u093e\u092e\u0937\u094d\u091f\u092e: \u0938\u0930\u094d\u0917: \u0938\u094b\u093d\u0937\u094d\u091f\u093e\u0935\u093f\u0902\u0936\u0926\u094d\u0935\u093f\u0927\u094b \u092e\u0924: \u0964<br/>\u0905\u0935\u093f\u0926\u094b \u092d\u0942\u0930\u093f\u0924\u092e\u0938\u094b \u0918\u094d\u0930\u093e\u0923\u091c\u094d\u091e\u093e \u0939\u094d\u092f\u0926\u094d\u092f\u0935\u0947\u0926\u093f\u0928: \u0965 \u0968\u0967 \u0965", "englishText": "<em><i>tira\u015bc\u0101m a\u1e63\u1e6dama\u1e25 sarga\u1e25<br/>so\u00a0\u2019\u1e63\u1e6d\u0101vi\u1e41\u015bad-vidho mata\u1e25<br/>avido bh\u016bri-tamaso<br/>ghr\u0101\u1e47a-j\u00f1\u0101 h\u1e5bdy avedina\u1e25</i></em>", "synonyms": "<p><a href=\"/en/search/synonyms/?original=tira\u015bc\u0101m\"><em>tira\u015bc\u0101m</em></a> \u2014 species of lower animals; <a href=\"/en/search/synonyms/?original=a\u1e63\u1e6dama\u1e25\"><em>a\u1e63\u1e6dama\u1e25</em></a> \u2014 the eighth; <a href=\"/en/search/synonyms/?original=sarga\u1e25\"><em>sarga\u1e25</em></a> \u2014 creation; <a href=\"/en/search/synonyms/?original=sa\u1e25\"><em>sa\u1e25</em></a> \u2014 they are; <a href=\"/en/search/synonyms/?original=a\u1e63\u1e6d\u0101vi\u1e41\u015bat\"><em>a\u1e63\u1e6d\u0101vi\u1e41\u015bat</em></a> \u2014 twenty-eight; <a href=\"/en/search/synonyms/?original=vidha\u1e25\"><em>vidha\u1e25</em></a> \u2014 varieties; <a href=\"/en/search/synonyms/?original=mata\u1e25\"><em>mata\u1e25</em></a> \u2014 considered; <a href=\"/en/search/synonyms/?original=avida\u1e25\"><em>avida\u1e25</em></a> \u2014 without knowledge of tomorrow; <a href=\"/en/search/synonyms/?original=bh\u016bri\"><em>bh\u016bri</em></a> \u2014 extensively; <a href=\"/en/search/synonyms/?original=tamasa\u1e25\"><em>tamasa\u1e25</em></a> \u2014 ignorant; <a href=\"/en/search/synonyms/?original=ghr\u0101\u1e47a\"><em>ghr\u0101\u1e47a</em></a>-<a href=\"/en/search/synonyms/?original=j\u00f1\u0101\u1e25\"><em>j\u00f1\u0101\u1e25</em></a> \u2014 can know desirables by smell; <a href=\"/en/search/synonyms/?original=h\u1e5bdi\"><em>h\u1e5bdi</em></a> <a href=\"/en/search/synonyms/?original=avedina\u1e25\"><em>avedina\u1e25</em></a> \u2014 can remember very little in the heart.</p>", "translation": "<p><strong>The eighth creation is that of the lower species of life, and they are of different varieties, numbering twenty-eight. They are all extensively foolish and ignorant. They know their desirables by smell, but are unable to remember anything within the heart.</strong></p>", "purport": "<h2 class=\"section-title\">Purport</h2>\n<div class=\"r r-lang-en r-paragraph\" id=\"bb22284\"><p>In the <i>Vedas</i> the symptoms of the lower animals are described as follows: <i>athetare\u1e63\u0101\u1e41 pa\u015b\u016bn\u0101\u1e25 a\u015ban\u0101pip\u0101se ev\u0101bhivij\u00f1\u0101na\u1e41 na vij\u00f1\u0101ta\u1e41 vadanti na vij\u00f1\u0101ta\u1e41 pa\u015byanti na vidu\u1e25 \u015bvastana\u1e41 na lok\u0101lok\u0101v iti;</i> <i>yad v\u0101, bh\u016bri-tamaso bahu-ru\u1e63a\u1e25 ghr\u0101\u1e47enaiva j\u0101nanti h\u1e5bdya\u1e41 prati svapriya\u1e41 vastv eva vindanti bhojana-\u015bayan\u0101dy-artha\u1e41 g\u1e5bh\u1e47anti.</i> \u201cLower animals have knowledge only of their hunger and thirst. They have no acquired knowledge, no vision. Their behavior exhibits no dependence on formalities. Extensively ignorant, they can know their desirables only by smell, and by such intelligence only can they understand what is favorable and unfavorable. Their knowledge is concerned only with eating and sleeping.\u201d Therefore, even the most ferocious lower animals, such as tigers, can be tamed simply by regularly supplying meals and accommodations for sleeping. Only snakes cannot be tamed by such an arrangement.</p></div>"}, {"verseNbr": "<h1>\u015aB 3.10.22</h1>", "sanskritText": "\u0917\u094c\u0930\u091c\u094b \u092e\u0939\u093f\u0937: \u0915\u0943\u0937\u094d\u0923: \u0938\u0942\u0915\u0930\u094b \u0917\u0935\u092f\u094b \u0930\u0941\u0930\u0941: \u0964<br/>\u0926\u094d\u0935\u093f\u0936\u092b\u093e: \u092a\u0936\u0935\u0936\u094d\u091a\u0947\u092e\u0947 \u0905\u0935\u093f\u0930\u0941\u0937\u094d\u091f\u094d\u0930\u0936\u094d\u091a \u0938\u0924\u094d\u0924\u092e \u0965 \u0968\u0968 \u0965", "englishText": "<em><i>gaur ajo mahi\u1e63a\u1e25 k\u1e5b\u1e63\u1e47a\u1e25<br/>s\u016bkaro gavayo ruru\u1e25<br/>dvi-\u015baph\u0101\u1e25 pa\u015bava\u015b ceme<br/>avir u\u1e63\u1e6dra\u015b ca sattama</i></em>", "synonyms": "<p><a href=\"/en/search/synonyms/?original=gau\u1e25\"><em>gau\u1e25</em></a> \u2014 the cow; <a href=\"/en/search/synonyms/?original=aja\u1e25\"><em>aja\u1e25</em></a> \u2014 the goat; <a href=\"/en/search/synonyms/?original=mahi\u1e63a\u1e25\"><em>mahi\u1e63a\u1e25</em></a> \u2014 the buffalo; <a href=\"/en/search/synonyms/?original=k\u1e5b\u1e63\u1e47a\u1e25\"><em>k\u1e5b\u1e63\u1e47a\u1e25</em></a> \u2014 a kind of stag; <a href=\"/en/search/synonyms/?original=s\u016bkara\u1e25\"><em>s\u016bkara\u1e25</em></a> \u2014 hog; <a href=\"/en/search/synonyms/?original=gavaya\u1e25\"><em>gavaya\u1e25</em></a> \u2014 a species of animal; <a href=\"/en/search/synonyms/?original=ruru\u1e25\"><em>ruru\u1e25</em></a> \u2014 deer; <a href=\"/en/search/synonyms/?original=dvi\"><em>dvi</em></a>-<a href=\"/en/search/synonyms/?original=\u015baph\u0101\u1e25\"><em>\u015baph\u0101\u1e25</em></a> \u2014 having cloven hooves; <a href=\"/en/search/synonyms/?original=pa\u015bava\u1e25\"><em>pa\u015bava\u1e25</em></a> \u2014 animals; <a href=\"/en/search/synonyms/?original=ca\"><em>ca</em></a> \u2014 also; <a href=\"/en/search/synonyms/?original=ime\"><em>ime</em></a> \u2014 all these; <a href=\"/en/search/synonyms/?original=avi\u1e25\"><em>avi\u1e25</em></a> \u2014 lamb; <a href=\"/en/search/synonyms/?original=u\u1e63\u1e6dra\u1e25\"><em>u\u1e63\u1e6dra\u1e25</em></a> \u2014 camel; <a href=\"/en/search/synonyms/?original=ca\"><em>ca</em></a> \u2014 and; <a href=\"/en/search/synonyms/?original=sattama\"><em>sattama</em></a> \u2014 O purest.</p>", "translation": "<p><strong>O purest Vidura, of the lower animals the cow, goat, buffalo, k\u1e5b\u1e63\u1e47a stag, hog, gavaya animal, deer, lamb and camel all have cloven hooves.</strong></p>", "purport": null}, {"verseNbr": "<h1>\u015aB 3.10.23</h1>", "sanskritText": "\u0916\u0930\u094b\u093d\u0936\u094d\u0935\u094b\u093d\u0936\u094d\u0935\u0924\u0930\u094b \u0917\u094c\u0930: \u0936\u0930\u092d\u0936\u094d\u091a\u092e\u0930\u0940 \u0924\u0925\u093e \u0964<br/>\u090f\u0924\u0947 \u091a\u0948\u0915\u0936\u092b\u093e: \u0915\u094d\u0937\u0924\u094d\u0924: \u0936\u200d\u0943\u0923\u0941 \u092a\u091e\u094d\u091a\u0928\u0916\u093e\u0928\u094d \u092a\u0936\u0942\u0928\u094d \u0965 \u0968\u0969 \u0965", "englishText": "<em><i>kharo\u00a0\u2019\u015bvo\u00a0\u2019\u015bvataro gaura\u1e25<br/>\u015barabha\u015b camar\u012b tath\u0101<br/>ete caika-\u015baph\u0101\u1e25 k\u1e63atta\u1e25<br/>\u015b\u1e5b\u1e47u pa\u00f1ca-nakh\u0101n pa\u015b\u016bn</i></em>", "synonyms": "<p><a href=\"/en/search/synonyms/?original=khara\u1e25\"><em>khara\u1e25</em></a> \u2014 ass; <a href=\"/en/search/synonyms/?original=a\u015bva\u1e25\"><em>a\u015bva\u1e25</em></a> \u2014 horse; <a href=\"/en/search/synonyms/?original=a\u015bvatara\u1e25\"><em>a\u015bvatara\u1e25</em></a> \u2014 mule; <a href=\"/en/search/synonyms/?original=gaura\u1e25\"><em>gaura\u1e25</em></a> \u2014 white deer; <a href=\"/en/search/synonyms/?original=\u015barabha\u1e25\"><em>\u015barabha\u1e25</em></a> \u2014 bison; <a href=\"/en/search/synonyms/?original=camar\u012b\"><em>camar\u012b</em></a> \u2014 wild cow; <a href=\"/en/search/synonyms/?original=tath\u0101\"><em>tath\u0101</em></a> \u2014 thus; <a href=\"/en/search/synonyms/?original=ete\"><em>ete</em></a> \u2014 all these; <a href=\"/en/search/synonyms/?original=ca\"><em>ca</em></a> \u2014 and; <a href=\"/en/search/synonyms/?original=eka\"><em>eka</em></a> \u2014 only one; <a href=\"/en/search/synonyms/?original=\u015baph\u0101\u1e25\"><em>\u015baph\u0101\u1e25</em></a> \u2014 hoof; <a href=\"/en/search/synonyms/?original=k\u1e63atta\u1e25\"><em>k\u1e63atta\u1e25</em></a> \u2014 O Vidura; <a href=\"/en/search/synonyms/?original=\u015b\u1e5b\u1e47u\"><em>\u015b\u1e5b\u1e47u</em></a> \u2014 just hear now; <a href=\"/en/search/synonyms/?original=pa\u00f1ca\"><em>pa\u00f1ca</em></a> \u2014 five; <a href=\"/en/search/synonyms/?original=nakh\u0101n\"><em>nakh\u0101n</em></a> \u2014 nails; <a href=\"/en/search/synonyms/?original=pa\u015b\u016bn\"><em>pa\u015b\u016bn</em></a> \u2014 animals.</p>", "translation": "<p><strong>The horse, mule, ass, gaura, \u015barabha bison and wild cow all have only one hoof. Now you may hear from me about the animals who have five nails.</strong></p>", "purport": null}, {"verseNbr": "<h1>\u015aB 3.10.24</h1>", "sanskritText": "\u0936\u094d\u0935\u093e \u0938\u0943\u0917\u093e\u0932\u094b \u0935\u0943\u0915\u094b \u0935\u094d\u092f\u093e\u0918\u094d\u0930\u094b \u092e\u093e\u0930\u094d\u091c\u093e\u0930: \u0936\u0936\u0936\u0932\u094d\u0932\u0915\u094c \u0964<br/>\u0938\u093f\u0902\u0939: \u0915\u092a\u093f\u0930\u094d\u0917\u091c: \u0915\u0942\u0930\u094d\u092e\u094b \u0917\u094b\u0927\u093e \u091a \u092e\u0915\u0930\u093e\u0926\u092f: \u0965 \u0968\u096a \u0965", "englishText": "<em><i>\u015bv\u0101 s\u1e5bg\u0101lo v\u1e5bko vy\u0101ghro<br/>m\u0101rj\u0101ra\u1e25 \u015ba\u015ba-\u015ballakau<br/>si\u1e41ha\u1e25 kapir gaja\u1e25 k\u016brmo<br/>godh\u0101 ca makar\u0101daya\u1e25</i></em>", "synonyms": "<p><a href=\"/en/search/synonyms/?original=\u015bv\u0101\"><em>\u015bv\u0101</em></a> \u2014 dog; <a href=\"/en/search/synonyms/?original=s\u1e5bg\u0101la\u1e25\"><em>s\u1e5bg\u0101la\u1e25</em></a> \u2014 jackal; <a href=\"/en/search/synonyms/?original=v\u1e5bka\u1e25\"><em>v\u1e5bka\u1e25</em></a> \u2014 fox; <a href=\"/en/search/synonyms/?original=vy\u0101ghra\u1e25\"><em>vy\u0101ghra\u1e25</em></a> \u2014 tiger; <a href=\"/en/search/synonyms/?original=m\u0101rj\u0101ra\u1e25\"><em>m\u0101rj\u0101ra\u1e25</em></a> \u2014 cat; <a href=\"/en/search/synonyms/?original=\u015ba\u015ba\"><em>\u015ba\u015ba</em></a> \u2014 rabbit; <a href=\"/en/search/synonyms/?original=\u015ballakau\"><em>\u015ballakau</em></a> \u2014 <em>saj\u0101ru</em> (with thorns on the body); <a href=\"/en/search/synonyms/?original=si\u1e41ha\u1e25\"><em>si\u1e41ha\u1e25</em></a> \u2014 lion; <a href=\"/en/search/synonyms/?original=kapi\u1e25\"><em>kapi\u1e25</em></a> \u2014 monkey; <a href=\"/en/search/synonyms/?original=gaja\u1e25\"><em>gaja\u1e25</em></a> \u2014 elephant; <a href=\"/en/search/synonyms/?original=k\u016brma\u1e25\"><em>k\u016brma\u1e25</em></a> \u2014 tortoise; <a href=\"/en/search/synonyms/?original=godh\u0101\"><em>godh\u0101</em></a> \u2014 <em>gos\u0101pa</em> (snake with four legs); <a href=\"/en/search/synonyms/?original=ca\"><em>ca</em></a> \u2014 also; <a href=\"/en/search/synonyms/?original=makara\"><em>makara</em></a>-<a href=\"/en/search/synonyms/?original=\u0101daya\u1e25\"><em>\u0101daya\u1e25</em></a> \u2014 the alligator and others.</p>", "translation": "<p><strong>The dog, jackal, tiger, fox, cat, rabbit, saj\u0101ru, lion, monkey, elephant, tortoise, alligator, gos\u0101pa, etc., all have five nails in their claws. They are known as pa\u00f1ca-nakhas, or animals having five nails.</strong></p>", "purport": null}, {"verseNbr": "<h1>\u015aB 3.10.25</h1>", "sanskritText": "\u0915\u0919\u094d\u0915\u0917\u0943\u0927\u092c\u0915\u0936\u094d\u092f\u0947\u0928\u092d\u093e\u0938\u092d\u0932\u094d\u0932\u0942\u0915\u092c\u0930\u094d\u0939\u093f\u0923: \u0964<br/>\u0939\u0902\u0938\u0938\u093e\u0930\u0938\u091a\u0915\u094d\u0930\u093e\u0939\u094d\u0935\u0915\u093e\u0915\u094b\u0932\u0942\u0915\u093e\u0926\u092f: \u0916\u0917\u093e: \u0965 \u0968\u096b \u0965", "englishText": "<em><i>ka\u1e45ka-g\u1e5bdhra-baka-\u015byena-<br/>bh\u0101sa-bhall\u016bka-barhi\u1e47a\u1e25<br/>ha\u1e41sa-s\u0101rasa-cakr\u0101hva-<br/>k\u0101kol\u016bk\u0101daya\u1e25 khag\u0101\u1e25</i></em>", "synonyms": "<p><a href=\"/en/search/synonyms/?original=ka\u1e45ka\"><em>ka\u1e45ka</em></a> \u2014 heron; <a href=\"/en/search/synonyms/?original=g\u1e5bdhra\"><em>g\u1e5bdhra</em></a> \u2014 vulture; <a href=\"/en/search/synonyms/?original=baka\"><em>baka</em></a> \u2014 crane; <a href=\"/en/search/synonyms/?original=\u015byena\"><em>\u015byena</em></a> \u2014 hawk; <a href=\"/en/search/synonyms/?original=bh\u0101sa\"><em>bh\u0101sa</em></a> \u2014 the <em>bh\u0101sa</em>; <a href=\"/en/search/synonyms/?original=bhall\u016bka\"><em>bhall\u016bka</em></a> \u2014 the <em>bhall\u016bka</em>; <a href=\"/en/search/synonyms/?original=barhi\u1e47a\u1e25\"><em>barhi\u1e47a\u1e25</em></a> \u2014 the peacock; <a href=\"/en/search/synonyms/?original=ha\u1e41sa\"><em>ha\u1e41sa</em></a> \u2014 swan; <a href=\"/en/search/synonyms/?original=s\u0101rasa\"><em>s\u0101rasa</em></a> \u2014 the <em>s\u0101rasa</em>; <a href=\"/en/search/synonyms/?original=cakr\u0101hva\"><em>cakr\u0101hva</em></a> \u2014 the <em>cakrav\u0101ka</em>; <a href=\"/en/search/synonyms/?original=k\u0101ka\"><em>k\u0101ka</em></a> \u2014 crow; <a href=\"/en/search/synonyms/?original=ul\u016bka\"><em>ul\u016bka</em></a> \u2014 owl; <a href=\"/en/search/synonyms/?original=\u0101daya\u1e25\"><em>\u0101daya\u1e25</em></a> \u2014 and others; <a href=\"/en/search/synonyms/?original=khag\u0101\u1e25\"><em>khag\u0101\u1e25</em></a> \u2014 the birds.</p>", "translation": "<p><strong>The heron, vulture, crane, hawk, bh\u0101sa, bhall\u016bka, peacock, swan, s\u0101rasa, cakrav\u0101ka, crow, owl and others are the birds.</strong></p>", "purport": null}, {"verseNbr": "<h1>\u015aB 3.10.26</h1>", "sanskritText": "\u0905\u0930\u094d\u0935\u093e\u0915\u094d\u0938\u094d\u0930\u094b\u0924\u0938\u094d\u0924\u0941 \u0928\u0935\u092e: \u0915\u094d\u0937\u0924\u094d\u0924\u0930\u0947\u0915\u0935\u093f\u0927\u094b \u0928\u0943\u0923\u093e\u092e\u094d \u0964<br/>\u0930\u091c\u094b\u093d\u0927\u093f\u0915\u093e: \u0915\u0930\u094d\u092e\u092a\u0930\u093e \u0926\u0941:\u0916\u0947 \u091a \u0938\u0941\u0916\u092e\u093e\u0928\u093f\u0928: \u0965 \u0968\u096c \u0965", "englishText": "<em><i>arv\u0101k-srotas tu navama\u1e25<br/>k\u1e63attar eka-vidho n\u1e5b\u1e47\u0101m<br/>rajo\u00a0\u2019dhik\u0101\u1e25 karma-par\u0101<br/>du\u1e25khe ca sukha-m\u0101nina\u1e25</i></em>", "synonyms": "<p><a href=\"/en/search/synonyms/?original=arv\u0101k\"><em>arv\u0101k</em></a> \u2014 downwards; <a href=\"/en/search/synonyms/?original=srota\u1e25\"><em>srota\u1e25</em></a> \u2014 passage of food; <a href=\"/en/search/synonyms/?original=tu\"><em>tu</em></a> \u2014 but; <a href=\"/en/search/synonyms/?original=navama\u1e25\"><em>navama\u1e25</em></a> \u2014 the ninth; <a href=\"/en/search/synonyms/?original=k\u1e63atta\u1e25\"><em>k\u1e63atta\u1e25</em></a> \u2014 O Vidura; <a href=\"/en/search/synonyms/?original=eka\"><em>eka</em></a>-<a href=\"/en/search/synonyms/?original=vidha\u1e25\"><em>vidha\u1e25</em></a> \u2014 one species; <a href=\"/en/search/synonyms/?original=n\u1e5b\u1e47\u0101m\"><em>n\u1e5b\u1e47\u0101m</em></a> \u2014 of human beings; <a href=\"/en/search/synonyms/?original=raja\u1e25\"><em>raja\u1e25</em></a> \u2014 the mode of passion; <a href=\"/en/search/synonyms/?original=adhik\u0101\u1e25\"><em>adhik\u0101\u1e25</em></a> \u2014 very prominent; <a href=\"/en/search/synonyms/?original=karma\"><em>karma</em></a>-<a href=\"/en/search/synonyms/?original=par\u0101\u1e25\"><em>par\u0101\u1e25</em></a> \u2014 interested in working; <a href=\"/en/search/synonyms/?original=du\u1e25khe\"><em>du\u1e25khe</em></a> \u2014 in misery; <a href=\"/en/search/synonyms/?original=ca\"><em>ca</em></a> \u2014 but; <a href=\"/en/search/synonyms/?original=sukha\"><em>sukha</em></a> \u2014 happiness; <a href=\"/en/search/synonyms/?original=m\u0101nina\u1e25\"><em>m\u0101nina\u1e25</em></a> \u2014 thinking.</p>", "translation": "<p><strong>The creation of the human beings, who are of one species only and who stock their eatables in the belly, is the ninth in the rotation. In the human race, the mode of passion is very prominent. Humans are always busy in the midst of miserable life, but they think themselves happy in all respects.</strong></p>", "purport": "<h2 class=\"section-title\">Purport</h2>\n<div class=\"r r-lang-en r-paragraph\" id=\"bb22305\"><p>The human being is more passionate than the animals, and thus the sex life of the human being is more irregular. The animals have their due time for sexual intercourse, but the human being has no regular time for such activities. The human being is endowed with a higher, advanced stage of consciousness for getting relief from the existence of material miseries, but due to his ignorance he thinks that his higher consciousness is meant for advancing in the material comforts of life. Thus his intelligence is misused in the animal propensities \u2014 eating, sleeping, defending and mating \u2014 instead of spiritual realization. By advancing in material comforts the human being puts himself into a more miserable condition, but, illusioned by the material energy, he always thinks himself happy, even while in the midst of misery. Such misery of human life is distinct from the natural comfortable life enjoyed even by the animals.</p></div>"}, {"verseNbr": "<h1>\u015aB 3.10.27</h1>", "sanskritText": "\u0935\u0948\u0915\u0943\u0924\u093e\u0938\u094d\u0930\u092f \u090f\u0935\u0948\u0924\u0947 \u0926\u0947\u0935\u0938\u0930\u094d\u0917\u0936\u094d\u091a \u0938\u0924\u094d\u0924\u092e \u0964<br/>\u0935\u0948\u0915\u093e\u0930\u093f\u0915\u0938\u094d\u0924\u0941 \u092f: \u092a\u094d\u0930\u094b\u0915\u094d\u0924: \u0915\u094c\u092e\u093e\u0930\u0938\u094d\u0924\u0942\u092d\u092f\u093e\u0924\u094d\u092e\u0915: \u0965 \u0968\u096d \u0965", "englishText": "<em><i>vaik\u1e5bt\u0101s traya evaite<br/>deva-sarga\u015b ca sattama<br/>vaik\u0101rikas tu ya\u1e25 prokta\u1e25<br/>kaum\u0101ras t\u016bbhay\u0101tmaka\u1e25</i></em>", "synonyms": "<p><a href=\"/en/search/synonyms/?original=vaik\u1e5bt\u0101\u1e25\"><em>vaik\u1e5bt\u0101\u1e25</em></a> \u2014 creations of Brahm\u0101; <a href=\"/en/search/synonyms/?original=traya\u1e25\"><em>traya\u1e25</em></a> \u2014 three kinds; <a href=\"/en/search/synonyms/?original=eva\"><em>eva</em></a> \u2014 certainly; <a href=\"/en/search/synonyms/?original=ete\"><em>ete</em></a> \u2014 all these; <a href=\"/en/search/synonyms/?original=deva\"><em>deva</em></a>-<a href=\"/en/search/synonyms/?original=sarga\u1e25\"><em>sarga\u1e25</em></a> \u2014 appearance of the demigods; <a href=\"/en/search/synonyms/?original=ca\"><em>ca</em></a> \u2014 also; <a href=\"/en/search/synonyms/?original=sattama\"><em>sattama</em></a> \u2014 O good Vidura; <a href=\"/en/search/synonyms/?original=vaik\u0101rika\u1e25\"><em>vaik\u0101rika\u1e25</em></a> \u2014 creation of demigods by nature; <a href=\"/en/search/synonyms/?original=tu\"><em>tu</em></a> \u2014 but; <a href=\"/en/search/synonyms/?original=ya\u1e25\"><em>ya\u1e25</em></a> \u2014 which; <a href=\"/en/search/synonyms/?original=prokta\u1e25\"><em>prokta\u1e25</em></a> \u2014 described before; <a href=\"/en/search/synonyms/?original=kaum\u0101ra\u1e25\"><em>kaum\u0101ra\u1e25</em></a> \u2014 the four Kum\u0101ras; <a href=\"/en/search/synonyms/?original=tu\"><em>tu</em></a> \u2014 but; <a href=\"/en/search/synonyms/?original=ubhaya\"><em>ubhaya</em></a>-<a href=\"/en/search/synonyms/?original=\u0101tmaka\u1e25\"><em>\u0101tmaka\u1e25</em></a> \u2014 both ways (namely <em>vaik\u1e5bta</em> and <em>pr\u0101k\u1e5bta</em>).</p>", "translation": "<p><strong>O good Vidura, these last three creations and the creation of demigods (the tenth creation) are vaik\u1e5bta creations, which are different from the previously described pr\u0101k\u1e5bta (natural) creations. The appearance of the Kum\u0101ras is both.</strong></p>", "purport": null}, {"verseNbr": "<h1>\u015aB 3.10.28-29</h1>", "sanskritText": "\u0926\u0947\u0935\u0938\u0930\u094d\u0917\u0936\u094d\u091a\u093e\u0937\u094d\u091f\u0935\u093f\u0927\u094b \u0935\u093f\u092c\u0941\u0927\u093e: \u092a\u093f\u0924\u0930\u094b\u093d\u0938\u0941\u0930\u093e: \u0964<br/>\u0917\u0928\u094d\u0927\u0930\u094d\u0935\u093e\u092a\u094d\u0938\u0930\u0938: \u0938\u093f\u0926\u094d\u0927\u093e \u092f\u0915\u094d\u0937\u0930\u0915\u094d\u0937\u093e\u0902\u0938\u093f \u091a\u093e\u0930\u0923\u093e: \u0965 \u0968\u096e \u0965<br/>\u092d\u0942\u0924\u092a\u094d\u0930\u0947\u0924\u092a\u093f\u0936\u093e\u091a\u093e\u0936\u094d\u091a \u0935\u093f\u0926\u094d\u092f\u093e\u0927\u094d\u0930\u093e: \u0915\u093f\u0928\u094d\u0928\u0930\u093e\u0926\u092f: \u0964<br/>\u0926\u0936\u0948\u0924\u0947 \u0935\u093f\u0926\u0941\u0930\u093e\u0916\u094d\u092f\u093e\u0924\u093e: \u0938\u0930\u094d\u0917\u093e\u0938\u094d\u0924\u0947 \u0935\u093f\u0936\u094d\u0935\u0938\u0943\u0915\u094d\u200d\u0915\u0943\u0924\u093e: \u0965 \u0968\u096f \u0965", "englishText": "<em><i>deva-sarga\u015b c\u0101\u1e63\u1e6da-vidho<br/>vibudh\u0101\u1e25 pitaro\u00a0\u2019sur\u0101\u1e25<br/>gandharv\u0101psarasa\u1e25 siddh\u0101<br/>yak\u1e63a-rak\u1e63\u0101\u1e41si c\u0101ra\u1e47\u0101\u1e25</i></em>", "synonyms": "<p><a href=\"/en/search/synonyms/?original=deva\"><em>deva</em></a>-<a href=\"/en/search/synonyms/?original=sarga\u1e25\"><em>sarga\u1e25</em></a> \u2014 creation of the demigods; <a href=\"/en/search/synonyms/?original=ca\"><em>ca</em></a> \u2014 also; <a href=\"/en/search/synonyms/?original=a\u1e63\u1e6da\"><em>a\u1e63\u1e6da</em></a>-<a href=\"/en/search/synonyms/?original=vidha\u1e25\"><em>vidha\u1e25</em></a> \u2014 eight kinds; <a href=\"/en/search/synonyms/?original=vibudh\u0101\u1e25\"><em>vibudh\u0101\u1e25</em></a> \u2014 the demigods; <a href=\"/en/search/synonyms/?original=pitara\u1e25\"><em>pitara\u1e25</em></a> \u2014 the forefathers; <a href=\"/en/search/synonyms/?original=asur\u0101\u1e25\"><em>asur\u0101\u1e25</em></a> \u2014 the demons; <a href=\"/en/search/synonyms/?original=gandharva\"><em>gandharva</em></a> \u2014 the expert artisans in the higher planets; <a href=\"/en/search/synonyms/?original=apsarasa\u1e25\"><em>apsarasa\u1e25</em></a> \u2014 the angels; <a href=\"/en/search/synonyms/?original=siddh\u0101\u1e25\"><em>siddh\u0101\u1e25</em></a> \u2014 persons who are perfect in mystic powers; <a href=\"/en/search/synonyms/?original=yak\u1e63a\"><em>yak\u1e63a</em></a> \u2014 the superprotectors; <a href=\"/en/search/synonyms/?original=rak\u1e63\u0101\u1e41si\"><em>rak\u1e63\u0101\u1e41si</em></a> \u2014 giants; <a href=\"/en/search/synonyms/?original=c\u0101ra\u1e47\u0101\u1e25\"><em>c\u0101ra\u1e47\u0101\u1e25</em></a> \u2014 the celestial singers; <a href=\"/en/search/synonyms/?original=bh\u016bta\"><em>bh\u016bta</em></a> \u2014 jinn; <a href=\"/en/search/synonyms/?original=preta\"><em>preta</em></a> \u2014 evil spirits; <a href=\"/en/search/synonyms/?original=pi\u015b\u0101c\u0101\u1e25\"><em>pi\u015b\u0101c\u0101\u1e25</em></a> \u2014 attendant spirits; <a href=\"/en/search/synonyms/?original=ca\"><em>ca</em></a> \u2014 also; <a href=\"/en/search/synonyms/?original=vidy\u0101dhr\u0101\u1e25\"><em>vidy\u0101dhr\u0101\u1e25</em></a> \u2014 the celestial denizens named Vidy\u0101dharas; <a href=\"/en/search/synonyms/?original=kinnara\"><em>kinnara</em></a> \u2014 superhuman beings; <a href=\"/en/search/synonyms/?original=\u0101daya\u1e25\"><em>\u0101daya\u1e25</em></a> \u2014 and others; <a href=\"/en/search/synonyms/?original=da\u015ba\"><em>da\u015ba</em></a> <a href=\"/en/search/synonyms/?original=ete\"><em>ete</em></a> \u2014 all these ten (creations); <a href=\"/en/search/synonyms/?original=vidura\"><em>vidura</em></a> \u2014 O Vidura; <a href=\"/en/search/synonyms/?original=\u0101khy\u0101t\u0101\u1e25\"><em>\u0101khy\u0101t\u0101\u1e25</em></a> \u2014 described; <a href=\"/en/search/synonyms/?original=sarg\u0101\u1e25\"><em>sarg\u0101\u1e25</em></a> \u2014 creations; <a href=\"/en/search/synonyms/?original=te\"><em>te</em></a> \u2014 unto you; <a href=\"/en/search/synonyms/?original=vi\u015bva\"><em>vi\u015bva</em></a>-<a href=\"/en/search/synonyms/?original=s\u1e5bk\"><em>s\u1e5bk</em></a> \u2014 the creator of the universe (Brahm\u0101); <a href=\"/en/search/synonyms/?original=k\u1e5bt\u0101\u1e25\"><em>k\u1e5bt\u0101\u1e25</em></a> \u2014 done by him.</p>", "translation": "<p><strong>The creation of the demigods is of eight varieties: (1) the demigods, (2) the forefathers, (3) the asuras, or demons, (4) the Gandharvas and Apsar\u0101s, or angels, (5) the Yak\u1e63as and R\u0101k\u1e63asas, (6) the Siddhas, C\u0101ra\u1e47as and Vidy\u0101dharas, (7) the Bh\u016btas, Pretas and Pi\u015b\u0101cas, and (8) the superhuman beings, celestial singers, etc. All are created by Brahm\u0101, the creator of the universe.</strong></p>", "purport": "<h2 class=\"section-title\">Purport</h2>\n<div class=\"r r-lang-en r-paragraph\" id=\"bb22315\"><p>As explained in the Second Canto of <i><a href=\"/en/library/sb/\">\u015ar\u012bmad-Bh\u0101gavatam</a>,</i> the Siddhas are inhabitants of Siddhaloka, where the residents travel in space without vehicles. At their mere will they can pass from one planet to another without difficulty. Therefore, in the upper planets the inhabitants are far superior to the inhabitants of this planet in all matters of art, culture and science, since they possess brains superior to those of human beings. The spirits and jinn mentioned in this connection are also counted among the demigods because they are able to perform uncommon functions not possible for men.</p></div>"}, {"verseNbr": "<h1>\u015aB 3.10.30</h1>", "sanskritText": "\u0905\u0924: \u092a\u0930\u0902 \u092a\u094d\u0930\u0935\u0915\u094d\u0937\u094d\u092f\u093e\u092e\u093f \u0935\u0902\u0936\u093e\u0928\u094d\u092e\u0928\u094d\u0935\u0928\u094d\u0924\u0930\u093e\u0923\u093f \u091a \u0964<br/>\u090f\u0935\u0902 \u0930\u091c:\u092a\u094d\u0932\u0941\u0924: \u0938\u094d\u0930\u0937\u094d\u091f\u093e \u0915\u0932\u094d\u092a\u093e\u0926\u093f\u0937\u094d\u0935\u093e\u0924\u094d\u092e\u092d\u0942\u0930\u094d\u0939\u0930\u093f: \u0964<br/>\u0938\u0943\u091c\u0924\u094d\u092f\u092e\u094b\u0918\u0938\u0919\u094d\u0915\u0932\u094d\u092a \u0906\u0924\u094d\u092e\u0948\u0935\u093e\u0924\u094d\u092e\u093e\u0928\u092e\u093e\u0924\u094d\u092e\u0928\u093e \u0965 \u0969\u0966 \u0965", "englishText": "<em><i>ata\u1e25 para\u1e41 pravak\u1e63y\u0101mi<br/>va\u1e41\u015b\u0101n manvantar\u0101\u1e47i ca<br/>eva\u1e41 raja\u1e25-pluta\u1e25 sra\u1e63\u1e6d\u0101<br/>kalp\u0101di\u1e63v \u0101tmabh\u016br hari\u1e25<br/>s\u1e5bjaty amogha-sa\u1e45kalpa<br/>\u0101tmaiv\u0101tm\u0101nam \u0101tman\u0101</i></em>", "synonyms": "<p><a href=\"/en/search/synonyms/?original=ata\u1e25\"><em>ata\u1e25</em></a> \u2014 here; <a href=\"/en/search/synonyms/?original=param\"><em>param</em></a> \u2014 after; <a href=\"/en/search/synonyms/?original=pravak\u1e63y\u0101mi\"><em>pravak\u1e63y\u0101mi</em></a> \u2014 I shall explain; <a href=\"/en/search/synonyms/?original=va\u1e41\u015b\u0101n\"><em>va\u1e41\u015b\u0101n</em></a> \u2014 descendants; <a href=\"/en/search/synonyms/?original=manvantar\u0101\u1e47i\"><em>manvantar\u0101\u1e47i</em></a> \u2014 different advents of Manus; <a href=\"/en/search/synonyms/?original=ca\"><em>ca</em></a> \u2014 and; <a href=\"/en/search/synonyms/?original=evam\"><em>evam</em></a> \u2014 thus; <a href=\"/en/search/synonyms/?original=raja\u1e25\"><em>raja\u1e25</em></a>-<a href=\"/en/search/synonyms/?original=pluta\u1e25\"><em>pluta\u1e25</em></a> \u2014 infused with the mode of passion; <a href=\"/en/search/synonyms/?original=sra\u1e63\u1e6d\u0101\"><em>sra\u1e63\u1e6d\u0101</em></a> \u2014 the creator; <a href=\"/en/search/synonyms/?original=kalpa\"><em>kalpa</em></a>-<a href=\"/en/search/synonyms/?original=\u0101di\u1e63u\"><em>\u0101di\u1e63u</em></a> \u2014 in different millenniums; <a href=\"/en/search/synonyms/?original=\u0101tma\"><em>\u0101tma</em></a>-<a href=\"/en/search/synonyms/?original=bh\u016b\u1e25\"><em>bh\u016b\u1e25</em></a> \u2014 self-advent; <a href=\"/en/search/synonyms/?original=hari\u1e25\"><em>hari\u1e25</em></a> \u2014 the Personality of Godhead; <a href=\"/en/search/synonyms/?original=s\u1e5bjati\"><em>s\u1e5bjati</em></a> \u2014 creates; <a href=\"/en/search/synonyms/?original=amogha\"><em>amogha</em></a> \u2014 unfailing; <a href=\"/en/search/synonyms/?original=sa\u1e45kalpa\u1e25\"><em>sa\u1e45kalpa\u1e25</em></a> \u2014 determination; <a href=\"/en/search/synonyms/?original=\u0101tm\u0101\"><em>\u0101tm\u0101</em></a> <a href=\"/en/search/synonyms/?original=eva\"><em>eva</em></a> \u2014 He Himself; <a href=\"/en/search/synonyms/?original=\u0101tm\u0101nam\"><em>\u0101tm\u0101nam</em></a> \u2014 Himself; <a href=\"/en/search/synonyms/?original=\u0101tman\u0101\"><em>\u0101tman\u0101</em></a> \u2014 by His own energy.</p>", "translation": "<p><strong>Now I shall describe the descendants of the Manus. The creator, Brahm\u0101, as the incarnation of the passion mode of the Personality of Godhead, creates the universal affairs with unfailing desires in every millennium by the force of the Lord\u2019s energy.</strong></p>", "purport": "<h2 class=\"section-title\">Purport</h2>\n<div class=\"r r-lang-en r-paragraph\" id=\"bb22320\"><p>The cosmic manifestation is an expansion of one of the many energies of the Supreme Personality of Godhead; the creator and the created are both emanations of the same Supreme Truth, as stated in the beginning of the <i><a href=\"/en/library/sb/\">Bh\u0101gavatam</a>: janm\u0101dy asya yata\u1e25.</i></p></div>\n<div class=\"r r-lang-en r-paragraph-thus-ends\" id=\"bb22321\"><p><i>Thus end the Bhaktivedanta purports of the Third Canto, Tenth Chapter, of the</i> <a href=\"/en/library/sb/\">\u015ar\u012bmad-Bh\u0101gavatam</a>, <i>entitled \u201cDivisions of the Creation.\u201d</i></p></div>"}]}