{
    "name": "<h1>Canto 2: The Cosmic Manifestation</h1>",
    "totalChapters": 10,
    "chapters": [
        {
            "id": 0,
            "name": "CHAPTER ONE: The First Step in God Realization"
        },
        {
            "id": 1,
            "name": "CHAPTER TWO: The Lord in the Heart"
        },
        {
            "id": 2,
            "name": "CHAPTER THREE: Pure Devotional Service: The Change in Heart"
        },
        {
            "id": 3,
            "name": "CHAPTER FOUR: The Process of Creation"
        },
        {
            "id": 4,
            "name": "CHAPTER FIVE: The Cause of All Causes"
        },
        {
            "id": 5,
            "name": "CHAPTER SIX: Puru\u1e63a-s\u016bkta Confirmed"
        },
        {
            "id": 6,
            "name": "CHAPTER SEVEN: Scheduled Incarnations with Specific Functions"
        },
        {
            "id": 7,
            "name": "CHAPTER EIGHT: Questions by King Par\u012bk\u1e63it"
        },
        {
            "id": 8,
            "name": "CHAPTER NINE: Answers by Citing the Lord\u2019s Version"
        },
        {
            "id": 9,
            "name": "CHAPTER TEN: Bh\u0101gavatam Is the Answer to All Questions"
        }
    ]
}