{
    "name": "<h1>Canto 4: The Creation of the Fourth Order</h1>",
    "totalChapters": 31,
    "chapters": [
        {
            "id": 0,
            "name": "CHAPTER ONE: Genealogical Table of the Daughters of Manu"
        },
        {
            "id": 1,
            "name": "CHAPTER TWO: Dak\u1e63a Curses Lord \u015aiva"
        },
        {
            "id": 2,
            "name": "CHAPTER THREE: Talks Between Lord \u015aiva and Sat\u012b"
        },
        {
            "id": 3,
            "name": "CHAPTER FOUR: Sat\u012b Quits Her Body"
        },
        {
            "id": 4,
            "name": "CHAPTER FIVE: Frustration of the Sacrifice of Dak\u1e63a"
        },
        {
            "id": 5,
            "name": "CHAPTER SIX: Brahm\u0101 Satisfies Lord \u015aiva"
        },
        {
            "id": 6,
            "name": "CHAPTER SEVEN: The Sacrifice Performed by Dak\u1e63a"
        },
        {
            "id": 7,
            "name": "CHAPTER EIGHT: Dhruva Mah\u0101r\u0101ja Leaves Home for the Forest"
        },
        {
            "id": 8,
            "name": "CHAPTER NINE: Dhruva Mah\u0101r\u0101ja Returns Home"
        },
        {
            "id": 9,
            "name": "CHAPTER TEN: Dhruva Mah\u0101r\u0101ja\u2019s Fight with the Yak\u1e63as"
        },
        {
            "id": 10,
            "name": "CHAPTER ELEVEN: Sv\u0101yambhuva Manu Advises Dhruva Mah\u0101r\u0101ja to Stop Fighting"
        },
        {
            "id": 11,
            "name": "CHAPTER TWELVE: Dhruva Mah\u0101r\u0101ja Goes Back to Godhead"
        },
        {
            "id": 12,
            "name": "CHAPTER THIRTEEN: Description of the Descendants of Dhruva Mah\u0101r\u0101ja"
        },
        {
            "id": 13,
            "name": "CHAPTER FOURTEEN: The Story of King Vena"
        },
        {
            "id": 14,
            "name": "CHAPTER FIFTEEN: King P\u1e5bthu\u2019s Appearance and Coronation"
        },
        {
            "id": 15,
            "name": "CHAPTER SIXTEEN: Praise of King P\u1e5bthu by the Professional Reciters"
        },
        {
            "id": 16,
            "name": "CHAPTER SEVENTEEN: Mah\u0101r\u0101ja P\u1e5bthu Becomes Angry at the Earth"
        },
        {
            "id": 17,
            "name": "CHAPTER EIGHTEEN: P\u1e5bthu Mah\u0101r\u0101ja Milks the Earth Planet"
        },
        {
            "id": 18,
            "name": "CHAPTER NINETEEN: King P\u1e5bthu\u2019s One Hundred Horse Sacrifices"
        },
        {
            "id": 19,
            "name": "CHAPTER TWENTY: Lord Vi\u1e63\u1e47u\u2019s Appearance in the Sacrificial Arena of Mah\u0101r\u0101ja P\u1e5bthu"
        },
        {
            "id": 20,
            "name": "CHAPTER TWENTY-ONE: Instructions by Mah\u0101r\u0101ja P\u1e5bthu"
        },
        {
            "id": 21,
            "name": "CHAPTER TWENTY-TWO: P\u1e5bthu Mah\u0101r\u0101ja\u2019s Meeting with the Four Kum\u0101ras"
        },
        {
            "id": 22,
            "name": "CHAPTER TWENTY-THREE: Mah\u0101r\u0101ja P\u1e5bthu\u2019s Going Back Home"
        },
        {
            "id": 23,
            "name": "CHAPTER TWENTY-FOUR: Chanting the Song Sung by Lord \u015aiva"
        },
        {
            "id": 24,
            "name": "CHAPTER TWENTY-FIVE: The Descriptions of the Characteristics of King Pura\u00f1jana"
        },
        {
            "id": 25,
            "name": "CHAPTER TWENTY-SIX: King Pura\u00f1jana Goes to the Forest to Hunt, and His Queen Becomes Angry"
        },
        {
            "id": 26,
            "name": "CHAPTER TWENTY-SEVEN: Attack by Ca\u1e47\u1e0davega on the City of King Pura\u00f1jana; the Character of K\u0101lakany\u0101"
        },
        {
            "id": 27,
            "name": "CHAPTER TWENTY-EIGHT: Pura\u00f1jana Becomes a Woman in the Next Life"
        },
        {
            "id": 28,
            "name": "CHAPTER TWENTY-NINE: Talks Between N\u0101rada and King Pr\u0101c\u012bnabarhi"
        },
        {
            "id": 29,
            "name": "CHAPTER THIRTY: The Activities of the Pracet\u0101s"
        },
        {
            "id": 30,
            "name": "CHAPTER THIRTY-ONE: N\u0101rada Instructs the Pracet\u0101s"
        }
    ]
}