{"verseNbrs": ["1", "2", "3", "4", "5", "6", "7", "8", "9", "10", "11", "12", "13", "14", "15", "16", "17", "18", "19", "20", "21", "22", "23", "24", "25", "26"], "totalVerses": 26, "name": "<h1>Frustration of the Sacrifice of Dak\u1e63a</h1>", "verses": [{"verseNbr": "<h1>\u015aB 4.5.1</h1>", "sanskritText": "\u092e\u0948\u0924\u094d\u0930\u0947\u092f \u0909\u0935\u093e\u091a<br/>\u092d\u0935\u094b \u092d\u0935\u093e\u0928\u094d\u092f\u093e \u0928\u093f\u0927\u0928\u0902 \u092a\u094d\u0930\u091c\u093e\u092a\u0924\u0947-<br/>\u0930\u0938\u0924\u094d\u0915\u0943\u0924\u093e\u092f\u093e \u0905\u0935\u0917\u092e\u094d\u092f \u0928\u093e\u0930\u0926\u093e\u0924\u094d \u0964<br/>\u0938\u094d\u0935\u092a\u093e\u0930\u094d\u0937\u0926\u0938\u0948\u0928\u094d\u092f\u0902 \u091a \u0924\u0926\u0927\u094d\u0935\u0930\u0930\u094d\u092d\u0941\u092d\u093f-<br/>\u0930\u094d\u0935\u093f\u0926\u094d\u0930\u093e\u0935\u093f\u0924\u0902 \u0915\u094d\u0930\u094b\u0927\u092e\u092a\u093e\u0930\u092e\u093e\u0926\u0927\u0947 \u0965 \u0967 \u0965", "englishText": "<em>maitreya uv\u0101ca<br/><i>bhavo bhav\u0101ny\u0101 nidhana\u1e41 praj\u0101pater<br/>asat-k\u1e5bt\u0101y\u0101 avagamya n\u0101rad\u0101t<br/>sva-p\u0101r\u1e63ada-sainya\u1e41 ca tad-adhvararbhubhir<br/>vidr\u0101vita\u1e41 krodham ap\u0101ram \u0101dadhe</i></em>", "synonyms": "<p><a href=\"/en/search/synonyms/?original=maitreya\u1e25\"><em>maitreya\u1e25</em></a> <a href=\"/en/search/synonyms/?original=uv\u0101ca\"><em>uv\u0101ca</em></a> \u2014 Maitreya said; <a href=\"/en/search/synonyms/?original=bhava\u1e25\"><em>bhava\u1e25</em></a> \u2014 Lord \u015aiva; <a href=\"/en/search/synonyms/?original=bhav\u0101ny\u0101\u1e25\"><em>bhav\u0101ny\u0101\u1e25</em></a> \u2014 of Sat\u012b; <a href=\"/en/search/synonyms/?original=nidhanam\"><em>nidhanam</em></a> \u2014 the death; <a href=\"/en/search/synonyms/?original=praj\u0101pate\u1e25\"><em>praj\u0101pate\u1e25</em></a> \u2014 because of Praj\u0101pati Dak\u1e63a; <a href=\"/en/search/synonyms/?original=asat\"><em>asat</em></a>-<a href=\"/en/search/synonyms/?original=k\u1e5bt\u0101y\u0101\u1e25\"><em>k\u1e5bt\u0101y\u0101\u1e25</em></a> \u2014 having been insulted; <a href=\"/en/search/synonyms/?original=avagamya\"><em>avagamya</em></a> \u2014 hearing about; <a href=\"/en/search/synonyms/?original=n\u0101rad\u0101t\"><em>n\u0101rad\u0101t</em></a> \u2014 from N\u0101rada; <a href=\"/en/search/synonyms/?original=sva\"><em>sva</em></a>-<a href=\"/en/search/synonyms/?original=p\u0101r\u1e63ada\"><em>p\u0101r\u1e63ada</em></a>-<a href=\"/en/search/synonyms/?original=sainyam\"><em>sainyam</em></a> \u2014 the soldiers of his own associates; <a href=\"/en/search/synonyms/?original=ca\"><em>ca</em></a> \u2014 and; <a href=\"/en/search/synonyms/?original=tat\"><em>tat</em></a>-<a href=\"/en/search/synonyms/?original=adhvara\"><em>adhvara</em></a> \u2014 (produced from) his (Dak\u1e63a\u2019s) sacrifice; <a href=\"/en/search/synonyms/?original=\u1e5bbhubhi\u1e25\"><em>\u1e5bbhubhi\u1e25</em></a> \u2014 by the \u1e5abhus; <a href=\"/en/search/synonyms/?original=vidr\u0101vitam\"><em>vidr\u0101vitam</em></a> \u2014 were driven away; <a href=\"/en/search/synonyms/?original=krodham\"><em>krodham</em></a> \u2014 anger; <a href=\"/en/search/synonyms/?original=ap\u0101ram\"><em>ap\u0101ram</em></a> \u2014 unbounded; <a href=\"/en/search/synonyms/?original=\u0101dadhe\"><em>\u0101dadhe</em></a> \u2014 showed.</p>", "translation": "<p><strong>Maitreya said: When Lord \u015aiva heard from N\u0101rada that Sat\u012b, his wife, was now dead because of Praj\u0101pati Dak\u1e63a\u2019s insult to her and that his soldiers had been driven away by the \u1e5abhu demigods, he became greatly angry.</strong></p>", "purport": "<h2 class=\"section-title\">Purport</h2>\n<div class=\"r r-lang-en r-paragraph\" id=\"bb28437\"><p>Lord \u015aiva understood that Sat\u012b, being the youngest daughter of Dak\u1e63a, could present the case of Lord \u015aiva\u2019s purity of purpose and would thus be able to mitigate the misunderstanding between Dak\u1e63a and himself. But such a compromise was not attained, and Sat\u012b was deliberately insulted by her father by not being received properly when she visited his house without being invited. Sat\u012b herself could have killed her father, Dak\u1e63a, because she is the personified material energy and has immense power to kill and create within this material universe. In the <i>Brahma-sa\u1e41hit\u0101</i> her strength is described: she is capable of creating and dissolving many universes. But although she is so powerful, she acts under the direction of the Supreme Personality of Godhead, K\u1e5b\u1e63\u1e47a, as His shadow. It would not have been difficult for Sat\u012b to punish her father, but she thought that since she was his daughter, it was not proper for her to kill him. Thus she decided to give up her own body, which she had obtained from his, and Dak\u1e63a did not even check her.</p></div>\n<div class=\"r r-lang-en r-paragraph\" id=\"bb28438\"><p>When Sat\u012b passed away, giving up her body, the news was conveyed by N\u0101rada to Lord \u015aiva. N\u0101rada always carries the news of such events because he knows their import. When Lord \u015aiva heard that his chaste wife, Sat\u012b, was dead, he naturally became exceedingly angry. He also understood that Bh\u1e5bgu Muni had created the \u1e5abhudeva demigods by uttering the <i>mantras</i> of the <i>Yajur Veda</i> and that these demigods had driven away all of his soldiers who were present in the arena of sacrifice. Therefore he wanted to reply to this insult, and thus he decided to kill Dak\u1e63a because he was the cause of the death of Sat\u012b.</p></div>"}, {"verseNbr": "<h1>\u015aB 4.5.2</h1>", "sanskritText": "\u0915\u094d\u0930\u0941\u0926\u094d\u0927: \u0938\u0941\u0926\u0937\u094d\u091f\u094c\u0937\u094d\u0920\u092a\u0941\u091f: \u0938 \u0927\u0942\u0930\u094d\u091c\u091f\u093f-<br/>\u0930\u094d\u091c\u091f\u093e\u0902 \u0924\u0921\u093f\u0926\u094d\u0935\u0939\u094d\u0928\u093f\u0938\u091f\u094b\u0917\u094d\u0930\u0930\u094b\u091a\u093f\u0937\u092e\u094d \u0964<br/>\u0909\u0924\u094d\u0915\u0943\u0924\u094d\u092f \u0930\u0941\u0926\u094d\u0930: \u0938\u0939\u0938\u094b\u0924\u094d\u0925\u093f\u0924\u094b \u0939\u0938\u0928\u094d<br/>\u0917\u092e\u094d\u092d\u0940\u0930\u0928\u093e\u0926\u094b \u0935\u093f\u0938\u0938\u0930\u094d\u091c \u0924\u093e\u0902 \u092d\u0941\u0935\u093f \u0965 \u0968 \u0965", "englishText": "<em><i>kruddha\u1e25 suda\u1e63\u1e6dau\u1e63\u1e6dha-pu\u1e6da\u1e25 sa dh\u016br-ja\u1e6dir<br/>ja\u1e6d\u0101\u1e41 ta\u1e0did-vahni-sa\u1e6dogra-roci\u1e63am<br/>utk\u1e5btya rudra\u1e25 sahasotthito hasan<br/>gambh\u012bra-n\u0101do visasarja t\u0101\u1e41 bhuvi</i></em>", "synonyms": "<p><a href=\"/en/search/synonyms/?original=kruddha\u1e25\"><em>kruddha\u1e25</em></a> \u2014 very angry; <a href=\"/en/search/synonyms/?original=su\"><em>su</em></a>-<a href=\"/en/search/synonyms/?original=da\u1e63\u1e6da\"><em>da\u1e63\u1e6da</em></a>-<a href=\"/en/search/synonyms/?original=o\u1e63\u1e6dha\"><em>o\u1e63\u1e6dha</em></a>-<a href=\"/en/search/synonyms/?original=pu\u1e6da\u1e25\"><em>pu\u1e6da\u1e25</em></a> \u2014 pressing his lips with his teeth; <a href=\"/en/search/synonyms/?original=sa\u1e25\"><em>sa\u1e25</em></a> \u2014 he (Lord \u015aiva); <a href=\"/en/search/synonyms/?original=dh\u016b\u1e25\"><em>dh\u016b\u1e25</em></a>-<a href=\"/en/search/synonyms/?original=ja\u1e6di\u1e25\"><em>ja\u1e6di\u1e25</em></a> \u2014 having a cluster of hair on his head; <a href=\"/en/search/synonyms/?original=ja\u1e6d\u0101m\"><em>ja\u1e6d\u0101m</em></a> \u2014 one hair; <a href=\"/en/search/synonyms/?original=ta\u1e0dit\"><em>ta\u1e0dit</em></a> \u2014 of electricity; <a href=\"/en/search/synonyms/?original=vahni\"><em>vahni</em></a> \u2014 of fire; <a href=\"/en/search/synonyms/?original=sa\u1e6d\u0101\"><em>sa\u1e6d\u0101</em></a> \u2014 a flame; <a href=\"/en/search/synonyms/?original=ugra\"><em>ugra</em></a> \u2014 terrible; <a href=\"/en/search/synonyms/?original=roci\u1e63am\"><em>roci\u1e63am</em></a> \u2014 blazing; <a href=\"/en/search/synonyms/?original=utk\u1e5btya\"><em>utk\u1e5btya</em></a> \u2014 snatching; <a href=\"/en/search/synonyms/?original=rudra\u1e25\"><em>rudra\u1e25</em></a> \u2014 Lord \u015aiva; <a href=\"/en/search/synonyms/?original=sahas\u0101\"><em>sahas\u0101</em></a> \u2014 at once; <a href=\"/en/search/synonyms/?original=utthita\u1e25\"><em>utthita\u1e25</em></a> \u2014 stood up; <a href=\"/en/search/synonyms/?original=hasan\"><em>hasan</em></a> \u2014 laughing; <a href=\"/en/search/synonyms/?original=gambh\u012bra\"><em>gambh\u012bra</em></a> \u2014 deep; <a href=\"/en/search/synonyms/?original=n\u0101da\u1e25\"><em>n\u0101da\u1e25</em></a> \u2014 sound; <a href=\"/en/search/synonyms/?original=visasarja\"><em>visasarja</em></a> \u2014 dashed; <a href=\"/en/search/synonyms/?original=t\u0101m\"><em>t\u0101m</em></a> \u2014 that (hair); <a href=\"/en/search/synonyms/?original=bhuvi\"><em>bhuvi</em></a> \u2014 on the ground.</p>", "translation": "<p><strong>Thus Lord \u015aiva, being extremely angry, pressed his lips with his teeth and immediately snatched from his head a strand of hair which blazed like electricity or fire. He stood up at once, laughing like a madman, and dashed the hair to the ground.</strong></p>", "purport": null}, {"verseNbr": "<h1>\u015aB 4.5.3</h1>", "sanskritText": "\u0924\u0924\u094b\u093d\u0924\u093f\u0915\u093e\u092f\u0938\u094d\u0924\u0928\u0941\u0935\u093e \u0938\u094d\u092a\u0943\u0936\u0928\u094d\u0926\u093f\u0935\u0902<br/>\u0938\u0939\u0938\u094d\u0930\u092c\u093e\u0939\u0941\u0930\u094d\u0918\u0928\u0930\u0941\u0915\u094d \u0924\u094d\u0930\u093f\u0938\u0942\u0930\u094d\u092f\u0926\u200d\u0943\u0915\u094d \u0964<br/>\u0915\u0930\u093e\u0932\u0926\u0902\u0937\u094d\u091f\u094d\u0930\u094b \u091c\u094d\u0935\u0932\u0926\u0917\u094d\u0928\u093f\u092e\u0942\u0930\u094d\u0927\u091c:<br/>\u0915\u092a\u093e\u0932\u092e\u093e\u0932\u0940 \u0935\u093f\u0935\u093f\u0927\u094b\u0926\u094d\u092f\u0924\u093e\u092f\u0941\u0927: \u0965 \u0969 \u0965", "englishText": "<em><i>tato\u00a0\u2019tik\u0101yas tanuv\u0101 sp\u1e5b\u015ban diva\u1e41<br/>sahasra-b\u0101hur ghana-ruk tri-s\u016brya-d\u1e5bk<br/>kar\u0101la-da\u1e41\u1e63\u1e6dro jvalad-agni-m\u016brdhaja\u1e25<br/>kap\u0101la-m\u0101l\u012b vividhodyat\u0101yudha\u1e25</i></em>", "synonyms": "<p><a href=\"/en/search/synonyms/?original=tata\u1e25\"><em>tata\u1e25</em></a> \u2014 at this time; <a href=\"/en/search/synonyms/?original=atik\u0101ya\u1e25\"><em>atik\u0101ya\u1e25</em></a> \u2014 a great personality (V\u012brabhadra); <a href=\"/en/search/synonyms/?original=tanuv\u0101\"><em>tanuv\u0101</em></a> \u2014 with his body; <a href=\"/en/search/synonyms/?original=sp\u1e5b\u015ban\"><em>sp\u1e5b\u015ban</em></a> \u2014 touching; <a href=\"/en/search/synonyms/?original=divam\"><em>divam</em></a> \u2014 the sky; <a href=\"/en/search/synonyms/?original=sahasra\"><em>sahasra</em></a> \u2014 a thousand; <a href=\"/en/search/synonyms/?original=b\u0101hu\u1e25\"><em>b\u0101hu\u1e25</em></a> \u2014 arms; <a href=\"/en/search/synonyms/?original=ghana\"><em>ghana</em></a>-<a href=\"/en/search/synonyms/?original=ruk\"><em>ruk</em></a> \u2014 of black color; <a href=\"/en/search/synonyms/?original=tri\"><em>tri</em></a>-<a href=\"/en/search/synonyms/?original=s\u016brya\"><em>s\u016brya</em></a>-<a href=\"/en/search/synonyms/?original=d\u1e5bk\"><em>d\u1e5bk</em></a> \u2014 as bright as three suns combined; <a href=\"/en/search/synonyms/?original=kar\u0101la\"><em>kar\u0101la</em></a>-<a href=\"/en/search/synonyms/?original=da\u1e41\u1e63\u1e6dra\u1e25\"><em>da\u1e41\u1e63\u1e6dra\u1e25</em></a> \u2014 having very fearful teeth; <a href=\"/en/search/synonyms/?original=jvalat\"><em>jvalat</em></a>-<a href=\"/en/search/synonyms/?original=agni\"><em>agni</em></a> \u2014 (like) burning fire; <a href=\"/en/search/synonyms/?original=m\u016brdhaja\u1e25\"><em>m\u016brdhaja\u1e25</em></a> \u2014 having hair on his head; <a href=\"/en/search/synonyms/?original=kap\u0101la\"><em>kap\u0101la</em></a>-<a href=\"/en/search/synonyms/?original=m\u0101l\u012b\"><em>m\u0101l\u012b</em></a> \u2014 garlanded with men\u2019s heads; <a href=\"/en/search/synonyms/?original=vividha\"><em>vividha</em></a> \u2014 various kinds; <a href=\"/en/search/synonyms/?original=udyata\"><em>udyata</em></a> \u2014 upraised; <a href=\"/en/search/synonyms/?original=\u0101yudha\u1e25\"><em>\u0101yudha\u1e25</em></a> \u2014 equipped with weapons.</p>", "translation": "<p><strong>A fearful black demon as high as the sky and as bright as three suns combined was thereby created, his teeth very fearful and the hairs on his head like burning fire. He had thousands of arms, equipped with various weapons, and he was garlanded with the heads of men.</strong></p>", "purport": null}, {"verseNbr": "<h1>\u015aB 4.5.4</h1>", "sanskritText": "\u0924\u0902 \u0915\u093f\u0902 \u0915\u0930\u094b\u092e\u0940\u0924\u093f \u0917\u0943\u0923\u0928\u094d\u0924\u092e\u093e\u0939<br/>\u092c\u0926\u094d\u0927\u093e\u091e\u094d\u091c\u0932\u093f\u0902 \u092d\u0917\u0935\u093e\u0928\u094d \u092d\u0942\u0924\u0928\u093e\u0925: \u0964<br/>\u0926\u0915\u094d\u0937\u0902 \u0938\u092f\u091c\u094d\u091e\u0902 \u091c\u0939\u093f \u092e\u0926\u094d\u092d\u091f\u093e\u0928\u093e\u0902<br/>\u0924\u094d\u0935\u092e\u0917\u094d\u0930\u0923\u0940 \u0930\u0941\u0926\u094d\u0930 \u092d\u091f\u093e\u0902\u0936\u0915\u094b \u092e\u0947 \u0965 \u096a \u0965", "englishText": "<em><i>ta\u1e41 ki\u1e41 karom\u012bti g\u1e5b\u1e47antam \u0101ha<br/>baddh\u0101\u00f1jali\u1e41 bhagav\u0101n bh\u016bta-n\u0101tha\u1e25<br/>dak\u1e63a\u1e41 sa-yaj\u00f1a\u1e41 jahi mad-bha\u1e6d\u0101n\u0101\u1e41<br/>tvam agra\u1e47\u012b rudra bha\u1e6d\u0101\u1e41\u015bako me</i></em>", "synonyms": "<p><a href=\"/en/search/synonyms/?original=tam\"><em>tam</em></a> \u2014 to him (V\u012brabhadra); <a href=\"/en/search/synonyms/?original=kim\"><em>kim</em></a> \u2014 what; <a href=\"/en/search/synonyms/?original=karomi\"><em>karomi</em></a> \u2014 shall I do; <a href=\"/en/search/synonyms/?original=iti\"><em>iti</em></a> \u2014 thus; <a href=\"/en/search/synonyms/?original=g\u1e5b\u1e47antam\"><em>g\u1e5b\u1e47antam</em></a> \u2014 asking; <a href=\"/en/search/synonyms/?original=\u0101ha\"><em>\u0101ha</em></a> \u2014 ordered; <a href=\"/en/search/synonyms/?original=baddha\"><em>baddha</em></a>-<a href=\"/en/search/synonyms/?original=a\u00f1jalim\"><em>a\u00f1jalim</em></a> \u2014 with folded hands; <a href=\"/en/search/synonyms/?original=bhagav\u0101n\"><em>bhagav\u0101n</em></a> \u2014 the possessor of all opulences (Lord \u015aiva); <a href=\"/en/search/synonyms/?original=bh\u016bta\"><em>bh\u016bta</em></a>-<a href=\"/en/search/synonyms/?original=n\u0101tha\u1e25\"><em>n\u0101tha\u1e25</em></a> \u2014 the lord of the ghosts; <a href=\"/en/search/synonyms/?original=dak\u1e63am\"><em>dak\u1e63am</em></a> \u2014 Dak\u1e63a; <a href=\"/en/search/synonyms/?original=sa\"><em>sa</em></a>-<a href=\"/en/search/synonyms/?original=yaj\u00f1am\"><em>yaj\u00f1am</em></a> \u2014 along with his sacrifice; <a href=\"/en/search/synonyms/?original=jahi\"><em>jahi</em></a> \u2014 kill; <a href=\"/en/search/synonyms/?original=mat\"><em>mat</em></a>-<a href=\"/en/search/synonyms/?original=bha\u1e6d\u0101n\u0101m\"><em>bha\u1e6d\u0101n\u0101m</em></a> \u2014 of all my associates; <a href=\"/en/search/synonyms/?original=tvam\"><em>tvam</em></a> \u2014 you; <a href=\"/en/search/synonyms/?original=agra\u1e47\u012b\u1e25\"><em>agra\u1e47\u012b\u1e25</em></a> \u2014 the chief; <a href=\"/en/search/synonyms/?original=rudra\"><em>rudra</em></a> \u2014 O Rudra; <a href=\"/en/search/synonyms/?original=bha\u1e6da\"><em>bha\u1e6da</em></a> \u2014 O expert in battle; <a href=\"/en/search/synonyms/?original=a\u1e41\u015baka\u1e25\"><em>a\u1e41\u015baka\u1e25</em></a> \u2014 born of my body; <a href=\"/en/search/synonyms/?original=me\"><em>me</em></a> \u2014 my.</p>", "translation": "<p><strong>When that gigantic demon asked with folded hands, \u201cWhat shall I do, my lord?\u201d Lord \u015aiva, who is known as Bh\u016btan\u0101tha, directly ordered, \u201cBecause you are born from my body, you are the chief of all my associates. Therefore, kill Dak\u1e63a and his soldiers at the sacrifice.\u201d</strong></p>", "purport": "<h2 class=\"section-title\">Purport</h2>\n<div class=\"r r-lang-en r-paragraph\" id=\"bb28451\"><p>Here is the beginning of competition between <i>brahma-tejas</i> and <i>\u015biva-tejas.</i> By <i>brahma-tejas,</i> brahminical strength, Bh\u1e5bgu Muni had created the \u1e5abhu demigods, who had driven away the soldiers of Lord \u015aiva stationed in the arena. When Lord \u015aiva heard that his soldiers had been driven away, he created the tall black demon V\u012brabhadra to retaliate. There is sometimes a competition between the mode of goodness and the mode of ignorance. That is the way of material existence. Even when one is situated in the mode of goodness, there is every possibility that his position will be mixed with or attacked by the mode of passion or ignorance. That is the law of material nature. Although pure goodness, or <i>\u015buddha-sattva,</i> is the basic principle in the spiritual world, pure manifestation of goodness is not possible in this material world. Thus, the struggle for existence between different material qualities is always present. This quarrel between Lord \u015aiva and Bh\u1e5bgu Muni, centering around Praj\u0101pati Dak\u1e63a, is the practical example of such competition between the different qualitative modes of material nature.</p></div>"}, {"verseNbr": "<h1>\u015aB 4.5.5</h1>", "sanskritText": "\u0906\u091c\u094d\u091e\u092a\u094d\u0924 \u090f\u0935\u0902 \u0915\u0941\u092a\u093f\u0924\u0947\u0928 \u092e\u0928\u094d\u092f\u0941\u0928\u093e<br/>\u0938 \u0926\u0947\u0935\u0926\u0947\u0935\u0902 \u092a\u0930\u093f\u091a\u0915\u094d\u0930\u092e\u0947 \u0935\u093f\u092d\u0941\u092e\u094d \u0964<br/>\u092e\u0947\u0928\u0947 \u0924\u0926\u093e\u0924\u094d\u092e\u093e\u0928\u092e\u0938\u0919\u094d\u0917\u0930\u0902\u0939\u0938\u093e<br/>\u092e\u0939\u0940\u092f\u0938\u093e\u0902 \u0924\u093e\u0924 \u0938\u0939: \u0938\u0939\u093f\u0937\u094d\u0923\u0941\u092e\u094d \u0965 \u096b \u0965", "englishText": "<em><i>\u0101j\u00f1apta eva\u1e41 kupitena manyun\u0101<br/>sa deva-deva\u1e41 paricakrame vibhum<br/>mene tad\u0101tm\u0101nam asa\u1e45ga-ra\u1e41has\u0101<br/>mah\u012byas\u0101\u1e41 t\u0101ta saha\u1e25 sahi\u1e63\u1e47um</i></em>", "synonyms": "<p><a href=\"/en/search/synonyms/?original=\u0101j\u00f1apta\u1e25\"><em>\u0101j\u00f1apta\u1e25</em></a> \u2014 being ordered; <a href=\"/en/search/synonyms/?original=evam\"><em>evam</em></a> \u2014 in this manner; <a href=\"/en/search/synonyms/?original=kupitena\"><em>kupitena</em></a> \u2014 angry; <a href=\"/en/search/synonyms/?original=manyun\u0101\"><em>manyun\u0101</em></a> \u2014 by Lord \u015aiva (who is anger personified); <a href=\"/en/search/synonyms/?original=sa\u1e25\"><em>sa\u1e25</em></a> \u2014 he (V\u012brabhadra); <a href=\"/en/search/synonyms/?original=deva\"><em>deva</em></a>-<a href=\"/en/search/synonyms/?original=devam\"><em>devam</em></a> \u2014 he who is worshiped by the demigods; <a href=\"/en/search/synonyms/?original=paricakrame\"><em>paricakrame</em></a> \u2014 circumambulated; <a href=\"/en/search/synonyms/?original=vibhum\"><em>vibhum</em></a> \u2014 Lord \u015aiva; <a href=\"/en/search/synonyms/?original=mene\"><em>mene</em></a> \u2014 considered; <a href=\"/en/search/synonyms/?original=tad\u0101\"><em>tad\u0101</em></a> \u2014 at that time; <a href=\"/en/search/synonyms/?original=\u0101tm\u0101nam\"><em>\u0101tm\u0101nam</em></a> \u2014 himself; <a href=\"/en/search/synonyms/?original=asa\u1e45ga\"><em>asa\u1e45ga</em></a>-<a href=\"/en/search/synonyms/?original=ra\u1e41has\u0101\"><em>ra\u1e41has\u0101</em></a> \u2014 with the power of Lord \u015aiva that cannot be opposed; <a href=\"/en/search/synonyms/?original=mah\u012byas\u0101m\"><em>mah\u012byas\u0101m</em></a> \u2014 of the most powerful; <a href=\"/en/search/synonyms/?original=t\u0101ta\"><em>t\u0101ta</em></a> \u2014 my dear Vidura; <a href=\"/en/search/synonyms/?original=saha\u1e25\"><em>saha\u1e25</em></a> \u2014 strength; <a href=\"/en/search/synonyms/?original=sahi\u1e63\u1e47um\"><em>sahi\u1e63\u1e47um</em></a> \u2014 capable of coping with.</p>", "translation": "<p><strong>Maitreya continued: My dear Vidura, that black person was the personified anger of the Supreme Personality of Godhead, and he was prepared to execute the orders of Lord \u015aiva. Thus, considering himself capable of coping with any power offered against him, he circumambulated Lord \u015aiva.</strong></p>", "purport": null}, {"verseNbr": "<h1>\u015aB 4.5.6</h1>", "sanskritText": "\u0905\u0928\u094d\u0935\u0940\u092f\u092e\u093e\u0928: \u0938 \u0924\u0941 \u0930\u0941\u0926\u094d\u0930\u092a\u093e\u0930\u094d\u0937\u0926\u0948-<br/>\u0930\u094d\u092d\u0943\u0936\u0902 \u0928\u0926\u0926\u094d\u200c\u092d\u093f\u0930\u094d\u0935\u094d\u092f\u0928\u0926\u0924\u094d\u0938\u0941\u092d\u0948\u0930\u0935\u092e\u094d \u0964<br/>\u0909\u0926\u094d\u092f\u092e\u094d\u092f \u0936\u0942\u0932\u0902 \u091c\u0917\u0926\u0928\u094d\u0924\u0915\u093e\u0928\u094d\u0924\u0915\u0902<br/>\u0938\u092e\u094d\u092a\u094d\u0930\u093e\u0926\u094d\u0930\u0935\u0926\u094d \u0918\u094b\u0937\u0923\u092d\u0942\u0937\u0923\u093e\u0919\u094d\u200c\u0918\u094d\u0930\u093f: \u0965 \u096c \u0965", "englishText": "<em><i>anv\u012byam\u0101na\u1e25 sa tu rudra-p\u0101r\u1e63adair<br/>bh\u1e5b\u015ba\u1e41 nadadbhir vyanadat subhairavam<br/>udyamya \u015b\u016bla\u1e41 jagad-antak\u0101ntaka\u1e41<br/>sampr\u0101dravad gho\u1e63a\u1e47a-bh\u016b\u1e63a\u1e47\u0101\u1e45ghri\u1e25</i></em>", "synonyms": "<p><a href=\"/en/search/synonyms/?original=anv\u012byam\u0101na\u1e25\"><em>anv\u012byam\u0101na\u1e25</em></a> \u2014 being followed; <a href=\"/en/search/synonyms/?original=sa\u1e25\"><em>sa\u1e25</em></a> \u2014 he (V\u012brabhadra); <a href=\"/en/search/synonyms/?original=tu\"><em>tu</em></a> \u2014 but; <a href=\"/en/search/synonyms/?original=rudra\"><em>rudra</em></a>-<a href=\"/en/search/synonyms/?original=p\u0101r\u1e63adai\u1e25\"><em>p\u0101r\u1e63adai\u1e25</em></a> \u2014 by the soldiers of Lord \u015aiva; <a href=\"/en/search/synonyms/?original=bh\u1e5b\u015bam\"><em>bh\u1e5b\u015bam</em></a> \u2014 tumultuously; <a href=\"/en/search/synonyms/?original=nadadbhi\u1e25\"><em>nadadbhi\u1e25</em></a> \u2014 roaring; <a href=\"/en/search/synonyms/?original=vyanadat\"><em>vyanadat</em></a> \u2014 sounded; <a href=\"/en/search/synonyms/?original=su\"><em>su</em></a>-<a href=\"/en/search/synonyms/?original=bhairavam\"><em>bhairavam</em></a> \u2014 very fearful; <a href=\"/en/search/synonyms/?original=udyamya\"><em>udyamya</em></a> \u2014 carrying; <a href=\"/en/search/synonyms/?original=\u015b\u016blam\"><em>\u015b\u016blam</em></a> \u2014 a trident; <a href=\"/en/search/synonyms/?original=jagat\"><em>jagat</em></a>-<a href=\"/en/search/synonyms/?original=antaka\"><em>antaka</em></a> \u2014 death; <a href=\"/en/search/synonyms/?original=antakam\"><em>antakam</em></a> \u2014 killing; <a href=\"/en/search/synonyms/?original=sampr\u0101dravat\"><em>sampr\u0101dravat</em></a> \u2014 hurried towards (the sacrifice of Dak\u1e63a); <a href=\"/en/search/synonyms/?original=gho\u1e63a\u1e47a\"><em>gho\u1e63a\u1e47a</em></a> \u2014 roaring; <a href=\"/en/search/synonyms/?original=bh\u016b\u1e63a\u1e47a\"><em>bh\u016b\u1e63a\u1e47a</em></a>-<a href=\"/en/search/synonyms/?original=a\u1e45ghri\u1e25\"><em>a\u1e45ghri\u1e25</em></a> \u2014 with bangles on his legs.</p>", "translation": "<p><strong>Many other soldiers of Lord \u015aiva followed the fierce personality in a tumultuous uproar. He carried a great trident, fearful enough to kill even death, and on his legs he wore bangles which seemed to roar.</strong></p>", "purport": null}, {"verseNbr": "<h1>\u015aB 4.5.7</h1>", "sanskritText": "\u0905\u0925\u0930\u094d\u0924\u094d\u0935\u093f\u091c\u094b \u092f\u091c\u092e\u093e\u0928: \u0938\u0926\u0938\u094d\u092f\u093e:<br/>\u0915\u0915\u0941\u092d\u094d\u092f\u0941\u0926\u0940\u091a\u094d\u092f\u093e\u0902 \u092a\u094d\u0930\u0938\u092e\u0940\u0915\u094d\u0937\u094d\u092f \u0930\u0947\u0923\u0941\u092e\u094d \u0964<br/>\u0924\u092e: \u0915\u093f\u092e\u0947\u0924\u0924\u094d\u0915\u0941\u0924 \u090f\u0924\u0926\u094d\u0930\u091c\u094b\u093d\u092d\u0942-<br/>\u0926\u093f\u0924\u093f \u0926\u094d\u0935\u093f\u091c\u093e \u0926\u094d\u0935\u093f\u091c\u092a\u0924\u094d\u200d\u0928\u094d\u092f\u0936\u094d\u091a \u0926\u0927\u094d\u092f\u0941: \u0965 \u096d \u0965", "englishText": "<em><i>athartvijo yajam\u0101na\u1e25 sadasy\u0101\u1e25<br/>kakubhy ud\u012bcy\u0101\u1e41 prasam\u012bk\u1e63ya re\u1e47um<br/>tama\u1e25 kim etat kuta etad rajo\u00a0\u2019bh\u016bd<br/>iti dvij\u0101 dvija-patnya\u015b ca dadhyu\u1e25</i></em>", "synonyms": "<p><a href=\"/en/search/synonyms/?original=atha\"><em>atha</em></a> \u2014 at that time; <a href=\"/en/search/synonyms/?original=\u1e5btvija\u1e25\"><em>\u1e5btvija\u1e25</em></a> \u2014 the priests; <a href=\"/en/search/synonyms/?original=yajam\u0101na\u1e25\"><em>yajam\u0101na\u1e25</em></a> \u2014 the chief person performing the sacrifice (Dak\u1e63a); <a href=\"/en/search/synonyms/?original=sadasy\u0101\u1e25\"><em>sadasy\u0101\u1e25</em></a> \u2014 all the persons assembled in the sacrificial arena; <a href=\"/en/search/synonyms/?original=kakubhi\"><em>kakubhi</em></a> <a href=\"/en/search/synonyms/?original=ud\u012bcy\u0101m\"><em>ud\u012bcy\u0101m</em></a> \u2014 in the northern direction; <a href=\"/en/search/synonyms/?original=prasam\u012bk\u1e63ya\"><em>prasam\u012bk\u1e63ya</em></a> \u2014 seeing; <a href=\"/en/search/synonyms/?original=re\u1e47um\"><em>re\u1e47um</em></a> \u2014 the dust storm; <a href=\"/en/search/synonyms/?original=tama\u1e25\"><em>tama\u1e25</em></a> \u2014 darkness; <a href=\"/en/search/synonyms/?original=kim\"><em>kim</em></a> \u2014 what; <a href=\"/en/search/synonyms/?original=etat\"><em>etat</em></a> \u2014 this; <a href=\"/en/search/synonyms/?original=kuta\u1e25\"><em>kuta\u1e25</em></a> \u2014 from where; <a href=\"/en/search/synonyms/?original=etat\"><em>etat</em></a> \u2014 this; <a href=\"/en/search/synonyms/?original=raja\u1e25\"><em>raja\u1e25</em></a> \u2014 dust; <a href=\"/en/search/synonyms/?original=abh\u016bt\"><em>abh\u016bt</em></a> \u2014 has come; <a href=\"/en/search/synonyms/?original=iti\"><em>iti</em></a> \u2014 thus; <a href=\"/en/search/synonyms/?original=dvij\u0101\u1e25\"><em>dvij\u0101\u1e25</em></a> \u2014 the <em>br\u0101hma\u1e47as</em>; <a href=\"/en/search/synonyms/?original=dvija\"><em>dvija</em></a>-<a href=\"/en/search/synonyms/?original=patnya\u1e25\"><em>patnya\u1e25</em></a> \u2014 the wives of the <em>br\u0101hma\u1e47as</em>; <a href=\"/en/search/synonyms/?original=ca\"><em>ca</em></a> \u2014 and; <a href=\"/en/search/synonyms/?original=dadhyu\u1e25\"><em>dadhyu\u1e25</em></a> \u2014 began to speculate.</p>", "translation": "<p><strong>At that time, all the persons assembled in the sacrificial arena \u2014 the priests, the chief of the sacrificial performance, and the br\u0101hma\u1e47as and their wives \u2014 wondered where the darkness was coming from. Later they could understand that it was a dust storm, and all of them were full of anxiety.</strong></p>", "purport": null}, {"verseNbr": "<h1>\u015aB 4.5.8</h1>", "sanskritText": "\u0935\u093e\u0924\u093e \u0928 \u0935\u093e\u0928\u094d\u0924\u093f \u0928 \u0939\u093f \u0938\u0928\u094d\u0924\u093f \u0926\u0938\u094d\u092f\u0935:<br/>\u092a\u094d\u0930\u093e\u091a\u0940\u0928\u092c\u0930\u094d\u0939\u093f\u0930\u094d\u091c\u0940\u0935\u0924\u093f \u0939\u094b\u0917\u094d\u0930\u0926\u0923\u094d\u0921: \u0964<br/>\u0917\u093e\u0935\u094b \u0928 \u0915\u093e\u0932\u094d\u092f\u0928\u094d\u0924 \u0907\u0926\u0902 \u0915\u0941\u0924\u094b \u0930\u091c\u094b<br/>\u0932\u094b\u0915\u094b\u093d\u0927\u0941\u0928\u093e \u0915\u093f\u0902 \u092a\u094d\u0930\u0932\u092f\u093e\u092f \u0915\u0932\u094d\u092a\u0924\u0947 \u0965 \u096e \u0965", "englishText": "<em><i>v\u0101t\u0101 na v\u0101nti na hi santi dasyava\u1e25<br/>pr\u0101c\u012bna-barhir j\u012bvati hogra-da\u1e47\u1e0da\u1e25<br/>g\u0101vo na k\u0101lyanta ida\u1e41 kuto rajo<br/>loko\u00a0\u2019dhun\u0101 ki\u1e41 pralay\u0101ya kalpate</i></em>", "synonyms": "<p><a href=\"/en/search/synonyms/?original=v\u0101t\u0101\u1e25\"><em>v\u0101t\u0101\u1e25</em></a> \u2014 the winds; <a href=\"/en/search/synonyms/?original=na\"><em>na</em></a> <a href=\"/en/search/synonyms/?original=v\u0101nti\"><em>v\u0101nti</em></a> \u2014 are not blowing; <a href=\"/en/search/synonyms/?original=na\"><em>na</em></a> \u2014 not; <a href=\"/en/search/synonyms/?original=hi\"><em>hi</em></a> \u2014 because; <a href=\"/en/search/synonyms/?original=santi\"><em>santi</em></a> \u2014 are possible; <a href=\"/en/search/synonyms/?original=dasyava\u1e25\"><em>dasyava\u1e25</em></a> \u2014 plunderers; <a href=\"/en/search/synonyms/?original=pr\u0101c\u012bna\"><em>pr\u0101c\u012bna</em></a>-<a href=\"/en/search/synonyms/?original=barhi\u1e25\"><em>barhi\u1e25</em></a> \u2014 old King Barhi; <a href=\"/en/search/synonyms/?original=j\u012bvati\"><em>j\u012bvati</em></a> \u2014 is living; <a href=\"/en/search/synonyms/?original=ha\"><em>ha</em></a> \u2014 still; <a href=\"/en/search/synonyms/?original=ugra\"><em>ugra</em></a>-<a href=\"/en/search/synonyms/?original=da\u1e47\u1e0da\u1e25\"><em>da\u1e47\u1e0da\u1e25</em></a> \u2014 who would sternly punish; <a href=\"/en/search/synonyms/?original=g\u0101va\u1e25\"><em>g\u0101va\u1e25</em></a> \u2014 the cows; <a href=\"/en/search/synonyms/?original=na\"><em>na</em></a> <a href=\"/en/search/synonyms/?original=k\u0101lyante\"><em>k\u0101lyante</em></a> \u2014 are not being driven; <a href=\"/en/search/synonyms/?original=idam\"><em>idam</em></a> \u2014 this; <a href=\"/en/search/synonyms/?original=kuta\u1e25\"><em>kuta\u1e25</em></a> \u2014 from where; <a href=\"/en/search/synonyms/?original=raja\u1e25\"><em>raja\u1e25</em></a> \u2014 dust; <a href=\"/en/search/synonyms/?original=loka\u1e25\"><em>loka\u1e25</em></a> \u2014 the planet; <a href=\"/en/search/synonyms/?original=adhun\u0101\"><em>adhun\u0101</em></a> \u2014 now; <a href=\"/en/search/synonyms/?original=kim\"><em>kim</em></a> \u2014 is it; <a href=\"/en/search/synonyms/?original=pralay\u0101ya\"><em>pralay\u0101ya</em></a> \u2014 for dissolution; <a href=\"/en/search/synonyms/?original=kalpate\"><em>kalpate</em></a> \u2014 to be considered ready.</p>", "translation": "<p><strong>Conjecturing on the origin of the storm, they said: There is no wind blowing, and no cows are passing, nor is it possible that this dust storm could be raised by plunderers, for there is still the strong King Barhi, who would punish them. Where is this dust storm blowing from? Is the dissolution of the planet now to occur?</strong></p>", "purport": "<h2 class=\"section-title\">Purport</h2>\n<div class=\"r r-lang-en r-paragraph\" id=\"bb28468\"><p>Specifically significant in this verse is <i>pr\u0101c\u012bna-barhir j\u012bvati.</i> The king of that part of the land was known as Barhi, and although he was old, he was still living, and he was a very strong ruler. Thus there was no possibility of an invasion by thieves and plunderers. Indirectly it is stated here that thieves, plunderers, rogues and unwanted population can exist only in a state or kingdom where there is no strong ruler. When, in the name of justice, thieves are allowed liberty, the state and kingdom are disturbed by such plunderers and unwanted population. The dust storm created by the soldiers and assistants of Lord \u015aiva resembled the situation at the time of the dissolution of this world. When there is a need for the dissolution of the material creation, this function is conducted by Lord \u015aiva. Therefore the situation now created by him resembled the dissolution of the cosmic manifestation.</p></div>"}, {"verseNbr": "<h1>\u015aB 4.5.9</h1>", "sanskritText": "\u092a\u094d\u0930\u0938\u0942\u0924\u093f\u092e\u093f\u0936\u094d\u0930\u093e: \u0938\u094d\u0924\u094d\u0930\u093f\u092f \u0909\u0926\u094d\u0935\u093f\u0917\u094d\u0928\u091a\u093f\u0924\u094d\u0924\u093e<br/>\u090a\u091a\u0941\u0930\u094d\u0935\u093f\u092a\u093e\u0915\u094b \u0935\u0943\u091c\u093f\u0928\u0938\u094d\u092f\u0948\u0935 \u0924\u0938\u094d\u092f \u0964<br/>\u092f\u0924\u094d\u092a\u0936\u094d\u092f\u0928\u094d\u0924\u0940\u0928\u093e\u0902 \u0926\u0941\u0939\u093f\u0924\u0943\u0923\u093e\u0902 \u092a\u094d\u0930\u091c\u0947\u0936:<br/>\u0938\u0941\u0924\u093e\u0902 \u0938\u0924\u0940\u092e\u0935\u0926\u0927\u094d\u092f\u093e\u0935\u0928\u093e\u0917\u093e\u092e\u094d \u0965 \u096f \u0965", "englishText": "<em><i>pras\u016bti-mi\u015br\u0101\u1e25 striya udvigna-citt\u0101<br/>\u016bcur vip\u0101ko v\u1e5bjinasyaiva tasya<br/>yat pa\u015byant\u012bn\u0101\u1e41 duhit\u1e5d\u1e47\u0101\u1e41 praje\u015ba\u1e25<br/>sut\u0101\u1e41 sat\u012bm avadadhy\u0101v an\u0101g\u0101m</i></em>", "synonyms": "<p><a href=\"/en/search/synonyms/?original=pras\u016bti\"><em>pras\u016bti</em></a>-<a href=\"/en/search/synonyms/?original=mi\u015br\u0101\u1e25\"><em>mi\u015br\u0101\u1e25</em></a> \u2014 headed by Pras\u016bti; <a href=\"/en/search/synonyms/?original=striya\u1e25\"><em>striya\u1e25</em></a> \u2014 the women; <a href=\"/en/search/synonyms/?original=udvigna\"><em>udvigna</em></a>-<a href=\"/en/search/synonyms/?original=citt\u0101\u1e25\"><em>citt\u0101\u1e25</em></a> \u2014 being very anxious; <a href=\"/en/search/synonyms/?original=\u016bcu\u1e25\"><em>\u016bcu\u1e25</em></a> \u2014 said; <a href=\"/en/search/synonyms/?original=vip\u0101ka\u1e25\"><em>vip\u0101ka\u1e25</em></a> \u2014 the resultant danger; <a href=\"/en/search/synonyms/?original=v\u1e5bjinasya\"><em>v\u1e5bjinasya</em></a> \u2014 of the sinful activity; <a href=\"/en/search/synonyms/?original=eva\"><em>eva</em></a> \u2014 indeed; <a href=\"/en/search/synonyms/?original=tasya\"><em>tasya</em></a> \u2014 his (Dak\u1e63a\u2019s); <a href=\"/en/search/synonyms/?original=yat\"><em>yat</em></a> \u2014 because; <a href=\"/en/search/synonyms/?original=pa\u015byant\u012bn\u0101m\"><em>pa\u015byant\u012bn\u0101m</em></a> \u2014 who were looking on; <a href=\"/en/search/synonyms/?original=duhit\u1e5d\u1e47\u0101m\"><em>duhit\u1e5d\u1e47\u0101m</em></a> \u2014 of her sisters; <a href=\"/en/search/synonyms/?original=praje\u015ba\u1e25\"><em>praje\u015ba\u1e25</em></a> \u2014 the lord of the created beings (Dak\u1e63a); <a href=\"/en/search/synonyms/?original=sut\u0101m\"><em>sut\u0101m</em></a> \u2014 his daughter; <a href=\"/en/search/synonyms/?original=sat\u012bm\"><em>sat\u012bm</em></a> \u2014 Sat\u012b; <a href=\"/en/search/synonyms/?original=avadadhyau\"><em>avadadhyau</em></a> \u2014 insulted; <a href=\"/en/search/synonyms/?original=an\u0101g\u0101m\"><em>an\u0101g\u0101m</em></a> \u2014 completely innocent.</p>", "translation": "<p><strong>Pras\u016bti, the wife of Dak\u1e63a, along with the other women assembled, became very anxious and said: This danger has been created by Dak\u1e63a because of the death of Sat\u012b, who, even though completely innocent, quit her body as her sisters looked on.</strong></p>", "purport": "<h2 class=\"section-title\">Purport</h2>\n<div class=\"r r-lang-en r-paragraph\" id=\"bb28473\"><p>Pras\u016bti, being a softhearted woman, could immediately understand that the imminent danger approaching was due to the impious activity of hardhearted Praj\u0101pati Dak\u1e63a. He was so cruel that he would not save her youngest daughter, Sat\u012b, from the act of committing suicide in the presence of her sisters. Sat\u012b\u2019s mother could understand how much Sat\u012b had been pained by the insult of her father. Sat\u012b had been present along with the other daughters, and Dak\u1e63a had purposely received all of them but her because she happened to be the wife of Lord \u015aiva. This consideration convinced the wife of Dak\u1e63a of the danger which was now ahead, and thus she knew that Dak\u1e63a must be prepared to die for his heinous act.</p></div>"}, {"verseNbr": "<h1>\u015aB 4.5.10</h1>", "sanskritText": "\u092f\u0938\u094d\u0924\u094d\u0935\u0928\u094d\u0924\u0915\u093e\u0932\u0947 \u0935\u094d\u092f\u0941\u092a\u094d\u0924\u091c\u091f\u093e\u0915\u0932\u093e\u092a:<br/>\u0938\u094d\u0935\u0936\u0942\u0932\u0938\u0942\u091a\u094d\u092f\u0930\u094d\u092a\u093f\u0924\u0926\u093f\u0917\u094d\u0917\u091c\u0947\u0928\u094d\u0926\u094d\u0930: \u0964<br/>\u0935\u093f\u0924\u0924\u094d\u092f \u0928\u0943\u0924\u094d\u092f\u0924\u094d\u092f\u0941\u0926\u093f\u0924\u093e\u0938\u094d\u0924\u094d\u0930\u0926\u094b\u0930\u094d\u0927\u094d\u0935\u091c\u093e\u0928\u094d<br/>\u0909\u091a\u094d\u091a\u093e\u091f\u094d\u091f\u0939\u093e\u0938\u0938\u094d\u0924\u0928\u092f\u093f\u0924\u094d\u0928\u0941\u092d\u093f\u0928\u094d\u0928\u0926\u093f\u0915\u094d \u0965 \u0967\u0966 \u0965", "englishText": "<em><i>yas tv anta-k\u0101le vyupta-ja\u1e6d\u0101-kal\u0101pa\u1e25<br/>sva-\u015b\u016bla-s\u016bcy-arpita-dig-gajendra\u1e25<br/>vitatya n\u1e5btyaty udit\u0101stra-dor-dhvaj\u0101n<br/>ucc\u0101\u1e6d\u1e6da-h\u0101sa-stanayitnu-bhinna-dik</i></em>", "synonyms": "<p><a href=\"/en/search/synonyms/?original=ya\u1e25\"><em>ya\u1e25</em></a> \u2014 who (Lord \u015aiva); <a href=\"/en/search/synonyms/?original=tu\"><em>tu</em></a> \u2014 but; <a href=\"/en/search/synonyms/?original=anta\"><em>anta</em></a>-<a href=\"/en/search/synonyms/?original=k\u0101le\"><em>k\u0101le</em></a> \u2014 at the time of dissolution; <a href=\"/en/search/synonyms/?original=vyupta\"><em>vyupta</em></a> \u2014 having scattered; <a href=\"/en/search/synonyms/?original=ja\u1e6d\u0101\"><em>ja\u1e6d\u0101</em></a>-<a href=\"/en/search/synonyms/?original=kal\u0101pa\u1e25\"><em>kal\u0101pa\u1e25</em></a> \u2014 his bunch of hair; <a href=\"/en/search/synonyms/?original=sva\"><em>sva</em></a>-<a href=\"/en/search/synonyms/?original=\u015b\u016bla\"><em>\u015b\u016bla</em></a> \u2014 his own trident; <a href=\"/en/search/synonyms/?original=s\u016bci\"><em>s\u016bci</em></a> \u2014 on the points; <a href=\"/en/search/synonyms/?original=arpita\"><em>arpita</em></a> \u2014 pierced; <a href=\"/en/search/synonyms/?original=dik\"><em>dik</em></a>-<a href=\"/en/search/synonyms/?original=gajendra\u1e25\"><em>gajendra\u1e25</em></a> \u2014 the rulers of the different directions; <a href=\"/en/search/synonyms/?original=vitatya\"><em>vitatya</em></a> \u2014 scattering; <a href=\"/en/search/synonyms/?original=n\u1e5btyati\"><em>n\u1e5btyati</em></a> \u2014 dances; <a href=\"/en/search/synonyms/?original=udita\"><em>udita</em></a> \u2014 upraised; <a href=\"/en/search/synonyms/?original=astra\"><em>astra</em></a> \u2014 weapons; <a href=\"/en/search/synonyms/?original=do\u1e25\"><em>do\u1e25</em></a> \u2014 hands; <a href=\"/en/search/synonyms/?original=dhvaj\u0101n\"><em>dhvaj\u0101n</em></a> \u2014 flags; <a href=\"/en/search/synonyms/?original=ucca\"><em>ucca</em></a> \u2014 loud; <a href=\"/en/search/synonyms/?original=a\u1e6d\u1e6da\"><em>a\u1e6d\u1e6da</em></a>-<a href=\"/en/search/synonyms/?original=h\u0101sa\"><em>h\u0101sa</em></a> \u2014 laughing; <a href=\"/en/search/synonyms/?original=stanayitnu\"><em>stanayitnu</em></a> \u2014 by the thundering sound; <a href=\"/en/search/synonyms/?original=bhinna\"><em>bhinna</em></a> \u2014 divided; <a href=\"/en/search/synonyms/?original=dik\"><em>dik</em></a> \u2014 the directions.</p>", "translation": "<p><strong>At the time of dissolution, Lord \u015aiva\u2019s hair is scattered, and he pierces the rulers of the different directions with his trident. He laughs and dances proudly, scattering their hands like flags, as thunder scatters the clouds all over the world.</strong></p>", "purport": "<h2 class=\"section-title\">Purport</h2>\n<div class=\"r r-lang-en r-paragraph\" id=\"bb28478\"><p>Pras\u016bti, who appreciated the power and strength of her son-in-law, Lord \u015aiva, is describing what he does at the time of dissolution. This description indicates that the strength of Lord \u015aiva is so great that Dak\u1e63a\u2019s power could not be set in comparison to it. At the time of dissolution, Lord \u015aiva, with his trident in hand, dances over the rulers of the different planets, and his hair is scattered, just as the clouds are scattered over all directions in order to plunge the different planets into incessant torrents of rain. In the last phase of dissolution, all the planets become inundated with water, and that inundation is caused by the dancing of Lord \u015aiva. This dance is called the <i>pralaya</i> dance, or dance of dissolution. Pras\u016bti could understand that the dangers ahead resulted not only from Dak\u1e63a\u2019s having neglected her daughter, but also because of his neglecting the prestige and honor of Lord \u015aiva.</p></div>"}, {"verseNbr": "<h1>\u015aB 4.5.11</h1>", "sanskritText": "\u0905\u092e\u0930\u094d\u0937\u092f\u093f\u0924\u094d\u0935\u093e \u0924\u092e\u0938\u0939\u094d\u092f\u0924\u0947\u091c\u0938\u0902<br/>\u092e\u0928\u094d\u092f\u0941\u092a\u094d\u0932\u0941\u0924\u0902 \u0926\u0941\u0930\u094d\u0928\u093f\u0930\u0940\u0915\u094d\u0937\u094d\u092f\u0902 \u092d\u094d\u0930\u0941\u0915\u0941\u091f\u094d\u092f\u093e \u0964<br/>\u0915\u0930\u093e\u0932\u0926\u0902\u0937\u094d\u091f\u094d\u0930\u093e\u092d\u093f\u0930\u0941\u0926\u0938\u094d\u0924\u092d\u093e\u0917\u0923\u0902<br/>\u0938\u094d\u092f\u093e\u0924\u094d\u0938\u094d\u0935\u0938\u094d\u0924\u093f \u0915\u093f\u0902 \u0915\u094b\u092a\u092f\u0924\u094b \u0935\u093f\u0927\u093e\u0924\u0941: \u0965 \u0967\u0967 \u0965", "englishText": "<em><i>amar\u1e63ayitv\u0101 tam asahya-tejasa\u1e41<br/>manyu-pluta\u1e41 durnir\u012bk\u1e63ya\u1e41 bhru-ku\u1e6dy\u0101<br/>kar\u0101la-da\u1e41\u1e63\u1e6dr\u0101bhir udasta-bh\u0101ga\u1e47a\u1e41<br/>sy\u0101t svasti ki\u1e41 kopayato vidh\u0101tu\u1e25</i></em>", "synonyms": "<p><a href=\"/en/search/synonyms/?original=amar\u1e63ayitv\u0101\"><em>amar\u1e63ayitv\u0101</em></a> \u2014 after causing to become angry; <a href=\"/en/search/synonyms/?original=tam\"><em>tam</em></a> \u2014 him (Lord \u015aiva); <a href=\"/en/search/synonyms/?original=asahya\"><em>asahya</em></a>-<a href=\"/en/search/synonyms/?original=tejasam\"><em>tejasam</em></a> \u2014 with an unbearable effulgence; <a href=\"/en/search/synonyms/?original=manyu\"><em>manyu</em></a>-<a href=\"/en/search/synonyms/?original=plutam\"><em>plutam</em></a> \u2014 filled with anger; <a href=\"/en/search/synonyms/?original=durnir\u012bk\u1e63yam\"><em>durnir\u012bk\u1e63yam</em></a> \u2014 not able to be looked at; <a href=\"/en/search/synonyms/?original=bhru\"><em>bhru</em></a>-<a href=\"/en/search/synonyms/?original=ku\u1e6dy\u0101\"><em>ku\u1e6dy\u0101</em></a> \u2014 by the movement of his brows; <a href=\"/en/search/synonyms/?original=kar\u0101la\"><em>kar\u0101la</em></a>-<a href=\"/en/search/synonyms/?original=da\u1e41\u1e63\u1e6dr\u0101bhi\u1e25\"><em>da\u1e41\u1e63\u1e6dr\u0101bhi\u1e25</em></a> \u2014 by his fearful teeth; <a href=\"/en/search/synonyms/?original=udasta\"><em>udasta</em></a>-<a href=\"/en/search/synonyms/?original=bh\u0101ga\u1e47am\"><em>bh\u0101ga\u1e47am</em></a> \u2014 having scattered the luminaries; <a href=\"/en/search/synonyms/?original=sy\u0101t\"><em>sy\u0101t</em></a> \u2014 there should be; <a href=\"/en/search/synonyms/?original=svasti\"><em>svasti</em></a> \u2014 good fortune; <a href=\"/en/search/synonyms/?original=kim\"><em>kim</em></a> \u2014 how; <a href=\"/en/search/synonyms/?original=kopayata\u1e25\"><em>kopayata\u1e25</em></a> \u2014 causing (Lord \u015aiva) to be angry; <a href=\"/en/search/synonyms/?original=vidh\u0101tu\u1e25\"><em>vidh\u0101tu\u1e25</em></a> \u2014 of Brahm\u0101.</p>", "translation": "<p><strong>The gigantic black man bared his fearful teeth. By the movements of his brows he scattered the luminaries all over the sky, and he covered them with his strong, piercing effulgence. Because of the misbehavior of Dak\u1e63a, even Lord Brahm\u0101, Dak\u1e63a\u2019s father, could not have been saved from the great exhibition of anger.</strong></p>", "purport": null}, {"verseNbr": "<h1>\u015aB 4.5.12</h1>", "sanskritText": "\u092c\u0939\u094d\u0935\u0947\u0935\u092e\u0941\u0926\u094d\u0935\u093f\u0917\u094d\u0928\u0926\u200d\u0943\u0936\u094b\u091a\u094d\u092f\u092e\u093e\u0928\u0947<br/>\u091c\u0928\u0947\u0928 \u0926\u0915\u094d\u0937\u0938\u094d\u092f \u092e\u0941\u0939\u0941\u0930\u094d\u092e\u0939\u093e\u0924\u094d\u092e\u0928: \u0964<br/>\u0909\u0924\u094d\u092a\u0947\u0924\u0941\u0930\u0941\u0924\u094d\u092a\u093e\u0924\u0924\u092e\u093e: \u0938\u0939\u0938\u094d\u0930\u0936\u094b<br/>\u092d\u092f\u093e\u0935\u0939\u093e \u0926\u093f\u0935\u093f \u092d\u0942\u092e\u094c \u091a \u092a\u0930\u094d\u092f\u0915\u094d \u0965 \u0967\u0968 \u0965", "englishText": "<em><i>bahv evam udvigna-d\u1e5b\u015bocyam\u0101ne<br/>janena dak\u1e63asya muhur mah\u0101tmana\u1e25<br/>utpetur utp\u0101tatam\u0101\u1e25 sahasra\u015bo<br/>bhay\u0101vah\u0101 divi bh\u016bmau ca paryak</i></em>", "synonyms": "<p><a href=\"/en/search/synonyms/?original=bahu\"><em>bahu</em></a> \u2014 much; <a href=\"/en/search/synonyms/?original=evam\"><em>evam</em></a> \u2014 in this manner; <a href=\"/en/search/synonyms/?original=udvigna\"><em>udvigna</em></a>-<a href=\"/en/search/synonyms/?original=d\u1e5b\u015b\u0101\"><em>d\u1e5b\u015b\u0101</em></a> \u2014 with nervous glances; <a href=\"/en/search/synonyms/?original=ucyam\u0101ne\"><em>ucyam\u0101ne</em></a> \u2014 while this was being said; <a href=\"/en/search/synonyms/?original=janena\"><em>janena</em></a> \u2014 by the persons (assembled at the sacrifice); <a href=\"/en/search/synonyms/?original=dak\u1e63asya\"><em>dak\u1e63asya</em></a> \u2014 of Dak\u1e63a; <a href=\"/en/search/synonyms/?original=muhu\u1e25\"><em>muhu\u1e25</em></a> \u2014 again and again; <a href=\"/en/search/synonyms/?original=mah\u0101\"><em>mah\u0101</em></a>-<a href=\"/en/search/synonyms/?original=\u0101tmana\u1e25\"><em>\u0101tmana\u1e25</em></a> \u2014 stronghearted; <a href=\"/en/search/synonyms/?original=utpetu\u1e25\"><em>utpetu\u1e25</em></a> \u2014 appeared; <a href=\"/en/search/synonyms/?original=utp\u0101ta\"><em>utp\u0101ta</em></a>-<a href=\"/en/search/synonyms/?original=tam\u0101\u1e25\"><em>tam\u0101\u1e25</em></a> \u2014 very powerful symptoms; <a href=\"/en/search/synonyms/?original=sahasra\u015ba\u1e25\"><em>sahasra\u015ba\u1e25</em></a> \u2014 by the thousands; <a href=\"/en/search/synonyms/?original=bhaya\"><em>bhaya</em></a>-<a href=\"/en/search/synonyms/?original=\u0101vah\u0101\u1e25\"><em>\u0101vah\u0101\u1e25</em></a> \u2014 producing fear; <a href=\"/en/search/synonyms/?original=divi\"><em>divi</em></a> \u2014 in the sky; <a href=\"/en/search/synonyms/?original=bh\u016bmau\"><em>bh\u016bmau</em></a> \u2014 on the earth; <a href=\"/en/search/synonyms/?original=ca\"><em>ca</em></a> \u2014 and; <a href=\"/en/search/synonyms/?original=paryak\"><em>paryak</em></a> \u2014 from all sides.</p>", "translation": "<p><strong>While all the people talked amongst themselves, Dak\u1e63a saw dangerous omens from all sides, from the earth and from the sky.</strong></p>", "purport": "<h2 class=\"section-title\">Purport</h2>\n<div class=\"r r-lang-en r-paragraph\" id=\"bb28487\"><p>In this verse Dak\u1e63a has been described as <i>mah\u0101tm\u0101.</i> The word <i>mah\u0101tm\u0101</i> has been commented upon by different commentators in various manners. V\u012brar\u0101ghava \u0100c\u0101rya has indicated that this word <i>mah\u0101tm\u0101</i> means \u201csteady in heart.\u201d That is to say that Dak\u1e63a was so stronghearted that even when his beloved daughter was prepared to lay down her life, he was steady and unshaken. But in spite of his being so stronghearted, he was perturbed when he saw the various disturbances created by the gigantic black demon. Vi\u015bvan\u0101tha Cakravart\u012b \u1e6ch\u0101kura remarks in this connection that even if one is called <i>mah\u0101tm\u0101,</i> a great soul, unless he exhibits the symptoms of a <i>mah\u0101tm\u0101,</i> he should be considered a <i>dur\u0101tm\u0101,</i> or a degraded soul. In <a href=\"/en/library/bg/9/13/\"><i>Bhagavad-g\u012bt\u0101</i> (9.13)</a> the word <i>mah\u0101tm\u0101</i> describes the pure devotee of the Lord: <i>mah\u0101tm\u0101nas tu m\u0101\u1e41 p\u0101rtha daiv\u012b\u1e41 prak\u1e5btim \u0101\u015brit\u0101\u1e25.</i> A <i>mah\u0101tm\u0101</i> is always under the guidance of the internal energy of the Supreme Personality of Godhead, and thus how could such a misbehaved person as Dak\u1e63a be a <i>mah\u0101tm\u0101</i>? A <i>mah\u0101tm\u0101</i> is supposed to have all the good qualities of the demigods, and thus Dak\u1e63a, lacking those qualities, could not be called a <i>mah\u0101tm\u0101;</i> he should instead be called <i>dur\u0101tm\u0101,</i> a degraded soul. The word <i>mah\u0101tm\u0101</i> to describe the qualifications of Dak\u1e63a is used sarcastically.</p></div>"}, {"verseNbr": "<h1>\u015aB 4.5.13</h1>", "sanskritText": "\u0924\u093e\u0935\u0924\u094d\u0938 \u0930\u0941\u0926\u094d\u0930\u093e\u0928\u0941\u091a\u0930\u0948\u0930\u094d\u092e\u0939\u093e\u092e\u0916\u094b<br/>\u0928\u093e\u0928\u093e\u092f\u0941\u0927\u0948\u0930\u094d\u0935\u093e\u092e\u0928\u0915\u0948\u0930\u0941\u0926\u093e\u092f\u0941\u0927\u0948: \u0964<br/>\u092a\u093f\u0919\u094d\u0917\u0948: \u092a\u093f\u0936\u0919\u094d\u0917\u0948\u0930\u094d\u092e\u0915\u0930\u094b\u0926\u0930\u093e\u0928\u0928\u0948:<br/>\u092a\u0930\u094d\u092f\u093e\u0926\u094d\u0930\u0935\u0926\u094d\u200c\u092d\u093f\u0930\u094d\u0935\u093f\u0926\u0941\u0930\u093e\u0928\u094d\u0935\u0930\u0941\u0927\u094d\u092f\u0924 \u0965 \u0967\u0969 \u0965", "englishText": "<em><i>t\u0101vat sa rudr\u0101nucarair mah\u0101-makho<br/>n\u0101n\u0101yudhair v\u0101manakair ud\u0101yudhai\u1e25<br/>pi\u1e45gai\u1e25 pi\u015ba\u1e45gair makarodar\u0101nanai\u1e25<br/>pary\u0101dravadbhir vidur\u0101nvarudhyata</i></em>", "synonyms": "<p><a href=\"/en/search/synonyms/?original=t\u0101vat\"><em>t\u0101vat</em></a> \u2014 very quickly; <a href=\"/en/search/synonyms/?original=sa\u1e25\"><em>sa\u1e25</em></a> \u2014 that; <a href=\"/en/search/synonyms/?original=rudra\"><em>rudra</em></a>-<a href=\"/en/search/synonyms/?original=anucarai\u1e25\"><em>anucarai\u1e25</em></a> \u2014 by the followers of Lord \u015aiva; <a href=\"/en/search/synonyms/?original=mah\u0101\"><em>mah\u0101</em></a>-<a href=\"/en/search/synonyms/?original=makha\u1e25\"><em>makha\u1e25</em></a> \u2014 the arena of the great sacrifice; <a href=\"/en/search/synonyms/?original=n\u0101n\u0101\"><em>n\u0101n\u0101</em></a> \u2014 various kinds; <a href=\"/en/search/synonyms/?original=\u0101yudhai\u1e25\"><em>\u0101yudhai\u1e25</em></a> \u2014 with weapons; <a href=\"/en/search/synonyms/?original=v\u0101manakai\u1e25\"><em>v\u0101manakai\u1e25</em></a> \u2014 of short stature; <a href=\"/en/search/synonyms/?original=ud\u0101yudhai\u1e25\"><em>ud\u0101yudhai\u1e25</em></a> \u2014 upraised; <a href=\"/en/search/synonyms/?original=pi\u1e45gai\u1e25\"><em>pi\u1e45gai\u1e25</em></a> \u2014 blackish; <a href=\"/en/search/synonyms/?original=pi\u015ba\u1e45gai\u1e25\"><em>pi\u015ba\u1e45gai\u1e25</em></a> \u2014 yellowish; <a href=\"/en/search/synonyms/?original=makara\"><em>makara</em></a>-<a href=\"/en/search/synonyms/?original=udara\"><em>udara</em></a>-<a href=\"/en/search/synonyms/?original=\u0101nanai\u1e25\"><em>\u0101nanai\u1e25</em></a> \u2014 with bellies and faces like sharks\u2019; <a href=\"/en/search/synonyms/?original=pary\u0101dravadbhi\u1e25\"><em>pary\u0101dravadbhi\u1e25</em></a> \u2014 running all around; <a href=\"/en/search/synonyms/?original=vidura\"><em>vidura</em></a> \u2014 O Vidura; <a href=\"/en/search/synonyms/?original=anvarudhyata\"><em>anvarudhyata</em></a> \u2014 was surrounded.</p>", "translation": "<p><strong>My dear Vidura, all the followers of Lord \u015aiva surrounded the arena of sacrifice. They were of short stature and were equipped with various kinds of weapons; their bodies appeared to be like those of sharks, blackish and yellowish. They ran all around the sacrificial arena and thus began to create disturbances.</strong></p>", "purport": null}, {"verseNbr": "<h1>\u015aB 4.5.14</h1>", "sanskritText": "\u0915\u0947\u091a\u093f\u0926\u094d\u092c\u092d\u091e\u094d\u091c\u0941: \u092a\u094d\u0930\u093e\u0917\u094d\u0935\u0902\u0936\u0902 \u092a\u0924\u094d\u0928\u0940\u0936\u093e\u0932\u093e\u0902 \u0924\u0925\u093e\u092a\u0930\u0947 \u0964<br/>\u0938\u0926 \u0906\u0917\u094d\u0928\u0940\u0927\u094d\u0930\u0936\u093e\u0932\u093e\u0902 \u091a \u0924\u0926\u094d\u0935\u093f\u0939\u093e\u0930\u0902 \u092e\u0939\u093e\u0928\u0938\u092e\u094d \u0965 \u0967\u096a \u0965", "englishText": "<em><i>kecid babha\u00f1ju\u1e25 pr\u0101g-va\u1e41\u015ba\u1e41<br/>patn\u012b-\u015b\u0101l\u0101\u1e41 tath\u0101pare<br/>sada \u0101gn\u012bdhra-\u015b\u0101l\u0101\u1e41 ca<br/>tad-vih\u0101ra\u1e41 mah\u0101nasam</i></em>", "synonyms": "<p><a href=\"/en/search/synonyms/?original=kecit\"><em>kecit</em></a> \u2014 some; <a href=\"/en/search/synonyms/?original=babha\u00f1ju\u1e25\"><em>babha\u00f1ju\u1e25</em></a> \u2014 pulled down; <a href=\"/en/search/synonyms/?original=pr\u0101k\"><em>pr\u0101k</em></a>-<a href=\"/en/search/synonyms/?original=va\u1e41\u015bam\"><em>va\u1e41\u015bam</em></a> \u2014 the pillars of the sacrificial pandal; <a href=\"/en/search/synonyms/?original=patn\u012b\"><em>patn\u012b</em></a>-<a href=\"/en/search/synonyms/?original=\u015b\u0101l\u0101m\"><em>\u015b\u0101l\u0101m</em></a> \u2014 the female quarters; <a href=\"/en/search/synonyms/?original=tath\u0101\"><em>tath\u0101</em></a> \u2014 also; <a href=\"/en/search/synonyms/?original=apare\"><em>apare</em></a> \u2014 others; <a href=\"/en/search/synonyms/?original=sada\u1e25\"><em>sada\u1e25</em></a> \u2014 the sacrificial arena; <a href=\"/en/search/synonyms/?original=\u0101gn\u012bdhra\"><em>\u0101gn\u012bdhra</em></a>-<a href=\"/en/search/synonyms/?original=\u015b\u0101l\u0101m\"><em>\u015b\u0101l\u0101m</em></a> \u2014 the house of the priests; <a href=\"/en/search/synonyms/?original=ca\"><em>ca</em></a> \u2014 and; <a href=\"/en/search/synonyms/?original=tat\"><em>tat</em></a>-<a href=\"/en/search/synonyms/?original=vih\u0101ram\"><em>vih\u0101ram</em></a> \u2014 the house of the chief of the sacrifice; <a href=\"/en/search/synonyms/?original=mah\u0101\"><em>mah\u0101</em></a>-<a href=\"/en/search/synonyms/?original=anasam\"><em>anasam</em></a> \u2014 the house of the kitchen department.</p>", "translation": "<p><strong>Some of the soldiers pulled down the pillars which were supporting the pandal of sacrifice, some of them entered the female quarters, some began destroying the sacrificial arena, and some entered the kitchen and the residential quarters.</strong></p>", "purport": null}, {"verseNbr": "<h1>\u015aB 4.5.15</h1>", "sanskritText": "\u0930\u0941\u0930\u0941\u091c\u0941\u0930\u094d\u092f\u091c\u094d\u091e\u092a\u093e\u0924\u094d\u0930\u093e\u0923\u093f \u0924\u0925\u0948\u0915\u0947\u093d\u0917\u094d\u0928\u0940\u0928\u0928\u093e\u0936\u092f\u0928\u094d \u0964<br/>\u0915\u0941\u0923\u094d\u0921\u0947\u0937\u094d\u0935\u092e\u0942\u0924\u094d\u0930\u092f\u0928\u094d \u0915\u0947\u091a\u093f\u0926\u094d\u200c\u092c\u093f\u092d\u093f\u0926\u0941\u0930\u094d\u0935\u0947\u0926\u093f\u092e\u0947\u0916\u0932\u093e: \u0965 \u0967\u096b \u0965", "englishText": "<em><i>rurujur yaj\u00f1a-p\u0101tr\u0101\u1e47i<br/>tathaike\u00a0\u2019gn\u012bn an\u0101\u015bayan<br/>ku\u1e47\u1e0de\u1e63v am\u016btrayan kecid<br/>bibhidur vedi-mekhal\u0101\u1e25</i></em>", "synonyms": "<p><a href=\"/en/search/synonyms/?original=ruruju\u1e25\"><em>ruruju\u1e25</em></a> \u2014 broke; <a href=\"/en/search/synonyms/?original=yaj\u00f1a\"><em>yaj\u00f1a</em></a>-<a href=\"/en/search/synonyms/?original=p\u0101tr\u0101\u1e47i\"><em>p\u0101tr\u0101\u1e47i</em></a> \u2014 the pots used in the sacrifice; <a href=\"/en/search/synonyms/?original=tath\u0101\"><em>tath\u0101</em></a> \u2014 so; <a href=\"/en/search/synonyms/?original=eke\"><em>eke</em></a> \u2014 some; <a href=\"/en/search/synonyms/?original=agn\u012bn\"><em>agn\u012bn</em></a> \u2014 the sacrificial fires; <a href=\"/en/search/synonyms/?original=an\u0101\u015bayan\"><em>an\u0101\u015bayan</em></a> \u2014 extinguished; <a href=\"/en/search/synonyms/?original=ku\u1e47\u1e0de\u1e63u\"><em>ku\u1e47\u1e0de\u1e63u</em></a> \u2014 on the sacrificial arenas; <a href=\"/en/search/synonyms/?original=am\u016btrayan\"><em>am\u016btrayan</em></a> \u2014 passed urine; <a href=\"/en/search/synonyms/?original=kecit\"><em>kecit</em></a> \u2014 some; <a href=\"/en/search/synonyms/?original=bibhidu\u1e25\"><em>bibhidu\u1e25</em></a> \u2014 tore down; <a href=\"/en/search/synonyms/?original=vedi\"><em>vedi</em></a>-<a href=\"/en/search/synonyms/?original=mekhal\u0101\u1e25\"><em>mekhal\u0101\u1e25</em></a> \u2014 the boundary lines of the sacrificial arena.</p>", "translation": "<p><strong>They broke all the pots made for use in the sacrifice, and some of them began to extinguish the sacrificial fire. Some tore down the boundary line of the sacrificial arena, and some passed urine on the arena.</strong></p>", "purport": null}, {"verseNbr": "<h1>\u015aB 4.5.16</h1>", "sanskritText": "\u0905\u092c\u093e\u0927\u0928\u094d\u0924 \u092e\u0941\u0928\u0940\u0928\u0928\u094d\u092f\u0947 \u090f\u0915\u0947 \u092a\u0924\u094d\u0928\u0940\u0930\u0924\u0930\u094d\u091c\u092f\u0928\u094d \u0964<br/>\u0905\u092a\u0930\u0947 \u091c\u0917\u0943\u0939\u0941\u0930\u094d\u0926\u0947\u0935\u093e\u0928\u094d \u092a\u094d\u0930\u0924\u094d\u092f\u093e\u0938\u0928\u094d\u0928\u093e\u0928\u094d \u092a\u0932\u093e\u092f\u093f\u0924\u093e\u0928\u094d \u0965 \u0967\u096c \u0965", "englishText": "<em><i>ab\u0101dhanta mun\u012bn anye<br/>eke patn\u012br atarjayan<br/>apare jag\u1e5bhur dev\u0101n<br/>praty\u0101sann\u0101n pal\u0101yit\u0101n</i></em>", "synonyms": "<p><a href=\"/en/search/synonyms/?original=ab\u0101dhanta\"><em>ab\u0101dhanta</em></a> \u2014 blocked the way; <a href=\"/en/search/synonyms/?original=mun\u012bn\"><em>mun\u012bn</em></a> \u2014 the sages; <a href=\"/en/search/synonyms/?original=anye\"><em>anye</em></a> \u2014 others; <a href=\"/en/search/synonyms/?original=eke\"><em>eke</em></a> \u2014 some; <a href=\"/en/search/synonyms/?original=patn\u012b\u1e25\"><em>patn\u012b\u1e25</em></a> \u2014 the women; <a href=\"/en/search/synonyms/?original=atarjayan\"><em>atarjayan</em></a> \u2014 threatened; <a href=\"/en/search/synonyms/?original=apare\"><em>apare</em></a> \u2014 others; <a href=\"/en/search/synonyms/?original=jag\u1e5bhu\u1e25\"><em>jag\u1e5bhu\u1e25</em></a> \u2014 arrested; <a href=\"/en/search/synonyms/?original=dev\u0101n\"><em>dev\u0101n</em></a> \u2014 the demigods; <a href=\"/en/search/synonyms/?original=praty\u0101sann\u0101n\"><em>praty\u0101sann\u0101n</em></a> \u2014 near at hand; <a href=\"/en/search/synonyms/?original=pal\u0101yit\u0101n\"><em>pal\u0101yit\u0101n</em></a> \u2014 who were fleeing.</p>", "translation": "<p><strong>Some blocked the way of the fleeing sages, some threatened the women assembled there, and some arrested the demigods who were fleeing the pandal.</strong></p>", "purport": null}, {"verseNbr": "<h1>\u015aB 4.5.17</h1>", "sanskritText": "\u092d\u0943\u0917\u0941\u0902 \u092c\u092c\u0928\u094d\u0927 \u092e\u0923\u093f\u092e\u093e\u0928\u094d \u0935\u0940\u0930\u092d\u0926\u094d\u0930: \u092a\u094d\u0930\u091c\u093e\u092a\u0924\u093f\u092e\u094d \u0964<br/>\u091a\u0923\u094d\u0921\u0947\u0936: \u092a\u0942\u0937\u0923\u0902 \u0926\u0947\u0935\u0902 \u092d\u0917\u0902 \u0928\u0928\u094d\u0926\u0940\u0936\u094d\u0935\u0930\u094b\u093d\u0917\u094d\u0930\u0939\u0940\u0924\u094d \u0965 \u0967\u096d \u0965", "englishText": "<em><i>bh\u1e5bgu\u1e41 babandha ma\u1e47im\u0101n<br/>v\u012brabhadra\u1e25 praj\u0101patim<br/>ca\u1e47\u1e0de\u015ba\u1e25 p\u016b\u1e63a\u1e47a\u1e41 deva\u1e41<br/>bhaga\u1e41 nand\u012b\u015bvaro\u00a0\u2019grah\u012bt</i></em>", "synonyms": "<p><a href=\"/en/search/synonyms/?original=bh\u1e5bgum\"><em>bh\u1e5bgum</em></a> \u2014 Bh\u1e5bgu Muni; <a href=\"/en/search/synonyms/?original=babandha\"><em>babandha</em></a> \u2014 arrested; <a href=\"/en/search/synonyms/?original=ma\u1e47im\u0101n\"><em>ma\u1e47im\u0101n</em></a> \u2014 Ma\u1e47im\u0101n; <a href=\"/en/search/synonyms/?original=v\u012brabhadra\u1e25\"><em>v\u012brabhadra\u1e25</em></a> \u2014 V\u012brabhadra; <a href=\"/en/search/synonyms/?original=praj\u0101patim\"><em>praj\u0101patim</em></a> \u2014 Praj\u0101pati Dak\u1e63a; <a href=\"/en/search/synonyms/?original=ca\u1e47\u1e0de\u015ba\u1e25\"><em>ca\u1e47\u1e0de\u015ba\u1e25</em></a> \u2014 Ca\u1e47\u1e0de\u015ba; <a href=\"/en/search/synonyms/?original=p\u016b\u1e63a\u1e47am\"><em>p\u016b\u1e63a\u1e47am</em></a> \u2014 P\u016b\u1e63\u0101; <a href=\"/en/search/synonyms/?original=devam\"><em>devam</em></a> \u2014 the demigod; <a href=\"/en/search/synonyms/?original=bhagam\"><em>bhagam</em></a> \u2014 Bhaga; <a href=\"/en/search/synonyms/?original=nand\u012b\u015bvara\u1e25\"><em>nand\u012b\u015bvara\u1e25</em></a> \u2014 Nand\u012b\u015bvara; <a href=\"/en/search/synonyms/?original=agrah\u012bt\"><em>agrah\u012bt</em></a> \u2014 arrested.</p>", "translation": "<p><strong>Ma\u1e47im\u0101n, one of the followers of Lord \u015aiva, arrested Bh\u1e5bgu Muni, and V\u012brabhadra, the black demon, arrested Praj\u0101pati Dak\u1e63a. Another follower, who was named Ca\u1e47\u1e0de\u015ba, arrested P\u016b\u1e63\u0101. Nand\u012b\u015bvara arrested the demigod Bhaga.</strong></p>", "purport": null}, {"verseNbr": "<h1>\u015aB 4.5.18</h1>", "sanskritText": "\u0938\u0930\u094d\u0935 \u090f\u0935\u0930\u094d\u0924\u094d\u0935\u093f\u091c\u094b \u0926\u0943\u0937\u094d\u091f\u094d\u0935\u093e \u0938\u0926\u0938\u094d\u092f\u093e: \u0938\u0926\u093f\u0935\u094c\u0915\u0938: \u0964<br/>\u0924\u0948\u0930\u0930\u094d\u0926\u094d\u092f\u092e\u093e\u0928\u093e: \u0938\u0941\u092d\u0943\u0936\u0902 \u0917\u094d\u0930\u093e\u0935\u092d\u093f\u0930\u094d\u0928\u0948\u0915\u0927\u093e\u0926\u094d\u0930\u0935\u0928\u094d \u0965 \u0967\u096e \u0965", "englishText": "<em><i>sarva evartvijo d\u1e5b\u1e63\u1e6dv\u0101<br/>sadasy\u0101\u1e25 sa-divaukasa\u1e25<br/>tair ardyam\u0101n\u0101\u1e25 subh\u1e5b\u015ba\u1e41<br/>gr\u0101vabhir naikadh\u0101\u00a0\u2019dravan</i></em>", "synonyms": "<p><a href=\"/en/search/synonyms/?original=sarve\"><em>sarve</em></a> \u2014 all; <a href=\"/en/search/synonyms/?original=eva\"><em>eva</em></a> \u2014 certainly; <a href=\"/en/search/synonyms/?original=\u1e5btvija\u1e25\"><em>\u1e5btvija\u1e25</em></a> \u2014 the priests; <a href=\"/en/search/synonyms/?original=d\u1e5b\u1e63\u1e6dv\u0101\"><em>d\u1e5b\u1e63\u1e6dv\u0101</em></a> \u2014 after seeing; <a href=\"/en/search/synonyms/?original=sadasy\u0101\u1e25\"><em>sadasy\u0101\u1e25</em></a> \u2014 all the members assembled in the sacrifice; <a href=\"/en/search/synonyms/?original=sa\"><em>sa</em></a>-<a href=\"/en/search/synonyms/?original=divaukasa\u1e25\"><em>divaukasa\u1e25</em></a> \u2014 along with the demigods; <a href=\"/en/search/synonyms/?original=tai\u1e25\"><em>tai\u1e25</em></a> \u2014 by those (stones); <a href=\"/en/search/synonyms/?original=ardyam\u0101n\u0101\u1e25\"><em>ardyam\u0101n\u0101\u1e25</em></a> \u2014 being disturbed; <a href=\"/en/search/synonyms/?original=su\"><em>su</em></a>-<a href=\"/en/search/synonyms/?original=bh\u1e5b\u015bam\"><em>bh\u1e5b\u015bam</em></a> \u2014 very greatly; <a href=\"/en/search/synonyms/?original=gr\u0101vabhi\u1e25\"><em>gr\u0101vabhi\u1e25</em></a> \u2014 by stones; <a href=\"/en/search/synonyms/?original=na\"><em>na</em></a> <a href=\"/en/search/synonyms/?original=ekadh\u0101\"><em>ekadh\u0101</em></a> \u2014 in different directions; <a href=\"/en/search/synonyms/?original=adravan\"><em>adravan</em></a> \u2014 began to disperse.</p>", "translation": "<p><strong>There was a continuous shower of stones, and all the priests and other members assembled at the sacrifice were put into immense misery. For fear of their lives, they dispersed in different directions.</strong></p>", "purport": null}, {"verseNbr": "<h1>\u015aB 4.5.19</h1>", "sanskritText": "\u091c\u0941\u0939\u094d\u0935\u0924: \u0938\u094d\u0930\u0941\u0935\u0939\u0938\u094d\u0924\u0938\u094d\u092f \u0936\u094d\u092e\u0936\u094d\u0930\u0942\u0923\u093f \u092d\u0917\u0935\u093e\u0928\u094d \u092d\u0935: \u0964<br/>\u092d\u0943\u0917\u094b\u0930\u094d\u0932\u0941\u0932\u0941\u091e\u094d\u091a\u0947 \u0938\u0926\u0938\u093f \u092f\u094b\u093d\u0939\u0938\u091a\u094d\u091b\u094d\u200c\u092e\u0936\u094d\u0930\u0941 \u0926\u0930\u094d\u0936\u092f\u0928\u094d \u0965 \u0967\u096f \u0965", "englishText": "<em><i>juhvata\u1e25 sruva-hastasya<br/>\u015bma\u015br\u016b\u1e47i bhagav\u0101n bhava\u1e25<br/>bh\u1e5bgor lulu\u00f1ce sadasi<br/>yo\u00a0\u2019hasac chma\u015bru dar\u015bayan</i></em>", "synonyms": "<p><a href=\"/en/search/synonyms/?original=juhvata\u1e25\"><em>juhvata\u1e25</em></a> \u2014 offering sacrificial oblations; <a href=\"/en/search/synonyms/?original=sruva\"><em>sruva</em></a>-<a href=\"/en/search/synonyms/?original=hastasya\"><em>hastasya</em></a> \u2014 with the sacrificial ladle in his hand; <a href=\"/en/search/synonyms/?original=\u015bma\u015br\u016b\u1e47i\"><em>\u015bma\u015br\u016b\u1e47i</em></a> \u2014 the mustache; <a href=\"/en/search/synonyms/?original=bhagav\u0101n\"><em>bhagav\u0101n</em></a> \u2014 the possessor of all opulences; <a href=\"/en/search/synonyms/?original=bhava\u1e25\"><em>bhava\u1e25</em></a> \u2014 V\u012brabhadra; <a href=\"/en/search/synonyms/?original=bh\u1e5bgo\u1e25\"><em>bh\u1e5bgo\u1e25</em></a> \u2014 of Bh\u1e5bgu Muni; <a href=\"/en/search/synonyms/?original=lulu\u00f1ce\"><em>lulu\u00f1ce</em></a> \u2014 tore out; <a href=\"/en/search/synonyms/?original=sadasi\"><em>sadasi</em></a> \u2014 in the midst of the assembly; <a href=\"/en/search/synonyms/?original=ya\u1e25\"><em>ya\u1e25</em></a> \u2014 who (Bh\u1e5bgu Muni); <a href=\"/en/search/synonyms/?original=ahasat\"><em>ahasat</em></a> \u2014 had smiled; <a href=\"/en/search/synonyms/?original=\u015bma\u015bru\"><em>\u015bma\u015bru</em></a> \u2014 his mustache; <a href=\"/en/search/synonyms/?original=dar\u015bayan\"><em>dar\u015bayan</em></a> \u2014 showing.</p>", "translation": "<p><strong>V\u012brabhadra tore off the mustache of Bh\u1e5bgu, who was offering the sacrificial oblations with his hands in the fire.</strong></p>", "purport": null}, {"verseNbr": "<h1>\u015aB 4.5.20</h1>", "sanskritText": "\u092d\u0917\u0938\u094d\u092f \u0928\u0947\u0924\u094d\u0930\u0947 \u092d\u0917\u0935\u093e\u0928\u094d \u092a\u093e\u0924\u093f\u0924\u0938\u094d\u092f \u0930\u0941\u0937\u093e \u092d\u0941\u0935\u093f \u0964<br/>\u0909\u091c\u094d\u091c\u0939\u093e\u0930 \u0938\u0926\u0938\u094d\u0925\u094b\u093d\u0915\u094d\u0937\u094d\u0923\u093e \u092f: \u0936\u092a\u0928\u094d\u0924\u092e\u0938\u0942\u0938\u0941\u091a\u0924\u094d \u0965 \u0968\u0966 \u0965", "englishText": "<em><i>bhagasya netre bhagav\u0101n<br/>p\u0101titasya ru\u1e63\u0101 bhuvi<br/>ujjah\u0101ra sada-stho\u00a0\u2019k\u1e63\u1e47\u0101<br/>ya\u1e25 \u015bapantam as\u016bsucat</i></em>", "synonyms": "<p><a href=\"/en/search/synonyms/?original=bhagasya\"><em>bhagasya</em></a> \u2014 of Bhaga; <a href=\"/en/search/synonyms/?original=netre\"><em>netre</em></a> \u2014 both eyes; <a href=\"/en/search/synonyms/?original=bhagav\u0101n\"><em>bhagav\u0101n</em></a> \u2014 V\u012brabhadra; <a href=\"/en/search/synonyms/?original=p\u0101titasya\"><em>p\u0101titasya</em></a> \u2014 having been thrust; <a href=\"/en/search/synonyms/?original=ru\u1e63\u0101\"><em>ru\u1e63\u0101</em></a> \u2014 with great anger; <a href=\"/en/search/synonyms/?original=bhuvi\"><em>bhuvi</em></a> \u2014 on the ground; <a href=\"/en/search/synonyms/?original=ujjah\u0101ra\"><em>ujjah\u0101ra</em></a> \u2014 plucked out; <a href=\"/en/search/synonyms/?original=sada\"><em>sada</em></a>-<a href=\"/en/search/synonyms/?original=stha\u1e25\"><em>stha\u1e25</em></a> \u2014 while situated in the assembly of the Vi\u015bvas\u1e5bks; <a href=\"/en/search/synonyms/?original=ak\u1e63\u1e47\u0101\"><em>ak\u1e63\u1e47\u0101</em></a> \u2014 by the movement of his eyebrows; <a href=\"/en/search/synonyms/?original=ya\u1e25\"><em>ya\u1e25</em></a> \u2014 who (Bhaga); <a href=\"/en/search/synonyms/?original=\u015bapantam\"><em>\u015bapantam</em></a> \u2014 (Dak\u1e63a) who was cursing (Lord \u015aiva); <a href=\"/en/search/synonyms/?original=as\u016bsucat\"><em>as\u016bsucat</em></a> \u2014 encouraged.</p>", "translation": "<p><strong>V\u012brabhadra immediately caught Bhaga, who had been moving his eyebrows during Bh\u1e5bgu\u2019s cursing of Lord \u015aiva, and out of great anger thrust him to the ground and forcibly put out his eyes.</strong></p>", "purport": null}, {"verseNbr": "<h1>\u015aB 4.5.21</h1>", "sanskritText": "\u092a\u0942\u0937\u094d\u0923\u094b \u0939\u094d\u092f\u092a\u093e\u0924\u092f\u0926\u094d\u0926\u0928\u094d\u0924\u093e\u0928\u094d \u0915\u093e\u0932\u093f\u0919\u094d\u0917\u0938\u094d\u092f \u092f\u0925\u093e \u092c\u0932: \u0964<br/>\u0936\u092a\u094d\u092f\u092e\u093e\u0928\u0947 \u0917\u0930\u093f\u092e\u0923\u093f \u092f\u094b\u093d\u0939\u0938\u0926\u094d\u0926\u0930\u094d\u0936\u092f\u0928\u094d\u0926\u0924: \u0965 \u0968\u0967 \u0965", "englishText": "<em><i>p\u016b\u1e63\u1e47o hy ap\u0101tayad dant\u0101n<br/>k\u0101li\u1e45gasya yath\u0101 bala\u1e25<br/>\u015bapyam\u0101ne garima\u1e47i<br/>yo\u00a0\u2019hasad dar\u015bayan data\u1e25</i></em>", "synonyms": "<p><a href=\"/en/search/synonyms/?original=p\u016b\u1e63\u1e47a\u1e25\"><em>p\u016b\u1e63\u1e47a\u1e25</em></a> \u2014 of P\u016b\u1e63\u0101; <a href=\"/en/search/synonyms/?original=hi\"><em>hi</em></a> \u2014 since; <a href=\"/en/search/synonyms/?original=ap\u0101tayat\"><em>ap\u0101tayat</em></a> \u2014 extracted; <a href=\"/en/search/synonyms/?original=dant\u0101n\"><em>dant\u0101n</em></a> \u2014 the teeth; <a href=\"/en/search/synonyms/?original=k\u0101li\u1e45gasya\"><em>k\u0101li\u1e45gasya</em></a> \u2014 of the King of Kali\u1e45ga; <a href=\"/en/search/synonyms/?original=yath\u0101\"><em>yath\u0101</em></a> \u2014 as; <a href=\"/en/search/synonyms/?original=bala\u1e25\"><em>bala\u1e25</em></a> \u2014 Baladeva; <a href=\"/en/search/synonyms/?original=\u015bapyam\u0101ne\"><em>\u015bapyam\u0101ne</em></a> \u2014 while being cursed; <a href=\"/en/search/synonyms/?original=garima\u1e47i\"><em>garima\u1e47i</em></a> \u2014 Lord \u015aiva; <a href=\"/en/search/synonyms/?original=ya\u1e25\"><em>ya\u1e25</em></a> \u2014 who (P\u016b\u1e63\u0101); <a href=\"/en/search/synonyms/?original=ahasat\"><em>ahasat</em></a> \u2014 smiled; <a href=\"/en/search/synonyms/?original=dar\u015bayan\"><em>dar\u015bayan</em></a> \u2014 showing; <a href=\"/en/search/synonyms/?original=data\u1e25\"><em>data\u1e25</em></a> \u2014 his teeth.</p>", "translation": "<p><strong>Just as Baladeva knocked out the teeth of Dantavakra, the King of Kali\u1e45ga, during the gambling match at the marriage ceremony of Aniruddha, V\u012brabhadra knocked out the teeth of both Dak\u1e63a, who had shown them while cursing Lord \u015aiva, and P\u016b\u1e63\u0101, who by smiling sympathetically had also shown his teeth.</strong></p>", "purport": "<h2 class=\"section-title\">Purport</h2>\n<div class=\"r r-lang-en r-paragraph\" id=\"bb28524\"><p>Here a reference is made to the marriage of Aniruddha, a grandson of Lord K\u1e5b\u1e63\u1e47a\u2019s. He kidnapped the daughter of Dantavakra, and thereafter he was arrested. Just as he was to be punished for the kidnapping, the soldiers from Dv\u0101rak\u0101 arrived, headed by Balar\u0101ma, and a fight ensued amongst the <i>k\u1e63atriyas.</i> This sort of fight was very common, especially during marriage ceremonies, when everyone was in a challenging spirit. In that challenging spirit, a fight was sure to occur, and in such fights there was commonly killing and misfortune. After finishing such fighting, the parties would come to a compromise, and everything would be settled. This Dak\u1e63a <i>yaj\u00f1a</i> was similar to such events. Now all of them \u2014 Dak\u1e63a and the demigods Bhaga and P\u016b\u1e63\u0101 and Bh\u1e5bgu Muni \u2014 were punished by the soldiers of Lord \u015aiva, but later everything would come to a peaceful end. So this spirit of fighting between one another was not exactly inimical. Because everyone was so powerful and wanted to show his strength by Vedic <i>mantra</i> or mystic power, all these fighting skills were very elaborately exhibited by the different parties at the Dak\u1e63a <i>yaj\u00f1a.</i></p></div>"}, {"verseNbr": "<h1>\u015aB 4.5.22</h1>", "sanskritText": "\u0906\u0915\u094d\u0930\u092e\u094d\u092f\u094b\u0930\u0938\u093f \u0926\u0915\u094d\u0937\u0938\u094d\u092f \u0936\u093f\u0924\u0927\u093e\u0930\u0947\u0923 \u0939\u0947\u0924\u093f\u0928\u093e \u0964<br/>\u091b\u093f\u0928\u094d\u0926\u0928\u094d\u0928\u092a\u093f \u0924\u0926\u0941\u0926\u094d\u0927\u0930\u094d\u0924\u0941\u0902 \u0928\u093e\u0936\u0915\u094d\u0928\u094b\u0924\u094d \u0924\u094d\u0930\u094d\u092f\u092e\u094d\u092c\u0915\u0938\u094d\u0924\u0926\u093e \u0965 \u0968\u0968 \u0965", "englishText": "<em><i>\u0101kramyorasi dak\u1e63asya<br/>\u015bita-dh\u0101re\u1e47a hetin\u0101<br/>chindann api tad uddhartu\u1e41<br/>n\u0101\u015baknot tryambakas tad\u0101</i></em>", "synonyms": "<p><a href=\"/en/search/synonyms/?original=\u0101kramya\"><em>\u0101kramya</em></a> \u2014 having sat; <a href=\"/en/search/synonyms/?original=urasi\"><em>urasi</em></a> \u2014 on the chest; <a href=\"/en/search/synonyms/?original=dak\u1e63asya\"><em>dak\u1e63asya</em></a> \u2014 of Dak\u1e63a; <a href=\"/en/search/synonyms/?original=\u015bita\"><em>\u015bita</em></a>-<a href=\"/en/search/synonyms/?original=dh\u0101re\u1e47a\"><em>dh\u0101re\u1e47a</em></a> \u2014 having a sharp blade; <a href=\"/en/search/synonyms/?original=hetin\u0101\"><em>hetin\u0101</em></a> \u2014 with a weapon; <a href=\"/en/search/synonyms/?original=chindan\"><em>chindan</em></a> \u2014 cutting; <a href=\"/en/search/synonyms/?original=api\"><em>api</em></a> \u2014 even though; <a href=\"/en/search/synonyms/?original=tat\"><em>tat</em></a> \u2014 that (head); <a href=\"/en/search/synonyms/?original=uddhartum\"><em>uddhartum</em></a> \u2014 to separate; <a href=\"/en/search/synonyms/?original=na\"><em>na</em></a> <a href=\"/en/search/synonyms/?original=a\u015baknot\"><em>a\u015baknot</em></a> \u2014 was not able; <a href=\"/en/search/synonyms/?original=tri\"><em>tri</em></a>-<a href=\"/en/search/synonyms/?original=ambaka\u1e25\"><em>ambaka\u1e25</em></a> \u2014 V\u012brabhadra (who had three eyes); <a href=\"/en/search/synonyms/?original=tad\u0101\"><em>tad\u0101</em></a> \u2014 after this.</p>", "translation": "<p><strong>Then V\u012brabhadra, the giantlike personality, sat on the chest of Dak\u1e63a and tried to separate his head from his body with sharp weapons, but was unsuccessful.</strong></p>", "purport": null}, {"verseNbr": "<h1>\u015aB 4.5.23</h1>", "sanskritText": "\u0936\u0938\u094d\u0924\u094d\u0930\u0948\u0930\u0938\u094d\u0924\u094d\u0930\u093e\u0928\u094d\u0935\u093f\u0924\u0948\u0930\u0947\u0935\u092e\u0928\u093f\u0930\u094d\u092d\u093f\u0928\u094d\u0928\u0924\u094d\u0935\u091a\u0902 \u0939\u0930: \u0964<br/>\u0935\u093f\u0938\u094d\u092e\u092f\u0902 \u092a\u0930\u092e\u093e\u092a\u0928\u094d\u0928\u094b \u0926\u0927\u094d\u092f\u094c \u092a\u0936\u0941\u092a\u0924\u093f\u0936\u094d\u091a\u093f\u0930\u092e\u094d \u0965 \u0968\u0969 \u0965", "englishText": "<em><i>\u015bastrair astr\u0101nvitair evam<br/>anirbhinna-tvaca\u1e41 hara\u1e25<br/>vismaya\u1e41 param \u0101panno<br/>dadhyau pa\u015bupati\u015b ciram</i></em>", "synonyms": "<p><a href=\"/en/search/synonyms/?original=\u015bastrai\u1e25\"><em>\u015bastrai\u1e25</em></a> \u2014 with weapons; <a href=\"/en/search/synonyms/?original=astra\"><em>astra</em></a>-<a href=\"/en/search/synonyms/?original=anvitai\u1e25\"><em>anvitai\u1e25</em></a> \u2014 with hymns (<em>mantras</em>); <a href=\"/en/search/synonyms/?original=evam\"><em>evam</em></a> \u2014 thus; <a href=\"/en/search/synonyms/?original=anirbhinna\"><em>anirbhinna</em></a> \u2014 not being cut; <a href=\"/en/search/synonyms/?original=tvacam\"><em>tvacam</em></a> \u2014 the skin; <a href=\"/en/search/synonyms/?original=hara\u1e25\"><em>hara\u1e25</em></a> \u2014 V\u012brabhadra; <a href=\"/en/search/synonyms/?original=vismayam\"><em>vismayam</em></a> \u2014 bewilderment; <a href=\"/en/search/synonyms/?original=param\"><em>param</em></a> \u2014 greatest; <a href=\"/en/search/synonyms/?original=\u0101panna\u1e25\"><em>\u0101panna\u1e25</em></a> \u2014 was struck with; <a href=\"/en/search/synonyms/?original=dadhyau\"><em>dadhyau</em></a> \u2014 thought; <a href=\"/en/search/synonyms/?original=pa\u015bupati\u1e25\"><em>pa\u015bupati\u1e25</em></a> \u2014 V\u012brabhadra; <a href=\"/en/search/synonyms/?original=ciram\"><em>ciram</em></a> \u2014 for a long time.</p>", "translation": "<p><strong>He tried to cut the head of Dak\u1e63a with hymns as well as weapons, but still it was hard to cut even the surface of the skin of Dak\u1e63a\u2019s head. Thus V\u012brabhadra was exceedingly bewildered.</strong></p>", "purport": null}, {"verseNbr": "<h1>\u015aB 4.5.24</h1>", "sanskritText": "\u0926\u0943\u0937\u094d\u091f\u094d\u0935\u093e \u0938\u0902\u091c\u094d\u091e\u092a\u0928\u0902 \u092f\u094b\u0917\u0902 \u092a\u0936\u0942\u0928\u093e\u0902 \u0938 \u092a\u0924\u093f\u0930\u094d\u092e\u0916\u0947 \u0964<br/>\u092f\u091c\u092e\u093e\u0928\u092a\u0936\u094b: \u0915\u0938\u094d\u092f \u0915\u093e\u092f\u093e\u0924\u094d\u0924\u0947\u0928\u093e\u0939\u0930\u091a\u094d\u091b\u093f\u0930: \u0965 \u0968\u096a \u0965", "englishText": "<em><i>d\u1e5b\u1e63\u1e6dv\u0101 sa\u1e41j\u00f1apana\u1e41 yoga\u1e41<br/>pa\u015b\u016bn\u0101\u1e41 sa patir makhe<br/>yajam\u0101na-pa\u015bo\u1e25 kasya<br/>k\u0101y\u0101t ten\u0101harac chira\u1e25</i></em>", "synonyms": "<p><a href=\"/en/search/synonyms/?original=d\u1e5b\u1e63\u1e6dv\u0101\"><em>d\u1e5b\u1e63\u1e6dv\u0101</em></a> \u2014 having seen; <a href=\"/en/search/synonyms/?original=sa\u1e41j\u00f1apanam\"><em>sa\u1e41j\u00f1apanam</em></a> \u2014 for the killing of the animals in the sacrifice; <a href=\"/en/search/synonyms/?original=yogam\"><em>yogam</em></a> \u2014 the device; <a href=\"/en/search/synonyms/?original=pa\u015b\u016bn\u0101m\"><em>pa\u015b\u016bn\u0101m</em></a> \u2014 of the animals; <a href=\"/en/search/synonyms/?original=sa\u1e25\"><em>sa\u1e25</em></a> \u2014 he (V\u012brabhadra); <a href=\"/en/search/synonyms/?original=pati\u1e25\"><em>pati\u1e25</em></a> \u2014 the lord; <a href=\"/en/search/synonyms/?original=makhe\"><em>makhe</em></a> \u2014 in the sacrifice; <a href=\"/en/search/synonyms/?original=yajam\u0101na\"><em>yajam\u0101na</em></a>-<a href=\"/en/search/synonyms/?original=pa\u015bo\u1e25\"><em>pa\u015bo\u1e25</em></a> \u2014 who was an animal in the form of the chief of the sacrifice; <a href=\"/en/search/synonyms/?original=kasya\"><em>kasya</em></a> \u2014 of Dak\u1e63a; <a href=\"/en/search/synonyms/?original=k\u0101y\u0101t\"><em>k\u0101y\u0101t</em></a> \u2014 from the body; <a href=\"/en/search/synonyms/?original=tena\"><em>tena</em></a> \u2014 by that (device); <a href=\"/en/search/synonyms/?original=aharat\"><em>aharat</em></a> \u2014 severed; <a href=\"/en/search/synonyms/?original=\u015bira\u1e25\"><em>\u015bira\u1e25</em></a> \u2014 his head.</p>", "translation": "<p><strong>Then V\u012brabhadra saw the wooden device in the sacrificial arena by which the animals were to have been killed. He took the opportunity of this facility to behead Dak\u1e63a.</strong></p>", "purport": "<h2 class=\"section-title\">Purport</h2>\n<div class=\"r r-lang-en r-paragraph\" id=\"bb28537\"><p>In this connection it is to be noted that the device used for killing animals in the sacrifice was not designed to facilitate eating their flesh. The killing was specifically intended to give a new life to the sacrificed animal by the power of Vedic <i>mantra.</i> The animals were sacrificed to test the strength of Vedic <i>mantras;</i> <i>yaj\u00f1as</i> were performed as a test of the <i>mantra.</i> Even in the modern age, tests are executed on animal bodies in the physiology laboratory. Similarly, whether or not the <i>br\u0101hma\u1e47as</i> were uttering the Vedic hymns correctly was tested by sacrifice in the arena. On the whole, the animals thus sacrificed were not at all the losers. Some old animals would be sacrificed, but in exchange for their old bodies they received other, new bodies. That was the test of Vedic <i>mantras.</i> V\u012brabhadra, instead of sacrificing animals with the wooden device, immediately beheaded Dak\u1e63a, to the astonishment of everyone.</p></div>"}, {"verseNbr": "<h1>\u015aB 4.5.25</h1>", "sanskritText": "\u0938\u093e\u0927\u0941\u0935\u093e\u0926\u0938\u094d\u0924\u0926\u093e \u0924\u0947\u0937\u093e\u0902 \u0915\u0930\u094d\u092e \u0924\u0924\u094d\u0924\u0938\u094d\u092f \u092a\u0936\u094d\u092f\u0924\u093e\u092e\u094d \u0964<br/>\u092d\u0942\u0924\u092a\u094d\u0930\u0947\u0924\u092a\u093f\u0936\u093e\u091a\u093e\u0928\u093e\u0902 \u0905\u0928\u094d\u092f\u0947\u0937\u093e\u0902 \u0924\u0926\u094d\u0935\u093f\u092a\u0930\u094d\u092f\u092f: \u0965 \u0968\u096b \u0965", "englishText": "<em><i>s\u0101dhu-v\u0101das tad\u0101 te\u1e63\u0101\u1e41<br/>karma tat tasya pa\u015byat\u0101m<br/>bh\u016bta-preta-pi\u015b\u0101c\u0101n\u0101\u1e41<br/>anye\u1e63\u0101\u1e41 tad-viparyaya\u1e25</i></em>", "synonyms": "<p><a href=\"/en/search/synonyms/?original=s\u0101dhu\"><em>s\u0101dhu</em></a>-<a href=\"/en/search/synonyms/?original=v\u0101da\u1e25\"><em>v\u0101da\u1e25</em></a> \u2014 joyful exclamation; <a href=\"/en/search/synonyms/?original=tad\u0101\"><em>tad\u0101</em></a> \u2014 at that time; <a href=\"/en/search/synonyms/?original=te\u1e63\u0101m\"><em>te\u1e63\u0101m</em></a> \u2014 of those (followers of Lord \u015aiva); <a href=\"/en/search/synonyms/?original=karma\"><em>karma</em></a> \u2014 action; <a href=\"/en/search/synonyms/?original=tat\"><em>tat</em></a> \u2014 that; <a href=\"/en/search/synonyms/?original=tasya\"><em>tasya</em></a> \u2014 of him (V\u012brabhadra); <a href=\"/en/search/synonyms/?original=pa\u015byat\u0101m\"><em>pa\u015byat\u0101m</em></a> \u2014 seeing; <a href=\"/en/search/synonyms/?original=bh\u016bta\"><em>bh\u016bta</em></a>-<a href=\"/en/search/synonyms/?original=preta\"><em>preta</em></a>-<a href=\"/en/search/synonyms/?original=pi\u015b\u0101c\u0101n\u0101m\"><em>pi\u015b\u0101c\u0101n\u0101m</em></a> \u2014 of the <em>bh\u016btas</em> (ghosts), <em>pretas</em> and <em>pi\u015b\u0101cas</em>; <a href=\"/en/search/synonyms/?original=anye\u1e63\u0101m\"><em>anye\u1e63\u0101m</em></a> \u2014 of the others (in the party of Dak\u1e63a); <a href=\"/en/search/synonyms/?original=tat\"><em>tat</em></a>-<a href=\"/en/search/synonyms/?original=viparyaya\u1e25\"><em>viparyaya\u1e25</em></a> \u2014 the opposite of that (an exclamation of grief).</p>", "translation": "<p><strong>Upon seeing the action of V\u012brabhadra, the party of Lord \u015aiva was pleased and cried out joyfully, and all the bh\u016btas, ghosts and demons that had come made a tumultuous sound. On the other hand, the br\u0101hma\u1e47as in charge of the sacrifice cried out in grief at the death of Dak\u1e63a.</strong></p>", "purport": null}, {"verseNbr": "<h1>\u015aB 4.5.26</h1>", "sanskritText": "\u091c\u0941\u0939\u093e\u0935\u0948\u0924\u091a\u094d\u091b\u093f\u0930\u0938\u094d\u0924\u0938\u094d\u092e\u093f\u0928\u094d\u0926\u0915\u094d\u0937\u093f\u0923\u093e\u0917\u094d\u0928\u093e\u0935\u092e\u0930\u094d\u0937\u093f\u0924: \u0964<br/>\u0924\u0926\u094d\u0926\u0947\u0935\u092f\u091c\u0928\u0902 \u0926\u0917\u094d\u0927\u094d\u0935\u093e \u092a\u094d\u0930\u093e\u0924\u093f\u0937\u094d\u0920\u0926\u094d \u0917\u0941\u0939\u094d\u092f\u0915\u093e\u0932\u092f\u092e\u094d \u0965 \u0968\u096c \u0965", "englishText": "<em><i>juh\u0101vaitac chiras tasmin<br/>dak\u1e63i\u1e47\u0101gn\u0101v amar\u1e63ita\u1e25<br/>tad-deva-yajana\u1e41 dagdhv\u0101<br/>pr\u0101ti\u1e63\u1e6dhad guhyak\u0101layam</i></em>", "synonyms": "<p><a href=\"/en/search/synonyms/?original=juh\u0101va\"><em>juh\u0101va</em></a> \u2014 sacrificed as an oblation; <a href=\"/en/search/synonyms/?original=etat\"><em>etat</em></a> \u2014 that; <a href=\"/en/search/synonyms/?original=\u015bira\u1e25\"><em>\u015bira\u1e25</em></a> \u2014 head; <a href=\"/en/search/synonyms/?original=tasmin\"><em>tasmin</em></a> \u2014 in that; <a href=\"/en/search/synonyms/?original=dak\u1e63i\u1e47a\"><em>dak\u1e63i\u1e47a</em></a>-<a href=\"/en/search/synonyms/?original=agnau\"><em>agnau</em></a> \u2014 in the sacrificial fire on the southern side; <a href=\"/en/search/synonyms/?original=amar\u1e63ita\u1e25\"><em>amar\u1e63ita\u1e25</em></a> \u2014 V\u012brabhadra, being greatly angry; <a href=\"/en/search/synonyms/?original=tat\"><em>tat</em></a> \u2014 of Dak\u1e63a; <a href=\"/en/search/synonyms/?original=deva\"><em>deva</em></a>-<a href=\"/en/search/synonyms/?original=yajanam\"><em>yajanam</em></a> \u2014 the arrangements for the sacrifice to the demigods; <a href=\"/en/search/synonyms/?original=dagdhv\u0101\"><em>dagdhv\u0101</em></a> \u2014 having set fire; <a href=\"/en/search/synonyms/?original=pr\u0101ti\u1e63\u1e6dhat\"><em>pr\u0101ti\u1e63\u1e6dhat</em></a> \u2014 departed; <a href=\"/en/search/synonyms/?original=guhyaka\"><em>guhyaka</em></a>-<a href=\"/en/search/synonyms/?original=\u0101layam\"><em>\u0101layam</em></a> \u2014 to the abode of the Guhyakas (Kail\u0101sa).</p>", "translation": "<p><strong>V\u012brabhadra then took the head and with great anger threw it into the southern side of the sacrificial fire, offering it as an oblation. In this way the followers of Lord \u015aiva devastated all the arrangements for sacrifice. After setting fire to the whole arena, they departed for their master\u2019s abode, Kail\u0101sa.</strong></p>", "purport": "<h2 class=\"section-title\">Purport</h2>\n<div class=\"r r-lang-en r-paragraph-thus-ends\" id=\"bb28546\"><p><i>Thus end the Bhaktivedanta purports of the Fourth Canto, Fifth Chapter, of the</i> <a href=\"/en/library/sb/\">\u015ar\u012bmad-Bh\u0101gavatam</a>, <i>entitled \u201cFrustration of the Sacrifice of Dak\u1e63a.\u201d</i></p></div>"}]}