{"verseNbrs": ["1", "2", "3", "4", "5", "6", "7", "8", "9", "10", "11-12", "13", "14", "15", "16", "17", "18-19", "20", "21", "22", "23", "24", "25", "26", "27", "28", "29", "30"], "totalVerses": 28, "name": "<h1>Dhruva Mah\u0101r\u0101ja\u2019s Fight with the Yak\u1e63as</h1>", "verses": [{"verseNbr": "<h1>\u015aB 4.10.1</h1>", "sanskritText": "\u092e\u0948\u0924\u094d\u0930\u0947\u092f \u0909\u0935\u093e\u091a<br/>\u092a\u094d\u0930\u091c\u093e\u092a\u0924\u0947\u0930\u094d\u0926\u0941\u0939\u093f\u0924\u0930\u0902 \u0936\u093f\u0936\u0941\u092e\u093e\u0930\u0938\u094d\u092f \u0935\u0948 \u0927\u094d\u0930\u0941\u0935: \u0964 \u0909\u092a\u092f\u0947\u092e\u0947 \u092d\u094d\u0930\u092e\u093f\u0902 \u0928\u093e\u092e \u0924\u0924\u094d\u0938\u0941\u0924\u094c \u0915\u0932\u094d\u092a\u0935\u0924\u094d\u0938\u0930\u094c \u0965 \u0967 \u0965", "englishText": "<em>maitreya uv\u0101ca<br/><i>praj\u0101pater duhitara\u1e41<br/>\u015bi\u015bum\u0101rasya vai dhruva\u1e25<br/>upayeme bhrami\u1e41 n\u0101ma<br/>tat-sutau kalpa-vatsarau</i></em>", "synonyms": "<p><a href=\"/en/search/synonyms/?original=maitreya\u1e25\"><em>maitreya\u1e25</em></a> <a href=\"/en/search/synonyms/?original=uv\u0101ca\"><em>uv\u0101ca</em></a> \u2014 the great sage Maitreya continued; <a href=\"/en/search/synonyms/?original=praj\u0101pate\u1e25\"><em>praj\u0101pate\u1e25</em></a> \u2014 of the Praj\u0101pati; <a href=\"/en/search/synonyms/?original=duhitaram\"><em>duhitaram</em></a> \u2014 daughter; <a href=\"/en/search/synonyms/?original=\u015bi\u015bum\u0101rasya\"><em>\u015bi\u015bum\u0101rasya</em></a> \u2014 of \u015ai\u015bum\u0101ra; <a href=\"/en/search/synonyms/?original=vai\"><em>vai</em></a> \u2014 certainly; <a href=\"/en/search/synonyms/?original=dhruva\u1e25\"><em>dhruva\u1e25</em></a> \u2014 Dhruva Mah\u0101r\u0101ja; <a href=\"/en/search/synonyms/?original=upayeme\"><em>upayeme</em></a> \u2014 married; <a href=\"/en/search/synonyms/?original=bhramim\"><em>bhramim</em></a> \u2014 Bhrami; <a href=\"/en/search/synonyms/?original=n\u0101ma\"><em>n\u0101ma</em></a> \u2014 named; <a href=\"/en/search/synonyms/?original=tat\"><em>tat</em></a>-<a href=\"/en/search/synonyms/?original=sutau\"><em>sutau</em></a> \u2014 her sons; <a href=\"/en/search/synonyms/?original=kalpa\"><em>kalpa</em></a> \u2014 Kalpa; <a href=\"/en/search/synonyms/?original=vatsarau\"><em>vatsarau</em></a> \u2014 Vatsara.</p>", "translation": "<p><strong>The great sage Maitreya said: My dear Vidura, thereafter Dhruva Mah\u0101r\u0101ja married the daughter of Praj\u0101pati \u015ai\u015bum\u0101ra, whose name was Bhrami, and two sons named Kalpa and Vatsara were born of her.</strong></p>", "purport": "<h2 class=\"section-title\">Purport</h2>\n<div class=\"r r-lang-en r-paragraph\" id=\"bb29879\"><p>It appears that Dhruva Mah\u0101r\u0101ja married after being installed on the throne of his father and after the departure of his father to the forest for self-realization. It is very important to note in this connection that since Mah\u0101r\u0101ja Utt\u0101nap\u0101da was greatly affectionate towards his son, and since it is the duty of a father to get his sons and daughters married as quickly as possible, why did he not get his son married before he left home? The answer is that Mah\u0101r\u0101ja Utt\u0101nap\u0101da was a <i>r\u0101jar\u1e63i,</i> saintly king. Although he was busy in his political affairs and duties of government management, he was very anxious for self-realization. Therefore as soon as his son Dhruva Mah\u0101r\u0101ja was quite worthy to take charge of the government, he took this opportunity to leave home, just like his son, who, without fear, left home for self-realization, even at the age of five years. These are rare instances from which we can see that the importance of spiritual realization is above all other important work. Mah\u0101r\u0101ja Utt\u0101nap\u0101da knew very well that to get his son Dhruva Mah\u0101r\u0101ja married was not so important that it should take preference to his going away to the forest for self-realization.</p></div>"}, {"verseNbr": "<h1>\u015aB 4.10.2</h1>", "sanskritText": "\u0907\u0932\u093e\u092f\u093e\u092e\u092a\u093f \u092d\u093e\u0930\u094d\u092f\u093e\u092f\u093e\u0902 \u0935\u093e\u092f\u094b: \u092a\u0941\u0924\u094d\u0930\u094d\u092f\u093e\u0902 \u092e\u0939\u093e\u092c\u0932: \u0964 \u092a\u0941\u0924\u094d\u0930\u092e\u0941\u0924\u094d\u0915\u0932\u0928\u093e\u092e\u093e\u0928\u0902 \u092f\u094b\u0937\u093f\u0926\u094d\u0930\u0924\u094d\u0928\u092e\u091c\u0940\u091c\u0928\u0924\u094d \u0965 \u0968 \u0965", "englishText": "<em><i>il\u0101y\u0101m api bh\u0101ry\u0101y\u0101\u1e41<br/>v\u0101yo\u1e25 putry\u0101\u1e41 mah\u0101-bala\u1e25<br/>putram utkala-n\u0101m\u0101na\u1e41<br/>yo\u1e63id-ratnam aj\u012bjanat</i></em>", "synonyms": "<p><a href=\"/en/search/synonyms/?original=il\u0101y\u0101m\"><em>il\u0101y\u0101m</em></a> \u2014 unto his wife named Il\u0101; <a href=\"/en/search/synonyms/?original=api\"><em>api</em></a> \u2014 also; <a href=\"/en/search/synonyms/?original=bh\u0101ry\u0101y\u0101m\"><em>bh\u0101ry\u0101y\u0101m</em></a> \u2014 unto his wife; <a href=\"/en/search/synonyms/?original=v\u0101yo\u1e25\"><em>v\u0101yo\u1e25</em></a> \u2014 of the demigod V\u0101yu (controller of air); <a href=\"/en/search/synonyms/?original=putry\u0101m\"><em>putry\u0101m</em></a> \u2014 unto the daughter; <a href=\"/en/search/synonyms/?original=mah\u0101\"><em>mah\u0101</em></a>-<a href=\"/en/search/synonyms/?original=bala\u1e25\"><em>bala\u1e25</em></a> \u2014 the greatly powerful Dhruva Mah\u0101r\u0101ja; <a href=\"/en/search/synonyms/?original=putram\"><em>putram</em></a> \u2014 son; <a href=\"/en/search/synonyms/?original=utkala\"><em>utkala</em></a> \u2014 Utkala; <a href=\"/en/search/synonyms/?original=n\u0101m\u0101nam\"><em>n\u0101m\u0101nam</em></a> \u2014 of the name; <a href=\"/en/search/synonyms/?original=yo\u1e63it\"><em>yo\u1e63it</em></a> \u2014 female; <a href=\"/en/search/synonyms/?original=ratnam\"><em>ratnam</em></a> \u2014 jewel; <a href=\"/en/search/synonyms/?original=aj\u012bjanat\"><em>aj\u012bjanat</em></a> \u2014 he begot.</p>", "translation": "<p><strong>The greatly powerful Dhruva Mah\u0101r\u0101ja had another wife, named Il\u0101, who was the daughter of the demigod V\u0101yu. By her he begot a son named Utkala and a very beautiful daughter.</strong></p>", "purport": null}, {"verseNbr": "<h1>\u015aB 4.10.3</h1>", "sanskritText": "\u0909\u0924\u094d\u0924\u092e\u0938\u094d\u0924\u094d\u0935\u0915\u0943\u0924\u094b\u0926\u094d\u0935\u093e\u0939\u094b \u092e\u0943\u0917\u092f\u093e\u092f\u093e\u0902 \u092c\u0932\u0940\u092f\u0938\u093e \u0964 \u0939\u0924: \u092a\u0941\u0923\u094d\u092f\u091c\u0928\u0947\u0928\u093e\u0926\u094d\u0930\u094c \u0924\u0928\u094d\u092e\u093e\u0924\u093e\u0938\u094d\u092f \u0917\u0924\u093f\u0902 \u0917\u0924\u093e \u0965 \u0969 \u0965", "englishText": "<em><i>uttamas tv ak\u1e5btodv\u0101ho<br/>m\u1e5bgay\u0101y\u0101\u1e41 bal\u012byas\u0101<br/>hata\u1e25 pu\u1e47ya-janen\u0101drau<br/>tan-m\u0101t\u0101sya gati\u1e41 gat\u0101</i></em>", "synonyms": "<p><a href=\"/en/search/synonyms/?original=uttama\u1e25\"><em>uttama\u1e25</em></a> \u2014 Uttama; <a href=\"/en/search/synonyms/?original=tu\"><em>tu</em></a> \u2014 but; <a href=\"/en/search/synonyms/?original=ak\u1e5bta\"><em>ak\u1e5bta</em></a> \u2014 without; <a href=\"/en/search/synonyms/?original=udv\u0101ha\u1e25\"><em>udv\u0101ha\u1e25</em></a> \u2014 marriage; <a href=\"/en/search/synonyms/?original=m\u1e5bgay\u0101y\u0101m\"><em>m\u1e5bgay\u0101y\u0101m</em></a> \u2014 on a hunting excursion; <a href=\"/en/search/synonyms/?original=bal\u012byas\u0101\"><em>bal\u012byas\u0101</em></a> \u2014 very powerful; <a href=\"/en/search/synonyms/?original=hata\u1e25\"><em>hata\u1e25</em></a> \u2014 was killed; <a href=\"/en/search/synonyms/?original=pu\u1e47ya\"><em>pu\u1e47ya</em></a>-<a href=\"/en/search/synonyms/?original=janena\"><em>janena</em></a> \u2014 by a Yak\u1e63a; <a href=\"/en/search/synonyms/?original=adrau\"><em>adrau</em></a> \u2014 on the Him\u0101laya Mountains; <a href=\"/en/search/synonyms/?original=tat\"><em>tat</em></a> \u2014 his; <a href=\"/en/search/synonyms/?original=m\u0101t\u0101\"><em>m\u0101t\u0101</em></a> \u2014 mother (Suruci); <a href=\"/en/search/synonyms/?original=asya\"><em>asya</em></a> \u2014 of her son; <a href=\"/en/search/synonyms/?original=gatim\"><em>gatim</em></a> \u2014 way; <a href=\"/en/search/synonyms/?original=gat\u0101\"><em>gat\u0101</em></a> \u2014 followed.</p>", "translation": "<p><strong>Dhruva Mah\u0101r\u0101ja\u2019s younger brother Uttama, who was still unmarried, once went on a hunting excursion and was killed by a powerful Yak\u1e63a in the Him\u0101laya Mountains. Along with him, his mother, Suruci, also followed the path of her son [she died].</strong></p>", "purport": null}, {"verseNbr": "<h1>\u015aB 4.10.4</h1>", "sanskritText": "\u0927\u094d\u0930\u0941\u0935\u094b \u092d\u094d\u0930\u093e\u0924\u0943\u0935\u0927\u0902 \u0936\u094d\u0930\u0941\u0924\u094d\u0935\u093e \u0915\u094b\u092a\u093e\u092e\u0930\u094d\u0937\u0936\u0941\u091a\u093e\u0930\u094d\u092a\u093f\u0924: \u0964 \u091c\u0948\u0924\u094d\u0930\u0902 \u0938\u094d\u092f\u0928\u094d\u0926\u0928\u092e\u093e\u0938\u094d\u0925\u093e\u092f \u0917\u0924: \u092a\u0941\u0923\u094d\u092f\u091c\u0928\u093e\u0932\u092f\u092e\u094d \u0965 \u096a \u0965", "englishText": "<em><i>dhruvo bhr\u0101t\u1e5b-vadha\u1e41 \u015brutv\u0101<br/>kop\u0101mar\u1e63a-\u015buc\u0101rpita\u1e25<br/>jaitra\u1e41 syandanam \u0101sth\u0101ya<br/>gata\u1e25 pu\u1e47ya-jan\u0101layam</i></em>", "synonyms": "<p><a href=\"/en/search/synonyms/?original=dhruva\u1e25\"><em>dhruva\u1e25</em></a> \u2014 Dhruva Mah\u0101r\u0101ja; <a href=\"/en/search/synonyms/?original=bhr\u0101t\u1e5b\"><em>bhr\u0101t\u1e5b</em></a>-<a href=\"/en/search/synonyms/?original=vadham\"><em>vadham</em></a> \u2014 the killing of his brother; <a href=\"/en/search/synonyms/?original=\u015brutv\u0101\"><em>\u015brutv\u0101</em></a> \u2014 hearing this news; <a href=\"/en/search/synonyms/?original=kopa\"><em>kopa</em></a> \u2014 anger; <a href=\"/en/search/synonyms/?original=amar\u1e63a\"><em>amar\u1e63a</em></a> \u2014 vengeance; <a href=\"/en/search/synonyms/?original=\u015buc\u0101\"><em>\u015buc\u0101</em></a> \u2014 lamentation; <a href=\"/en/search/synonyms/?original=arpita\u1e25\"><em>arpita\u1e25</em></a> \u2014 being filled with; <a href=\"/en/search/synonyms/?original=jaitram\"><em>jaitram</em></a> \u2014 victorious; <a href=\"/en/search/synonyms/?original=syandanam\"><em>syandanam</em></a> \u2014 chariot; <a href=\"/en/search/synonyms/?original=\u0101sth\u0101ya\"><em>\u0101sth\u0101ya</em></a> \u2014 getting on; <a href=\"/en/search/synonyms/?original=gata\u1e25\"><em>gata\u1e25</em></a> \u2014 went; <a href=\"/en/search/synonyms/?original=pu\u1e47ya\"><em>pu\u1e47ya</em></a>-<a href=\"/en/search/synonyms/?original=jana\"><em>jana</em></a>-<a href=\"/en/search/synonyms/?original=\u0101layam\"><em>\u0101layam</em></a> \u2014 to the city of the Yak\u1e63as.</p>", "translation": "<p><strong>When Dhruva Mah\u0101r\u0101ja heard of the killing of his brother Uttama by the Yak\u1e63as in the Him\u0101laya Mountains, being overwhelmed with lamentation and anger, he got on his chariot and went out for victory over the city of the Yak\u1e63as, Alak\u0101pur\u012b.</strong></p>", "purport": "<h2 class=\"section-title\">Purport</h2>\n<div class=\"r r-lang-en r-paragraph\" id=\"bb29892\"><p>Dhruva Mah\u0101r\u0101ja\u2019s becoming angry, overwhelmed with grief, and envious of the enemies was not incompatible with his position as a great devotee. It is a misunderstanding that a devotee should not be angry, envious or overwhelmed by lamentation. Dhruva Mah\u0101r\u0101ja was the king, and when his brother was unceremoniously killed, it was his duty to take revenge against the Yak\u1e63as from the Him\u0101layas.</p></div>"}, {"verseNbr": "<h1>\u015aB 4.10.5</h1>", "sanskritText": "\u0917\u0924\u094d\u0935\u094b\u0926\u0940\u091a\u0940\u0902 \u0926\u093f\u0936\u0902 \u0930\u093e\u091c\u093e \u0930\u0941\u0926\u094d\u0930\u093e\u0928\u0941\u091a\u0930\u0938\u0947\u0935\u093f\u0924\u093e\u092e\u094d \u0964 \u0926\u0926\u0930\u094d\u0936 \u0939\u093f\u092e\u0935\u0926\u094d\u200c\u0926\u094d\u0930\u094b\u0923\u094d\u092f\u093e\u0902 \u092a\u0941\u0930\u0940\u0902 \u0917\u0941\u0939\u094d\u092f\u0915\u0938\u0919\u094d\u0915\u0941\u0932\u093e\u092e\u094d \u0965 \u096b \u0965", "englishText": "<em><i>gatvod\u012bc\u012b\u1e41 di\u015ba\u1e41 r\u0101j\u0101<br/>rudr\u0101nucara-sevit\u0101m<br/>dadar\u015ba himavad-dro\u1e47y\u0101\u1e41<br/>pur\u012b\u1e41 guhyaka-sa\u1e45kul\u0101m</i></em>", "synonyms": "<p><a href=\"/en/search/synonyms/?original=gatv\u0101\"><em>gatv\u0101</em></a> \u2014 going; <a href=\"/en/search/synonyms/?original=ud\u012bc\u012bm\"><em>ud\u012bc\u012bm</em></a> \u2014 northern; <a href=\"/en/search/synonyms/?original=di\u015bam\"><em>di\u015bam</em></a> \u2014 direction; <a href=\"/en/search/synonyms/?original=r\u0101j\u0101\"><em>r\u0101j\u0101</em></a> \u2014 King Dhruva; <a href=\"/en/search/synonyms/?original=rudra\"><em>rudra</em></a>-<a href=\"/en/search/synonyms/?original=anucara\"><em>anucara</em></a> \u2014 by followers of Rudra, Lord \u015aiva; <a href=\"/en/search/synonyms/?original=sevit\u0101m\"><em>sevit\u0101m</em></a> \u2014 inhabited; <a href=\"/en/search/synonyms/?original=dadar\u015ba\"><em>dadar\u015ba</em></a> \u2014 saw; <a href=\"/en/search/synonyms/?original=himavat\"><em>himavat</em></a> \u2014 Him\u0101layan; <a href=\"/en/search/synonyms/?original=dro\u1e47y\u0101m\"><em>dro\u1e47y\u0101m</em></a> \u2014 in a valley; <a href=\"/en/search/synonyms/?original=pur\u012bm\"><em>pur\u012bm</em></a> \u2014 a city; <a href=\"/en/search/synonyms/?original=guhyaka\"><em>guhyaka</em></a> \u2014 ghostly persons; <a href=\"/en/search/synonyms/?original=sa\u1e45kul\u0101m\"><em>sa\u1e45kul\u0101m</em></a> \u2014 full of.</p>", "translation": "<p><strong>Dhruva Mah\u0101r\u0101ja went to the northern direction of the Him\u0101layan range. In a valley he saw a city full of ghostly persons who were followers of Lord \u015aiva.</strong></p>", "purport": "<h2 class=\"section-title\">Purport</h2>\n<div class=\"r r-lang-en r-paragraph\" id=\"bb29897\"><p>In this verse it is stated that the Yak\u1e63as are more or less devotees of Lord \u015aiva. By this indication the Yak\u1e63as may be taken to be the Him\u0101layan tribes like the Tibetans.</p></div>"}, {"verseNbr": "<h1>\u015aB 4.10.6</h1>", "sanskritText": "\u0926\u0927\u094d\u092e\u094c \u0936\u0919\u094d\u0916\u0902 \u092c\u0943\u0939\u0926\u094d\u092c\u093e\u0939\u0941: \u0916\u0902 \u0926\u093f\u0936\u0936\u094d\u091a\u093e\u0928\u0941\u0928\u093e\u0926\u092f\u0928\u094d \u0964 \u092f\u0947\u0928\u094b\u0926\u094d\u0935\u093f\u0917\u094d\u0928\u0926\u200d\u0943\u0936: \u0915\u094d\u0937\u0924\u094d\u0924\u0930\u0941\u092a\u0926\u0947\u0935\u094d\u092f\u094b\u093d\u0924\u094d\u0930\u0938\u0928\u094d\u092d\u0943\u0936\u092e\u094d \u0965 \u096c \u0965", "englishText": "<em><i>dadhmau \u015ba\u1e45kha\u1e41 b\u1e5bhad-b\u0101hu\u1e25<br/>kha\u1e41 di\u015ba\u015b c\u0101nun\u0101dayan<br/>yenodvigna-d\u1e5b\u015ba\u1e25 k\u1e63attar<br/>upadevyo\u00a0\u2019trasan bh\u1e5b\u015bam</i></em>", "synonyms": "<p><a href=\"/en/search/synonyms/?original=dadhmau\"><em>dadhmau</em></a> \u2014 blew; <a href=\"/en/search/synonyms/?original=\u015ba\u1e45kham\"><em>\u015ba\u1e45kham</em></a> \u2014 conchshell; <a href=\"/en/search/synonyms/?original=b\u1e5bhat\"><em>b\u1e5bhat</em></a>-<a href=\"/en/search/synonyms/?original=b\u0101hu\u1e25\"><em>b\u0101hu\u1e25</em></a> \u2014 the mighty-armed; <a href=\"/en/search/synonyms/?original=kham\"><em>kham</em></a> \u2014 the sky; <a href=\"/en/search/synonyms/?original=di\u015ba\u1e25\"><em>di\u015ba\u1e25</em></a> <a href=\"/en/search/synonyms/?original=ca\"><em>ca</em></a> \u2014 and all directions; <a href=\"/en/search/synonyms/?original=anun\u0101dayan\"><em>anun\u0101dayan</em></a> \u2014 causing to resound; <a href=\"/en/search/synonyms/?original=yena\"><em>yena</em></a> \u2014 by which; <a href=\"/en/search/synonyms/?original=udvigna\"><em>udvigna</em></a>-<a href=\"/en/search/synonyms/?original=d\u1e5b\u015ba\u1e25\"><em>d\u1e5b\u015ba\u1e25</em></a> \u2014 appeared very anxious; <a href=\"/en/search/synonyms/?original=k\u1e63atta\u1e25\"><em>k\u1e63atta\u1e25</em></a> \u2014 my dear Vidura; <a href=\"/en/search/synonyms/?original=upadevya\u1e25\"><em>upadevya\u1e25</em></a> \u2014 the wives of the Yak\u1e63as; <a href=\"/en/search/synonyms/?original=atrasan\"><em>atrasan</em></a> \u2014 became frightened; <a href=\"/en/search/synonyms/?original=bh\u1e5b\u015bam\"><em>bh\u1e5b\u015bam</em></a> \u2014 greatly.</p>", "translation": "<p><strong>Maitreya continued: My dear Vidura, as soon as Dhruva Mah\u0101r\u0101ja reached Alak\u0101pur\u012b, he immediately blew his conchshell, and the sound reverberated throughout the entire sky and in every direction. The wives of the Yak\u1e63as became very much frightened. From their eyes it was apparent that they were full of anxiety.</strong></p>", "purport": null}, {"verseNbr": "<h1>\u015aB 4.10.7</h1>", "sanskritText": "\u0924\u0924\u094b \u0928\u093f\u0937\u094d\u0915\u094d\u0930\u092e\u094d\u092f \u092c\u0932\u093f\u0928 \u0909\u092a\u0926\u0947\u0935\u092e\u0939\u093e\u092d\u091f\u093e: \u0964 \u0905\u0938\u0939\u0928\u094d\u0924\u0938\u094d\u0924\u0928\u094d\u0928\u093f\u0928\u093e\u0926\u092e\u092d\u093f\u092a\u0947\u0924\u0941\u0930\u0941\u0926\u093e\u092f\u0941\u0927\u093e: \u0965 \u096d \u0965", "englishText": "<em><i>tato ni\u1e63kramya balina<br/>upadeva-mah\u0101-bha\u1e6d\u0101\u1e25<br/>asahantas tan-nin\u0101dam<br/>abhipetur ud\u0101yudh\u0101\u1e25</i></em>", "synonyms": "<p><a href=\"/en/search/synonyms/?original=tata\u1e25\"><em>tata\u1e25</em></a> \u2014 thereafter; <a href=\"/en/search/synonyms/?original=ni\u1e63kramya\"><em>ni\u1e63kramya</em></a> \u2014 coming out; <a href=\"/en/search/synonyms/?original=balina\u1e25\"><em>balina\u1e25</em></a> \u2014 very powerful; <a href=\"/en/search/synonyms/?original=upadeva\"><em>upadeva</em></a> \u2014 of Kuvera; <a href=\"/en/search/synonyms/?original=mah\u0101\"><em>mah\u0101</em></a>-<a href=\"/en/search/synonyms/?original=bha\u1e6d\u0101\u1e25\"><em>bha\u1e6d\u0101\u1e25</em></a> \u2014 great soldiers; <a href=\"/en/search/synonyms/?original=asahanta\u1e25\"><em>asahanta\u1e25</em></a> \u2014 unable to tolerate; <a href=\"/en/search/synonyms/?original=tat\"><em>tat</em></a> \u2014 of the conchshell; <a href=\"/en/search/synonyms/?original=nin\u0101dam\"><em>nin\u0101dam</em></a> \u2014 sound; <a href=\"/en/search/synonyms/?original=abhipetu\u1e25\"><em>abhipetu\u1e25</em></a> \u2014 attacked; <a href=\"/en/search/synonyms/?original=ud\u0101yudh\u0101\u1e25\"><em>ud\u0101yudh\u0101\u1e25</em></a> \u2014 equipped with various weapons.</p>", "translation": "<p><strong>O hero Vidura, the greatly powerful heroes of the Yak\u1e63as, unable to tolerate the resounding vibration of the conchshell of Dhruva Mah\u0101r\u0101ja, came forth from their city with weapons and attacked Dhruva.</strong></p>", "purport": null}, {"verseNbr": "<h1>\u015aB 4.10.8</h1>", "sanskritText": "\u0938 \u0924\u093e\u0928\u093e\u092a\u0924\u0924\u094b \u0935\u0940\u0930 \u0909\u0917\u094d\u0930\u0927\u0928\u094d\u0935\u093e \u092e\u0939\u093e\u0930\u0925: \u0964 \u090f\u0915\u0948\u0915\u0902 \u092f\u0941\u0917\u092a\u0924\u094d\u0938\u0930\u094d\u0935\u093e\u0928\u0939\u0928\u094d \u092c\u093e\u0923\u0948\u0938\u094d\u0924\u094d\u0930\u093f\u092d\u093f\u0938\u094d\u0924\u094d\u0930\u093f\u092d\u093f: \u0965 \u096e \u0965", "englishText": "<em><i>sa t\u0101n \u0101patato v\u012bra<br/>ugra-dhanv\u0101 mah\u0101-ratha\u1e25<br/>ekaika\u1e41 yugapat sarv\u0101n<br/>ahan b\u0101\u1e47ais tribhis tribhi\u1e25</i></em>", "synonyms": "<p><a href=\"/en/search/synonyms/?original=sa\u1e25\"><em>sa\u1e25</em></a> \u2014 Dhruva Mah\u0101r\u0101ja; <a href=\"/en/search/synonyms/?original=t\u0101n\"><em>t\u0101n</em></a> \u2014 all of them; <a href=\"/en/search/synonyms/?original=\u0101patata\u1e25\"><em>\u0101patata\u1e25</em></a> \u2014 falling upon him; <a href=\"/en/search/synonyms/?original=v\u012bra\u1e25\"><em>v\u012bra\u1e25</em></a> \u2014 hero; <a href=\"/en/search/synonyms/?original=ugra\"><em>ugra</em></a>-<a href=\"/en/search/synonyms/?original=dhanv\u0101\"><em>dhanv\u0101</em></a> \u2014 powerful bowman; <a href=\"/en/search/synonyms/?original=mah\u0101\"><em>mah\u0101</em></a>-<a href=\"/en/search/synonyms/?original=ratha\u1e25\"><em>ratha\u1e25</em></a> \u2014 who could fight with many chariots; <a href=\"/en/search/synonyms/?original=eka\"><em>eka</em></a>-<a href=\"/en/search/synonyms/?original=ekam\"><em>ekam</em></a> \u2014 one after another; <a href=\"/en/search/synonyms/?original=yugapat\"><em>yugapat</em></a> \u2014 simultaneously; <a href=\"/en/search/synonyms/?original=sarv\u0101n\"><em>sarv\u0101n</em></a> \u2014 all of them; <a href=\"/en/search/synonyms/?original=ahan\"><em>ahan</em></a> \u2014 killed; <a href=\"/en/search/synonyms/?original=b\u0101\u1e47ai\u1e25\"><em>b\u0101\u1e47ai\u1e25</em></a> \u2014 by arrows; <a href=\"/en/search/synonyms/?original=tribhi\u1e25\"><em>tribhi\u1e25</em></a> <a href=\"/en/search/synonyms/?original=tribhi\u1e25\"><em>tribhi\u1e25</em></a> \u2014 by threes.</p>", "translation": "<p><strong>Dhruva Mah\u0101r\u0101ja, who was a great charioteer and certainly a great bowman also, immediately began to kill them by simultaneously discharging arrows three at a time.</strong></p>", "purport": null}, {"verseNbr": "<h1>\u015aB 4.10.9</h1>", "sanskritText": "\u0924\u0947 \u0935\u0948 \u0932\u0932\u093e\u091f\u0932\u0917\u094d\u0928\u0948\u0938\u094d\u0924\u0948\u0930\u093f\u0937\u0941\u092d\u093f: \u0938\u0930\u094d\u0935 \u090f\u0935 \u0939\u093f \u0964 \u092e\u0924\u094d\u0935\u093e \u0928\u093f\u0930\u0938\u094d\u0924\u092e\u093e\u0924\u094d\u092e\u093e\u0928\u092e\u093e\u0936\u0902\u0938\u0928\u094d \u0915\u0930\u094d\u092e \u0924\u0938\u094d\u092f \u0924\u0924\u094d \u0965 \u096f \u0965", "englishText": "<em><i>te vai lal\u0101\u1e6da-lagnais tair<br/>i\u1e63ubhi\u1e25 sarva eva hi<br/>matv\u0101 nirastam \u0101tm\u0101nam<br/>\u0101\u015ba\u1e41san karma tasya tat</i></em>", "synonyms": "<p><a href=\"/en/search/synonyms/?original=te\"><em>te</em></a> \u2014 they; <a href=\"/en/search/synonyms/?original=vai\"><em>vai</em></a> \u2014 certainly; <a href=\"/en/search/synonyms/?original=lal\u0101\u1e6da\"><em>lal\u0101\u1e6da</em></a>-<a href=\"/en/search/synonyms/?original=lagnai\u1e25\"><em>lagnai\u1e25</em></a> \u2014 intent upon their heads; <a href=\"/en/search/synonyms/?original=tai\u1e25\"><em>tai\u1e25</em></a> \u2014 by those; <a href=\"/en/search/synonyms/?original=i\u1e63ubhi\u1e25\"><em>i\u1e63ubhi\u1e25</em></a> \u2014 arrows; <a href=\"/en/search/synonyms/?original=sarve\"><em>sarve</em></a> \u2014 all of them; <a href=\"/en/search/synonyms/?original=eva\"><em>eva</em></a> \u2014 certainly; <a href=\"/en/search/synonyms/?original=hi\"><em>hi</em></a> \u2014 without fail; <a href=\"/en/search/synonyms/?original=matv\u0101\"><em>matv\u0101</em></a> \u2014 thinking; <a href=\"/en/search/synonyms/?original=nirastam\"><em>nirastam</em></a> \u2014 defeated; <a href=\"/en/search/synonyms/?original=\u0101tm\u0101nam\"><em>\u0101tm\u0101nam</em></a> \u2014 themselves; <a href=\"/en/search/synonyms/?original=\u0101\u015ba\u1e41san\"><em>\u0101\u015ba\u1e41san</em></a> \u2014 praised; <a href=\"/en/search/synonyms/?original=karma\"><em>karma</em></a> \u2014 action; <a href=\"/en/search/synonyms/?original=tasya\"><em>tasya</em></a> \u2014 of him; <a href=\"/en/search/synonyms/?original=tat\"><em>tat</em></a> \u2014 that.</p>", "translation": "<p><strong>When the heroes of the Yak\u1e63as saw that all their heads were being thus threatened by Dhruva Mah\u0101r\u0101ja, they could very easily understand their awkward position, and they concluded that they would certainly be defeated. But, as heroes, they lauded the action of Dhruva.</strong></p>", "purport": "<h2 class=\"section-title\">Purport</h2>\n<div class=\"r r-lang-en r-paragraph\" id=\"bb29914\"><p>This spirit of fighting in a sporting attitude is very significant in this verse. The Yak\u1e63as were severely attacked. Dhruva Mah\u0101r\u0101ja was their enemy, but still, upon witnessing the wonderful, heroic acts of Mah\u0101r\u0101ja Dhruva, they were very pleased with him. This straightforward appreciation of an enemy\u2019s prowess is a characteristic of real <i>k\u1e63atriya</i> spirit.</p></div>"}, {"verseNbr": "<h1>\u015aB 4.10.10</h1>", "sanskritText": "\u0924\u0947\u093d\u092a\u093f \u091a\u093e\u092e\u0941\u092e\u092e\u0943\u0937\u094d\u092f\u0928\u094d\u0924: \u092a\u093e\u0926\u0938\u094d\u092a\u0930\u094d\u0936\u092e\u093f\u0935\u094b\u0930\u0917\u093e: \u0964 \u0936\u0930\u0948\u0930\u0935\u093f\u0927\u094d\u092f\u0928\u094d \u092f\u0941\u0917\u092a\u0926\u094d \u0926\u094d\u0935\u093f\u0917\u0941\u0923\u0902 \u092a\u094d\u0930\u091a\u093f\u0915\u0940\u0930\u094d\u0937\u0935: \u0965 \u0967\u0966 \u0965", "englishText": "<em><i>te\u00a0\u2019pi c\u0101mum am\u1e5b\u1e63yanta\u1e25<br/>p\u0101da-spar\u015bam ivorag\u0101\u1e25<br/>\u015barair avidhyan yugapad<br/>dvi-gu\u1e47a\u1e41 pracik\u012br\u1e63ava\u1e25</i></em>", "synonyms": "<p><a href=\"/en/search/synonyms/?original=te\"><em>te</em></a> \u2014 the Yak\u1e63as; <a href=\"/en/search/synonyms/?original=api\"><em>api</em></a> \u2014 also; <a href=\"/en/search/synonyms/?original=ca\"><em>ca</em></a> \u2014 and; <a href=\"/en/search/synonyms/?original=amum\"><em>amum</em></a> \u2014 at Dhruva; <a href=\"/en/search/synonyms/?original=am\u1e5b\u1e63yanta\u1e25\"><em>am\u1e5b\u1e63yanta\u1e25</em></a> \u2014 being intolerant of; <a href=\"/en/search/synonyms/?original=p\u0101da\"><em>p\u0101da</em></a>-<a href=\"/en/search/synonyms/?original=spar\u015bam\"><em>spar\u015bam</em></a> \u2014 being touched by the feet; <a href=\"/en/search/synonyms/?original=iva\"><em>iva</em></a> \u2014 like; <a href=\"/en/search/synonyms/?original=urag\u0101\u1e25\"><em>urag\u0101\u1e25</em></a> \u2014 serpents; <a href=\"/en/search/synonyms/?original=\u015barai\u1e25\"><em>\u015barai\u1e25</em></a> \u2014 with arrows; <a href=\"/en/search/synonyms/?original=avidhyan\"><em>avidhyan</em></a> \u2014 struck; <a href=\"/en/search/synonyms/?original=yugapat\"><em>yugapat</em></a> \u2014 simultaneously; <a href=\"/en/search/synonyms/?original=dvi\"><em>dvi</em></a>-<a href=\"/en/search/synonyms/?original=gu\u1e47am\"><em>gu\u1e47am</em></a> \u2014 twice as much; <a href=\"/en/search/synonyms/?original=pracik\u012br\u1e63ava\u1e25\"><em>pracik\u012br\u1e63ava\u1e25</em></a> \u2014 trying to retaliate.</p>", "translation": "<p><strong>Just like serpents, who cannot tolerate being trampled upon by anyone\u2019s feet, the Yak\u1e63as, being intolerant of the wonderful prowess of Dhruva Mah\u0101r\u0101ja, threw twice as many arrows \u2014 six from each of their soldiers \u2014 and thus they very valiantly exhibited their prowess.</strong></p>", "purport": null}, {"verseNbr": "<h1>\u015aB 4.10.11-12</h1>", "sanskritText": "\u0924\u0924: \u092a\u0930\u093f\u0918\u0928\u093f\u0938\u094d\u0924\u094d\u0930\u093f\u0902\u0936\u0948: \u092a\u094d\u0930\u093e\u0938\u0936\u0942\u0932\u092a\u0930\u0936\u094d\u0935\u0927\u0948: \u0964 \u0936\u0915\u094d\u0924\u094d\u092f\u0943\u0937\u094d\u091f\u093f\u092d\u093f\u0930\u094d\u092d\u0941\u0936\u0941\u0923\u094d\u0921\u0940\u092d\u093f\u0936\u094d\u091a\u093f\u0924\u094d\u0930\u0935\u093e\u091c\u0948: \u0936\u0930\u0948\u0930\u092a\u093f \u0965 \u0967\u0967 \u0965 \u0905\u092d\u094d\u092f\u0935\u0930\u094d\u0937\u0928\u094d \u092a\u094d\u0930\u0915\u0941\u092a\u093f\u0924\u093e: \u0938\u0930\u0925\u0902 \u0938\u0939\u0938\u093e\u0930\u0925\u093f\u092e\u094d \u0964 \u0907\u091a\u094d\u091b\u0928\u094d\u0924\u0938\u094d\u0924\u0924\u094d\u092a\u094d\u0930\u0924\u0940\u0915\u0930\u094d\u0924\u0941\u092e\u092f\u0941\u0924\u093e\u0928\u093e\u0902 \u0924\u094d\u0930\u092f\u094b\u0926\u0936 \u0965 \u0967\u0968 \u0965", "englishText": "<em><i>tata\u1e25 parigha-nistri\u1e41\u015bai\u1e25<br/>pr\u0101sa\u015b\u016bla-para\u015bvadhai\u1e25<br/>\u015bakty-\u1e5b\u1e63\u1e6dibhir bhu\u015bu\u1e47\u1e0d\u012bbhi\u015b<br/>citra-v\u0101jai\u1e25 \u015barair api</i></em>", "synonyms": "<p><a href=\"/en/search/synonyms/?original=tata\u1e25\"><em>tata\u1e25</em></a> \u2014 thereupon; <a href=\"/en/search/synonyms/?original=parigha\"><em>parigha</em></a> \u2014 with iron bludgeons; <a href=\"/en/search/synonyms/?original=nistri\u1e41\u015bai\u1e25\"><em>nistri\u1e41\u015bai\u1e25</em></a> \u2014 and swords; <a href=\"/en/search/synonyms/?original=pr\u0101sa\"><em>pr\u0101sa</em></a>-<a href=\"/en/search/synonyms/?original=\u015b\u016bla\"><em>\u015b\u016bla</em></a> \u2014 with tridents; <a href=\"/en/search/synonyms/?original=para\u015bvadhai\u1e25\"><em>para\u015bvadhai\u1e25</em></a> \u2014 and lances; <a href=\"/en/search/synonyms/?original=\u015bakti\"><em>\u015bakti</em></a> \u2014 with pikes; <a href=\"/en/search/synonyms/?original=\u1e5b\u1e63\u1e6dibhi\u1e25\"><em>\u1e5b\u1e63\u1e6dibhi\u1e25</em></a> \u2014 and spears; <a href=\"/en/search/synonyms/?original=bhu\u015bu\u1e47\u1e0d\u012bbhi\u1e25\"><em>bhu\u015bu\u1e47\u1e0d\u012bbhi\u1e25</em></a> \u2014 with <em>bhu\u015bu\u1e47\u1e0d\u012b</em> weapons; <a href=\"/en/search/synonyms/?original=citra\"><em>citra</em></a>-<a href=\"/en/search/synonyms/?original=v\u0101jai\u1e25\"><em>v\u0101jai\u1e25</em></a> \u2014 having various feathers; <a href=\"/en/search/synonyms/?original=\u015barai\u1e25\"><em>\u015barai\u1e25</em></a> \u2014 with arrows; <a href=\"/en/search/synonyms/?original=api\"><em>api</em></a> \u2014 also; <a href=\"/en/search/synonyms/?original=abhyavar\u1e63an\"><em>abhyavar\u1e63an</em></a> \u2014 they showered Dhruva; <a href=\"/en/search/synonyms/?original=prakupit\u0101\u1e25\"><em>prakupit\u0101\u1e25</em></a> \u2014 being angry; <a href=\"/en/search/synonyms/?original=sa\"><em>sa</em></a>-<a href=\"/en/search/synonyms/?original=ratham\"><em>ratham</em></a> \u2014 along with his chariot; <a href=\"/en/search/synonyms/?original=saha\"><em>saha</em></a>-<a href=\"/en/search/synonyms/?original=s\u0101rathim\"><em>s\u0101rathim</em></a> \u2014 along with his charioteer; <a href=\"/en/search/synonyms/?original=icchanta\u1e25\"><em>icchanta\u1e25</em></a> \u2014 desiring; <a href=\"/en/search/synonyms/?original=tat\"><em>tat</em></a> \u2014 Dhruva\u2019s activities; <a href=\"/en/search/synonyms/?original=prat\u012bkartum\"><em>prat\u012bkartum</em></a> \u2014 to counteract; <a href=\"/en/search/synonyms/?original=ayut\u0101n\u0101m\"><em>ayut\u0101n\u0101m</em></a> \u2014 of ten-thousands; <a href=\"/en/search/synonyms/?original=trayoda\u015ba\"><em>trayoda\u015ba</em></a> \u2014 thirteen.</p>", "translation": "<p><strong>The Yak\u1e63a soldiers were 130,000 strong, all greatly angry and all desiring to defeat the wonderful activities of Dhruva Mah\u0101r\u0101ja. With full strength they showered upon Mah\u0101r\u0101ja Dhruva, along with his chariot and charioteer, various types of feathered arrows, parighas [iron bludgeons], nistri\u1e41\u015bas [swords], pr\u0101sa\u015b\u016blas [tridents], para\u015bvadhas [lances], \u015baktis [pikes], \u1e5b\u1e63\u1e6dis [spears] and bhu\u015bu\u1e47\u1e0d\u012b weapons.</strong></p>", "purport": null}, {"verseNbr": "<h1>\u015aB 4.10.13</h1>", "sanskritText": "\u0914\u0924\u094d\u0924\u093e\u0928\u092a\u093e\u0926\u093f: \u0938 \u0924\u0926\u093e \u0936\u0938\u094d\u0924\u094d\u0930\u0935\u0930\u094d\u0937\u0947\u0923 \u092d\u0942\u0930\u093f\u0923\u093e \u0964<br/>\u0928 \u090f\u0935\u093e\u0926\u200d\u0943\u0936\u094d\u092f\u0924\u093e\u091a\u094d\u091b\u0928\u094d\u0928 \u0906\u0938\u093e\u0930\u0947\u0923 \u092f\u0925\u093e \u0917\u093f\u0930\u093f: \u0965 \u0967\u0969 \u0965", "englishText": "<em><i>autt\u0101nap\u0101di\u1e25 sa tad\u0101<br/>\u015bastra-var\u1e63e\u1e47a bh\u016bri\u1e47\u0101<br/>na ev\u0101d\u1e5b\u015byat\u0101cchanna<br/>\u0101s\u0101re\u1e47a yath\u0101 giri\u1e25</i></em>", "synonyms": "<p><a href=\"/en/search/synonyms/?original=autt\u0101nap\u0101di\u1e25\"><em>autt\u0101nap\u0101di\u1e25</em></a> \u2014 Dhruva Mah\u0101r\u0101ja; <a href=\"/en/search/synonyms/?original=sa\u1e25\"><em>sa\u1e25</em></a> \u2014 he; <a href=\"/en/search/synonyms/?original=tad\u0101\"><em>tad\u0101</em></a> \u2014 at that time; <a href=\"/en/search/synonyms/?original=\u015bastra\"><em>\u015bastra</em></a>-<a href=\"/en/search/synonyms/?original=var\u1e63e\u1e47a\"><em>var\u1e63e\u1e47a</em></a> \u2014 by a shower of weapons; <a href=\"/en/search/synonyms/?original=bh\u016bri\u1e47\u0101\"><em>bh\u016bri\u1e47\u0101</em></a> \u2014 incessant; <a href=\"/en/search/synonyms/?original=na\"><em>na</em></a> \u2014 not; <a href=\"/en/search/synonyms/?original=eva\"><em>eva</em></a> \u2014 certainly; <a href=\"/en/search/synonyms/?original=ad\u1e5b\u015byata\"><em>ad\u1e5b\u015byata</em></a> \u2014 was visible; <a href=\"/en/search/synonyms/?original=\u0101cchanna\u1e25\"><em>\u0101cchanna\u1e25</em></a> \u2014 being covered; <a href=\"/en/search/synonyms/?original=\u0101s\u0101re\u1e47a\"><em>\u0101s\u0101re\u1e47a</em></a> \u2014 by constant rainfall; <a href=\"/en/search/synonyms/?original=yath\u0101\"><em>yath\u0101</em></a> \u2014 as; <a href=\"/en/search/synonyms/?original=giri\u1e25\"><em>giri\u1e25</em></a> \u2014 a mountain.</p>", "translation": "<p><strong>Dhruva Mah\u0101r\u0101ja was completely covered by an incessant shower of weapons, just as a mountain is covered by incessant rainfall.</strong></p>", "purport": "<h2 class=\"section-title\">Purport</h2>\n<div class=\"r r-lang-en r-paragraph\" id=\"bb29928\"><p>\u015ar\u012bla Vi\u015bvan\u0101tha Cakravart\u012b \u1e6ch\u0101kura points out in this connection that although Dhruva Mah\u0101r\u0101ja was covered by the incessant arrows of the enemy, this does not mean that he succumbed in the battle. The example of a mountain peak\u2019s being covered by incessant rain is just suitable, for when a mountain is covered by incessant rain, all dirty things are washed from the body of the mountain. Similarly, the incessant shower of arrows from the enemy gave Dhruva Mah\u0101r\u0101ja new vigor to defeat them. In other words, whatever incompetency he might have had was washed away.</p></div>"}, {"verseNbr": "<h1>\u015aB 4.10.14</h1>", "sanskritText": "\u0939\u093e\u0939\u093e\u0915\u093e\u0930\u0938\u094d\u0924\u0926\u0948\u0935\u093e\u0938\u0940\u0924\u094d\u0938\u093f\u0926\u094d\u0927\u093e\u0928\u093e\u0902 \u0926\u093f\u0935\u093f \u092a\u0936\u094d\u092f\u0924\u093e\u092e\u094d \u0964<br/>\u0939\u0924\u094b\u093d\u092f\u0902 \u092e\u093e\u0928\u0935: \u0938\u0942\u0930\u094d\u092f\u094b \u092e\u0917\u094d\u0928: \u092a\u0941\u0923\u094d\u092f\u091c\u0928\u093e\u0930\u094d\u0923\u0935\u0947 \u0965 \u0967\u096a \u0965", "englishText": "<em><i>h\u0101h\u0101-k\u0101ras tadaiv\u0101s\u012bt<br/>siddh\u0101n\u0101\u1e41 divi pa\u015byat\u0101m<br/>hato\u00a0\u2019ya\u1e41 m\u0101nava\u1e25 s\u016bryo<br/>magna\u1e25 pu\u1e47ya-jan\u0101r\u1e47ave</i></em>", "synonyms": "<p><a href=\"/en/search/synonyms/?original=h\u0101h\u0101\"><em>h\u0101h\u0101</em></a>-<a href=\"/en/search/synonyms/?original=k\u0101ra\u1e25\"><em>k\u0101ra\u1e25</em></a> \u2014 tumult of disappointment; <a href=\"/en/search/synonyms/?original=tad\u0101\"><em>tad\u0101</em></a> \u2014 at that time; <a href=\"/en/search/synonyms/?original=eva\"><em>eva</em></a> \u2014 certainly; <a href=\"/en/search/synonyms/?original=\u0101s\u012bt\"><em>\u0101s\u012bt</em></a> \u2014 became manifest; <a href=\"/en/search/synonyms/?original=siddh\u0101n\u0101m\"><em>siddh\u0101n\u0101m</em></a> \u2014 of all the residents of Siddhaloka; <a href=\"/en/search/synonyms/?original=divi\"><em>divi</em></a> \u2014 in the sky; <a href=\"/en/search/synonyms/?original=pa\u015byat\u0101m\"><em>pa\u015byat\u0101m</em></a> \u2014 who were observing the fight; <a href=\"/en/search/synonyms/?original=hata\u1e25\"><em>hata\u1e25</em></a> \u2014 killed; <a href=\"/en/search/synonyms/?original=ayam\"><em>ayam</em></a> \u2014 this; <a href=\"/en/search/synonyms/?original=m\u0101nava\u1e25\"><em>m\u0101nava\u1e25</em></a> \u2014 grandson of Manu; <a href=\"/en/search/synonyms/?original=s\u016brya\u1e25\"><em>s\u016brya\u1e25</em></a> \u2014 sun; <a href=\"/en/search/synonyms/?original=magna\u1e25\"><em>magna\u1e25</em></a> \u2014 set; <a href=\"/en/search/synonyms/?original=pu\u1e47ya\"><em>pu\u1e47ya</em></a>-<a href=\"/en/search/synonyms/?original=jana\"><em>jana</em></a> \u2014 of the Yak\u1e63as; <a href=\"/en/search/synonyms/?original=ar\u1e47ave\"><em>ar\u1e47ave</em></a> \u2014 in the ocean.</p>", "translation": "<p><strong>All the Siddhas from the higher planetary systems were observing the fight from the sky, and when they saw that Dhruva Mah\u0101r\u0101ja had been covered by the incessant arrows of the enemy, they roared tumultuously, \u201cThe grandson of Manu, Dhruva, is now lost!\u201d They cried that Dhruva Mah\u0101r\u0101ja was just like the sun and that now he had set within the ocean of the Yak\u1e63as.</strong></p>", "purport": "<h2 class=\"section-title\">Purport</h2>\n<div class=\"r r-lang-en r-paragraph\" id=\"bb29933\"><p>In this verse the word <i>m\u0101nava</i> is very significant. Generally this word is used to mean \u201chuman being.\u201d Dhruva Mah\u0101r\u0101ja is also described here as <i>m\u0101nava.</i> Not only is Dhruva Mah\u0101r\u0101ja a descendant of Manu, but all human society descends from Manu. According to Vedic civilization, Manu is the lawgiver. Even today Hindus in India follow the laws given by Manu. Therefore everyone in human society is a <i>m\u0101nava,</i> or descendant from Manu, but Dhruva Mah\u0101r\u0101ja is a distinguished <i>m\u0101nava</i> because he is a great devotee.</p></div>\n<div class=\"r r-lang-en r-paragraph\" id=\"bb29934\"><p>The denizens of the planet Siddhaloka, where the residents can fly in the sky without airplanes, were anxious over Dhruva Mah\u0101r\u0101ja\u2019s welfare in the battlefield. \u015ar\u012bla R\u016bpa Gosv\u0101m\u012b says, therefore, that not only is a devotee well protected by the Supreme Lord, but all the demigods, and even ordinary men, are anxious for his security and safety. The comparison given here that Dhruva Mah\u0101r\u0101ja appeared to merge in the ocean of the Yak\u1e63as is also significant. When the sun sets on the horizon, it appears that the sun drowns in the ocean, but factually the sun has no difficulty. Similarly, although Dhruva appeared to drown in the ocean of the Yak\u1e63as, he had no difficulty. As the sun rises again in due course at the end of night, so Dhruva Mah\u0101r\u0101ja, although he might have been in difficulty (because, after all, it was a fight, and in any fighting activities there are reverses), that did not mean that he was defeated.</p></div>"}, {"verseNbr": "<h1>\u015aB 4.10.15</h1>", "sanskritText": "\u0928\u0926\u0924\u094d\u0938\u0941 \u092f\u093e\u0924\u0941\u0927\u093e\u0928\u0947\u0937\u0941 \u091c\u092f\u0915\u093e\u0936\u093f\u0937\u094d\u0935\u0925\u094b \u092e\u0943\u0927\u0947 \u0964<br/>\u0909\u0926\u0924\u093f\u0937\u094d\u0920\u0926\u094d\u0930\u0925\u0938\u094d\u0924\u0938\u094d\u092f \u0928\u0940\u0939\u093e\u0930\u093e\u0926\u093f\u0935 \u092d\u093e\u0938\u094d\u0915\u0930: \u0965 \u0967\u096b \u0965", "englishText": "<em><i>nadatsu y\u0101tudh\u0101ne\u1e63u<br/>jaya-k\u0101\u015bi\u1e63v atho m\u1e5bdhe<br/>udati\u1e63\u1e6dhad rathas tasya<br/>n\u012bh\u0101r\u0101d iva bh\u0101skara\u1e25</i></em>", "synonyms": "<p><a href=\"/en/search/synonyms/?original=nadatsu\"><em>nadatsu</em></a> \u2014 while exclaiming; <a href=\"/en/search/synonyms/?original=y\u0101tudh\u0101ne\u1e63u\"><em>y\u0101tudh\u0101ne\u1e63u</em></a> \u2014 the ghostly Yak\u1e63as; <a href=\"/en/search/synonyms/?original=jaya\"><em>jaya</em></a>-<a href=\"/en/search/synonyms/?original=k\u0101\u015bi\u1e63u\"><em>k\u0101\u015bi\u1e63u</em></a> \u2014 proclaiming victory; <a href=\"/en/search/synonyms/?original=atho\"><em>atho</em></a> \u2014 then; <a href=\"/en/search/synonyms/?original=m\u1e5bdhe\"><em>m\u1e5bdhe</em></a> \u2014 in the fighting; <a href=\"/en/search/synonyms/?original=udati\u1e63\u1e6dhat\"><em>udati\u1e63\u1e6dhat</em></a> \u2014 appeared; <a href=\"/en/search/synonyms/?original=ratha\u1e25\"><em>ratha\u1e25</em></a> \u2014 the chariot; <a href=\"/en/search/synonyms/?original=tasya\"><em>tasya</em></a> \u2014 of Dhruva Mah\u0101r\u0101ja; <a href=\"/en/search/synonyms/?original=n\u012bh\u0101r\u0101t\"><em>n\u012bh\u0101r\u0101t</em></a> \u2014 from the mist; <a href=\"/en/search/synonyms/?original=iva\"><em>iva</em></a> \u2014 like; <a href=\"/en/search/synonyms/?original=bh\u0101skara\u1e25\"><em>bh\u0101skara\u1e25</em></a> \u2014 the sun.</p>", "translation": "<p><strong>The Yak\u1e63as, being temporarily victorious, exclaimed that they had conquered Dhruva Mah\u0101r\u0101ja. But in the meantime Dhruva\u2019s chariot suddenly appeared, just as the sun suddenly appears from within foggy mist.</strong></p>", "purport": "<h2 class=\"section-title\">Purport</h2>\n<div class=\"r r-lang-en r-paragraph\" id=\"bb29939\"><p>Here Dhruva Mah\u0101r\u0101ja is compared to the sun and the great assembly of the Yak\u1e63as to foggy mist. Fog is insignificant in comparison with the sun. Although the sun is sometimes seen to be covered by fog, in fact the sun cannot be covered by anything. Our eyes may be covered by a cloud, but the sun is never covered. By this comparison to the sun, the greatness of Dhruva Mah\u0101r\u0101ja in all circumstances is affirmed.</p></div>"}, {"verseNbr": "<h1>\u015aB 4.10.16</h1>", "sanskritText": "\u0927\u0928\u0941\u0930\u094d\u0935\u093f\u0938\u094d\u092b\u0942\u0930\u094d\u091c\u092f\u0928\u094d\u0926\u093f\u0935\u094d\u092f\u0902 \u0926\u094d\u0935\u093f\u0937\u0924\u093e\u0902 \u0916\u0947\u0926\u092e\u0941\u0926\u094d\u0935\u0939\u0928\u094d \u0964<br/>\u0905\u0938\u094d\u0924\u094d\u0930\u094c\u0918\u0902 \u0935\u094d\u092f\u0927\u092e\u0926\u094d\u092c\u093e\u0923\u0948\u0930\u094d\u0918\u0928\u093e\u0928\u0940\u0915\u092e\u093f\u0935\u093e\u0928\u093f\u0932: \u0965 \u0967\u096c \u0965", "englishText": "<em><i>dhanur visph\u016brjayan divya\u1e41<br/>dvi\u1e63at\u0101\u1e41 khedam udvahan<br/>astraugha\u1e41 vyadhamad b\u0101\u1e47air<br/>ghan\u0101n\u012bkam iv\u0101nila\u1e25</i></em>", "synonyms": "<p><a href=\"/en/search/synonyms/?original=dhanu\u1e25\"><em>dhanu\u1e25</em></a> \u2014 his bow; <a href=\"/en/search/synonyms/?original=visph\u016brjayan\"><em>visph\u016brjayan</em></a> \u2014 twanging; <a href=\"/en/search/synonyms/?original=divyam\"><em>divyam</em></a> \u2014 wonderful; <a href=\"/en/search/synonyms/?original=dvi\u1e63at\u0101m\"><em>dvi\u1e63at\u0101m</em></a> \u2014 of the enemies; <a href=\"/en/search/synonyms/?original=khedam\"><em>khedam</em></a> \u2014 lamentation; <a href=\"/en/search/synonyms/?original=udvahan\"><em>udvahan</em></a> \u2014 creating; <a href=\"/en/search/synonyms/?original=astra\"><em>astra</em></a>-<a href=\"/en/search/synonyms/?original=ogham\"><em>ogham</em></a> \u2014 different types of weapons; <a href=\"/en/search/synonyms/?original=vyadhamat\"><em>vyadhamat</em></a> \u2014 he scattered; <a href=\"/en/search/synonyms/?original=b\u0101\u1e47ai\u1e25\"><em>b\u0101\u1e47ai\u1e25</em></a> \u2014 with his arrows; <a href=\"/en/search/synonyms/?original=ghana\"><em>ghana</em></a> \u2014 of clouds; <a href=\"/en/search/synonyms/?original=an\u012bkam\"><em>an\u012bkam</em></a> \u2014 an army; <a href=\"/en/search/synonyms/?original=iva\"><em>iva</em></a> \u2014 like; <a href=\"/en/search/synonyms/?original=anila\u1e25\"><em>anila\u1e25</em></a> \u2014 the wind.</p>", "translation": "<p><strong>Dhruva Mah\u0101r\u0101ja\u2019s bow and arrows twanged and hissed, causing lamentation in the hearts of his enemies. He began to shoot incessant arrows, shattering all their different weapons, just as the blasting wind scatters the assembled clouds in the sky.</strong></p>", "purport": null}, {"verseNbr": "<h1>\u015aB 4.10.17</h1>", "sanskritText": "\u0924\u0938\u094d\u092f \u0924\u0947 \u091a\u093e\u092a\u0928\u093f\u0930\u094d\u092e\u0941\u0915\u094d\u0924\u093e \u092d\u093f\u0924\u094d\u0924\u094d\u0935\u093e \u0935\u0930\u094d\u092e\u093e\u0923\u093f \u0930\u0915\u094d\u0937\u0938\u093e\u092e\u094d \u0964<br/>\u0915\u093e\u092f\u093e\u0928\u093e\u0935\u093f\u0935\u093f\u0936\u0941\u0938\u094d\u0924\u093f\u0917\u094d\u092e\u093e \u0917\u093f\u0930\u0940\u0928\u0936\u0928\u092f\u094b \u092f\u0925\u093e \u0965 \u0967\u096d \u0965", "englishText": "<em><i>tasya te c\u0101pa-nirmukt\u0101<br/>bhittv\u0101 varm\u0101\u1e47i rak\u1e63as\u0101m<br/>k\u0101y\u0101n \u0101vivi\u015bus tigm\u0101<br/>gir\u012bn a\u015banayo yath\u0101</i></em>", "synonyms": "<p><a href=\"/en/search/synonyms/?original=tasya\"><em>tasya</em></a> \u2014 of Dhruva; <a href=\"/en/search/synonyms/?original=te\"><em>te</em></a> \u2014 those arrows; <a href=\"/en/search/synonyms/?original=c\u0101pa\"><em>c\u0101pa</em></a> \u2014 from the bow; <a href=\"/en/search/synonyms/?original=nirmukt\u0101\u1e25\"><em>nirmukt\u0101\u1e25</em></a> \u2014 released; <a href=\"/en/search/synonyms/?original=bhittv\u0101\"><em>bhittv\u0101</em></a> \u2014 having pierced; <a href=\"/en/search/synonyms/?original=varm\u0101\u1e47i\"><em>varm\u0101\u1e47i</em></a> \u2014 shields; <a href=\"/en/search/synonyms/?original=rak\u1e63as\u0101m\"><em>rak\u1e63as\u0101m</em></a> \u2014 of the demons; <a href=\"/en/search/synonyms/?original=k\u0101y\u0101n\"><em>k\u0101y\u0101n</em></a> \u2014 bodies; <a href=\"/en/search/synonyms/?original=\u0101vivi\u015bu\u1e25\"><em>\u0101vivi\u015bu\u1e25</em></a> \u2014 entered; <a href=\"/en/search/synonyms/?original=tigm\u0101\u1e25\"><em>tigm\u0101\u1e25</em></a> \u2014 sharp; <a href=\"/en/search/synonyms/?original=gir\u012bn\"><em>gir\u012bn</em></a> \u2014 mountains; <a href=\"/en/search/synonyms/?original=a\u015banaya\u1e25\"><em>a\u015banaya\u1e25</em></a> \u2014 thunderbolts; <a href=\"/en/search/synonyms/?original=yath\u0101\"><em>yath\u0101</em></a> \u2014 just like.</p>", "translation": "<p><strong>The sharp arrows released from the bow of Dhruva Mah\u0101r\u0101ja pierced the shields and bodies of the enemy, like the thunderbolts released by the King of heaven, which dismantle the bodies of the mountains.</strong></p>", "purport": null}, {"verseNbr": "<h1>\u015aB 4.10.18-19</h1>", "sanskritText": "\u092d\u0932\u094d\u0932\u0948: \u0938\u091e\u094d\u091b\u093f\u0926\u094d\u092f\u092e\u093e\u0928\u093e\u0928\u093e\u0902 \u0936\u093f\u0930\u094b\u092d\u093f\u0936\u094d\u091a\u093e\u0930\u0941\u0915\u0941\u0923\u094d\u0921\u0932\u0948: \u0964<br/>\u090a\u0930\u0941\u092d\u093f\u0930\u094d\u0939\u0947\u092e\u0924\u093e\u0932\u093e\u092d\u0948\u0930\u094d\u0926\u094b\u0930\u094d\u092d\u093f\u0930\u094d\u0935\u0932\u092f\u0935\u0932\u094d\u0917\u0941\u092d\u093f: \u0965 \u0967\u096e \u0965<br/>\u0939\u093e\u0930\u0915\u0947\u092f\u0942\u0930\u092e\u0941\u0915\u0941\u091f\u0948\u0930\u0941\u0937\u094d\u0923\u0940\u0937\u0948\u0936\u094d\u091a \u092e\u0939\u093e\u0927\u0928\u0948: \u0964<br/>\u0906\u0938\u094d\u0924\u0943\u0924\u093e\u0938\u094d\u0924\u093e \u0930\u0923\u092d\u0941\u0935\u094b \u0930\u0947\u091c\u0941\u0930\u094d\u0935\u0940\u0930\u092e\u0928\u094b\u0939\u0930\u093e: \u0965 \u0967\u096f \u0965", "englishText": "<em><i>bhallai\u1e25 sa\u00f1chidyam\u0101n\u0101n\u0101\u1e41<br/>\u015birobhi\u015b c\u0101ru-ku\u1e47\u1e0dalai\u1e25<br/>\u016brubhir hema-t\u0101l\u0101bhair<br/>dorbhir valaya-valgubhi\u1e25</i></em>", "synonyms": "<p><a href=\"/en/search/synonyms/?original=bhallai\u1e25\"><em>bhallai\u1e25</em></a> \u2014 by his arrows; <a href=\"/en/search/synonyms/?original=sa\u00f1chidyam\u0101n\u0101n\u0101m\"><em>sa\u00f1chidyam\u0101n\u0101n\u0101m</em></a> \u2014 of the Yak\u1e63as who were cut to pieces; <a href=\"/en/search/synonyms/?original=\u015birobhi\u1e25\"><em>\u015birobhi\u1e25</em></a> \u2014 with heads; <a href=\"/en/search/synonyms/?original=c\u0101ru\"><em>c\u0101ru</em></a> \u2014 beautiful; <a href=\"/en/search/synonyms/?original=ku\u1e47\u1e0dalai\u1e25\"><em>ku\u1e47\u1e0dalai\u1e25</em></a> \u2014 with earrings; <a href=\"/en/search/synonyms/?original=\u016brubhi\u1e25\"><em>\u016brubhi\u1e25</em></a> \u2014 with thighs; <a href=\"/en/search/synonyms/?original=hema\"><em>hema</em></a>-<a href=\"/en/search/synonyms/?original=t\u0101l\u0101bhai\u1e25\"><em>t\u0101l\u0101bhai\u1e25</em></a> \u2014 like golden palm trees; <a href=\"/en/search/synonyms/?original=dorbhi\u1e25\"><em>dorbhi\u1e25</em></a> \u2014 with arms; <a href=\"/en/search/synonyms/?original=valaya\"><em>valaya</em></a>-<a href=\"/en/search/synonyms/?original=valgubhi\u1e25\"><em>valgubhi\u1e25</em></a> \u2014 with beautiful bracelets; <a href=\"/en/search/synonyms/?original=h\u0101ra\"><em>h\u0101ra</em></a> \u2014 with garlands; <a href=\"/en/search/synonyms/?original=key\u016bra\"><em>key\u016bra</em></a> \u2014 armlets; <a href=\"/en/search/synonyms/?original=muku\u1e6dai\u1e25\"><em>muku\u1e6dai\u1e25</em></a> \u2014 and helmets; <a href=\"/en/search/synonyms/?original=u\u1e63\u1e47\u012b\u1e63ai\u1e25\"><em>u\u1e63\u1e47\u012b\u1e63ai\u1e25</em></a> \u2014 with turbans; <a href=\"/en/search/synonyms/?original=ca\"><em>ca</em></a> \u2014 also; <a href=\"/en/search/synonyms/?original=mah\u0101\"><em>mah\u0101</em></a>-<a href=\"/en/search/synonyms/?original=dhanai\u1e25\"><em>dhanai\u1e25</em></a> \u2014 very valuable; <a href=\"/en/search/synonyms/?original=\u0101st\u1e5bt\u0101\u1e25\"><em>\u0101st\u1e5bt\u0101\u1e25</em></a> \u2014 covered; <a href=\"/en/search/synonyms/?original=t\u0101\u1e25\"><em>t\u0101\u1e25</em></a> \u2014 those; <a href=\"/en/search/synonyms/?original=ra\u1e47a\"><em>ra\u1e47a</em></a>-<a href=\"/en/search/synonyms/?original=bhuva\u1e25\"><em>bhuva\u1e25</em></a> \u2014 battlefield; <a href=\"/en/search/synonyms/?original=reju\u1e25\"><em>reju\u1e25</em></a> \u2014 began to glimmer; <a href=\"/en/search/synonyms/?original=v\u012bra\"><em>v\u012bra</em></a> \u2014 of the heroes; <a href=\"/en/search/synonyms/?original=mana\u1e25\"><em>mana\u1e25</em></a>-<a href=\"/en/search/synonyms/?original=har\u0101\u1e25\"><em>har\u0101\u1e25</em></a> \u2014 bewildering the minds.</p>", "translation": "<p><strong>The great sage Maitreya continued: My dear Vidura, the heads of those who were cut to pieces by the arrows of Dhruva Mah\u0101r\u0101ja were decorated very beautifully with earrings and turbans. The legs of their bodies were as beautiful as golden palm trees, their arms were decorated with golden bracelets and armlets, and on their heads there were very valuable helmets bedecked with gold. All these ornaments lying on that battlefield were very attractive and could bewilder the mind of a hero.</strong></p>", "purport": "<h2 class=\"section-title\">Purport</h2>\n<div class=\"r r-lang-en r-paragraph\" id=\"bb29953\"><p>It appears that in those days soldiers used to go to the battlefield highly decorated with golden ornaments and with helmets and turbans, and when they were dead the booty was taken by the enemy party. Their falling dead in battle with their many golden ornamental dresses was certainly a lucrative opportunity for the heroes on the battlefield.</p></div>"}, {"verseNbr": "<h1>\u015aB 4.10.20</h1>", "sanskritText": "\u0939\u0924\u093e\u0935\u0936\u093f\u0937\u094d\u091f\u093e \u0907\u0924\u0930\u0947 \u0930\u0923\u093e\u091c\u093f\u0930\u093e\u0926\u094d<br/>\u0930\u0915\u094d\u0937\u094b\u0917\u0923\u093e: \u0915\u094d\u0937\u0924\u094d\u0930\u093f\u092f\u0935\u0930\u094d\u092f\u0938\u093e\u092f\u0915\u0948: \u0964<br/>\u092a\u094d\u0930\u093e\u092f\u094b \u0935\u093f\u0935\u0943\u0915\u094d\u0923\u093e\u0935\u092f\u0935\u093e \u0935\u093f\u0926\u0941\u0926\u094d\u0930\u0941\u0935\u0941-<br/>\u0930\u094d\u092e\u0943\u0917\u0947\u0928\u094d\u0926\u094d\u0930\u0935\u093f\u0915\u094d\u0930\u0940\u0921\u093f\u0924\u092f\u0942\u0925\u092a\u093e \u0907\u0935 \u0965 \u0968\u0966 \u0965", "englishText": "<em><i>hat\u0101va\u015bi\u1e63\u1e6d\u0101 itare ra\u1e47\u0101jir\u0101d<br/>rak\u1e63o-ga\u1e47\u0101\u1e25 k\u1e63atriya-varya-s\u0101yakai\u1e25<br/>pr\u0101yo viv\u1e5bk\u1e47\u0101vayav\u0101 vidudruvur<br/>m\u1e5bgendra-vikr\u012b\u1e0dita-y\u016bthap\u0101 iva</i></em>", "synonyms": "<p><a href=\"/en/search/synonyms/?original=hata\"><em>hata</em></a>-<a href=\"/en/search/synonyms/?original=ava\u015bi\u1e63\u1e6d\u0101\u1e25\"><em>ava\u015bi\u1e63\u1e6d\u0101\u1e25</em></a> \u2014 the remaining soldiers who were not killed; <a href=\"/en/search/synonyms/?original=itare\"><em>itare</em></a> \u2014 others; <a href=\"/en/search/synonyms/?original=ra\u1e47a\"><em>ra\u1e47a</em></a>-<a href=\"/en/search/synonyms/?original=ajir\u0101t\"><em>ajir\u0101t</em></a> \u2014 from the battlefield; <a href=\"/en/search/synonyms/?original=rak\u1e63a\u1e25\"><em>rak\u1e63a\u1e25</em></a>-<a href=\"/en/search/synonyms/?original=ga\u1e47\u0101\u1e25\"><em>ga\u1e47\u0101\u1e25</em></a> \u2014 the Yak\u1e63as; <a href=\"/en/search/synonyms/?original=k\u1e63atriya\"><em>k\u1e63atriya</em></a>-<a href=\"/en/search/synonyms/?original=varya\"><em>varya</em></a> \u2014 of the greatest of the <em>k\u1e63atriyas,</em> or warriors; <a href=\"/en/search/synonyms/?original=s\u0101yakai\u1e25\"><em>s\u0101yakai\u1e25</em></a> \u2014 by the arrows; <a href=\"/en/search/synonyms/?original=pr\u0101ya\u1e25\"><em>pr\u0101ya\u1e25</em></a> \u2014 mostly; <a href=\"/en/search/synonyms/?original=viv\u1e5bk\u1e47a\"><em>viv\u1e5bk\u1e47a</em></a> \u2014 cut to pieces; <a href=\"/en/search/synonyms/?original=avayav\u0101\u1e25\"><em>avayav\u0101\u1e25</em></a> \u2014 their bodily limbs; <a href=\"/en/search/synonyms/?original=vidudruvu\u1e25\"><em>vidudruvu\u1e25</em></a> \u2014 fled; <a href=\"/en/search/synonyms/?original=m\u1e5bgendra\"><em>m\u1e5bgendra</em></a> \u2014 by a lion; <a href=\"/en/search/synonyms/?original=vikr\u012b\u1e0dita\"><em>vikr\u012b\u1e0dita</em></a> \u2014 being defeated; <a href=\"/en/search/synonyms/?original=y\u016bthap\u0101\u1e25\"><em>y\u016bthap\u0101\u1e25</em></a> \u2014 elephants; <a href=\"/en/search/synonyms/?original=iva\"><em>iva</em></a> \u2014 like.</p>", "translation": "<p><strong>The remaining Yak\u1e63as who somehow or other were not killed had their limbs cut to pieces by the arrows of the great warrior Dhruva Mah\u0101r\u0101ja. Thus they began to flee, just as elephants flee when defeated by a lion.</strong></p>", "purport": null}, {"verseNbr": "<h1>\u015aB 4.10.21</h1>", "sanskritText": "\u0905\u092a\u0936\u094d\u092f\u092e\u093e\u0928: \u0938 \u0924\u0926\u093e\u0924\u0924\u093e\u092f\u093f\u0928\u0902<br/>\u092e\u0939\u093e\u092e\u0943\u0927\u0947 \u0915\u091e\u094d\u091a\u0928 \u092e\u093e\u0928\u0935\u094b\u0924\u094d\u0924\u092e: \u0964<br/>\u092a\u0941\u0930\u0940\u0902 \u0926\u093f\u0926\u200d\u0943\u0915\u094d\u0937\u0928\u094d\u0928\u092a\u093f \u0928\u093e\u0935\u093f\u0936\u0926\u094d\u200c\u0926\u094d\u0935\u093f\u0937\u093e\u0902<br/>\u0928 \u092e\u093e\u092f\u093f\u0928\u093e\u0902 \u0935\u0947\u0926 \u091a\u093f\u0915\u0940\u0930\u094d\u0937\u093f\u0924\u0902 \u091c\u0928: \u0965 \u0968\u0967 \u0965", "englishText": "<em><i>apa\u015byam\u0101na\u1e25 sa tad\u0101tat\u0101yina\u1e41<br/>mah\u0101-m\u1e5bdhe ka\u00f1cana m\u0101navottama\u1e25<br/>pur\u012b\u1e41 did\u1e5bk\u1e63ann api n\u0101vi\u015bad dvi\u1e63\u0101\u1e41<br/>na m\u0101yin\u0101\u1e41 veda cik\u012br\u1e63ita\u1e41 jana\u1e25</i></em>", "synonyms": "<p><a href=\"/en/search/synonyms/?original=apa\u015byam\u0101na\u1e25\"><em>apa\u015byam\u0101na\u1e25</em></a> \u2014 while not observing; <a href=\"/en/search/synonyms/?original=sa\u1e25\"><em>sa\u1e25</em></a> \u2014 Dhruva; <a href=\"/en/search/synonyms/?original=tad\u0101\"><em>tad\u0101</em></a> \u2014 at that time; <a href=\"/en/search/synonyms/?original=\u0101tat\u0101yinam\"><em>\u0101tat\u0101yinam</em></a> \u2014 armed opposing soldiers; <a href=\"/en/search/synonyms/?original=mah\u0101\"><em>mah\u0101</em></a>-<a href=\"/en/search/synonyms/?original=m\u1e5bdhe\"><em>m\u1e5bdhe</em></a> \u2014 in that great battlefield; <a href=\"/en/search/synonyms/?original=ka\u00f1cana\"><em>ka\u00f1cana</em></a> \u2014 any; <a href=\"/en/search/synonyms/?original=m\u0101nava\"><em>m\u0101nava</em></a>-<a href=\"/en/search/synonyms/?original=uttama\u1e25\"><em>uttama\u1e25</em></a> \u2014 the best of the human beings; <a href=\"/en/search/synonyms/?original=pur\u012bm\"><em>pur\u012bm</em></a> \u2014 the city; <a href=\"/en/search/synonyms/?original=did\u1e5bk\u1e63an\"><em>did\u1e5bk\u1e63an</em></a> \u2014 wishing to see; <a href=\"/en/search/synonyms/?original=api\"><em>api</em></a> \u2014 although; <a href=\"/en/search/synonyms/?original=na\"><em>na</em></a> <a href=\"/en/search/synonyms/?original=\u0101vi\u015bat\"><em>\u0101vi\u015bat</em></a> \u2014 did not enter; <a href=\"/en/search/synonyms/?original=dvi\u1e63\u0101m\"><em>dvi\u1e63\u0101m</em></a> \u2014 of the enemies; <a href=\"/en/search/synonyms/?original=na\"><em>na</em></a> \u2014 not; <a href=\"/en/search/synonyms/?original=m\u0101yin\u0101m\"><em>m\u0101yin\u0101m</em></a> \u2014 of the mystics; <a href=\"/en/search/synonyms/?original=veda\"><em>veda</em></a> \u2014 knows; <a href=\"/en/search/synonyms/?original=cik\u012br\u1e63itam\"><em>cik\u012br\u1e63itam</em></a> \u2014 the plans; <a href=\"/en/search/synonyms/?original=jana\u1e25\"><em>jana\u1e25</em></a> \u2014 anyone.</p>", "translation": "<p><strong>Dhruva Mah\u0101r\u0101ja, the best of human beings, observed that in that great battlefield not one of the opposing soldiers was left standing with proper weapons. He then desired to see the city of Alak\u0101pur\u012b, but he thought to himself, \u201cNo one knows the plans of the mystic Yak\u1e63as.\u201d</strong></p>", "purport": null}, {"verseNbr": "<h1>\u015aB 4.10.22</h1>", "sanskritText": "\u0907\u0924\u093f \u092c\u094d\u0930\u0941\u0935\u0902\u0936\u094d\u091a\u093f\u0924\u094d\u0930\u0930\u0925: \u0938\u094d\u0935\u0938\u093e\u0930\u0925\u093f\u0902<br/>\u092f\u0924\u094d\u0924: \u092a\u0930\u0947\u0937\u093e\u0902 \u092a\u094d\u0930\u0924\u093f\u092f\u094b\u0917\u0936\u0919\u094d\u0915\u093f\u0924: \u0964<br/>\u0936\u0941\u0936\u094d\u0930\u093e\u0935 \u0936\u092c\u094d\u0926\u0902 \u091c\u0932\u0927\u0947\u0930\u093f\u0935\u0947\u0930\u093f\u0924\u0902<br/>\u0928\u092d\u0938\u094d\u0935\u0924\u094b \u0926\u093f\u0915\u094d\u0937\u0941 \u0930\u091c\u094b\u093d\u0928\u094d\u0935\u0926\u200d\u0943\u0936\u094d\u092f\u0924 \u0965 \u0968\u0968 \u0965", "englishText": "<em><i>iti bruva\u1e41\u015b citra-ratha\u1e25 sva-s\u0101rathi\u1e41<br/>yatta\u1e25 pare\u1e63\u0101\u1e41 pratiyoga-\u015ba\u1e45kita\u1e25<br/>\u015bu\u015br\u0101va \u015babda\u1e41 jaladher iverita\u1e41<br/>nabhasvato dik\u1e63u rajo\u00a0\u2019nvad\u1e5b\u015byata</i></em>", "synonyms": "<p><a href=\"/en/search/synonyms/?original=iti\"><em>iti</em></a> \u2014 thus; <a href=\"/en/search/synonyms/?original=bruvan\"><em>bruvan</em></a> \u2014 talking; <a href=\"/en/search/synonyms/?original=citra\"><em>citra</em></a>-<a href=\"/en/search/synonyms/?original=ratha\u1e25\"><em>ratha\u1e25</em></a> \u2014 Dhruva Mah\u0101r\u0101ja, whose chariot was very beautiful; <a href=\"/en/search/synonyms/?original=sva\"><em>sva</em></a>-<a href=\"/en/search/synonyms/?original=s\u0101rathim\"><em>s\u0101rathim</em></a> \u2014 to his charioteer; <a href=\"/en/search/synonyms/?original=yatta\u1e25\"><em>yatta\u1e25</em></a> \u2014 being on guard; <a href=\"/en/search/synonyms/?original=pare\u1e63\u0101m\"><em>pare\u1e63\u0101m</em></a> \u2014 from his enemies; <a href=\"/en/search/synonyms/?original=pratiyoga\"><em>pratiyoga</em></a> \u2014 counterattack; <a href=\"/en/search/synonyms/?original=\u015ba\u1e45kita\u1e25\"><em>\u015ba\u1e45kita\u1e25</em></a> \u2014 being apprehensive; <a href=\"/en/search/synonyms/?original=\u015bu\u015br\u0101va\"><em>\u015bu\u015br\u0101va</em></a> \u2014 heard; <a href=\"/en/search/synonyms/?original=\u015babdam\"><em>\u015babdam</em></a> \u2014 sound; <a href=\"/en/search/synonyms/?original=jaladhe\u1e25\"><em>jaladhe\u1e25</em></a> \u2014 from the ocean; <a href=\"/en/search/synonyms/?original=iva\"><em>iva</em></a> \u2014 as if; <a href=\"/en/search/synonyms/?original=\u012britam\"><em>\u012britam</em></a> \u2014 resounded; <a href=\"/en/search/synonyms/?original=nabhasvata\u1e25\"><em>nabhasvata\u1e25</em></a> \u2014 because of wind; <a href=\"/en/search/synonyms/?original=dik\u1e63u\"><em>dik\u1e63u</em></a> \u2014 in all directions; <a href=\"/en/search/synonyms/?original=raja\u1e25\"><em>raja\u1e25</em></a> \u2014 dust; <a href=\"/en/search/synonyms/?original=anu\"><em>anu</em></a> \u2014 then; <a href=\"/en/search/synonyms/?original=ad\u1e5b\u015byata\"><em>ad\u1e5b\u015byata</em></a> \u2014 was perceived.</p>", "translation": "<p><strong>In the meantime, while Dhruva Mah\u0101r\u0101ja, doubtful of his mystic enemies, was talking with his charioteer, they heard a tremendous sound, as if the whole ocean were there, and they found that from the sky a great dust storm was coming over them from all directions.</strong></p>", "purport": null}, {"verseNbr": "<h1>\u015aB 4.10.23</h1>", "sanskritText": "\u0915\u094d\u0937\u0923\u0947\u0928\u093e\u091a\u094d\u091b\u093e\u0926\u093f\u0924\u0902 \u0935\u094d\u092f\u094b\u092e \u0918\u0928\u093e\u0928\u0940\u0915\u0947\u0928 \u0938\u0930\u094d\u0935\u0924: \u0964<br/>\u0935\u093f\u0938\u094d\u092b\u0941\u0930\u0924\u094d\u0924\u0921\u093f\u0924\u093e \u0926\u093f\u0915\u094d\u0937\u0941 \u0924\u094d\u0930\u093e\u0938\u092f\u0924\u094d\u0938\u094d\u0924\u0928\u092f\u093f\u0924\u094d\u0928\u0941\u0928\u093e \u0965 \u0968\u0969 \u0965", "englishText": "<em><i>k\u1e63a\u1e47en\u0101cch\u0101dita\u1e41 vyoma<br/>ghan\u0101n\u012bkena sarvata\u1e25<br/>visphurat-ta\u1e0dit\u0101 dik\u1e63u<br/>tr\u0101sayat-stanayitnun\u0101</i></em>", "synonyms": "<p><a href=\"/en/search/synonyms/?original=k\u1e63a\u1e47ena\"><em>k\u1e63a\u1e47ena</em></a> \u2014 within a moment; <a href=\"/en/search/synonyms/?original=\u0101cch\u0101ditam\"><em>\u0101cch\u0101ditam</em></a> \u2014 was covered; <a href=\"/en/search/synonyms/?original=vyoma\"><em>vyoma</em></a> \u2014 the sky; <a href=\"/en/search/synonyms/?original=ghana\"><em>ghana</em></a> \u2014 of dense clouds; <a href=\"/en/search/synonyms/?original=an\u012bkena\"><em>an\u012bkena</em></a> \u2014 with a mass; <a href=\"/en/search/synonyms/?original=sarvata\u1e25\"><em>sarvata\u1e25</em></a> \u2014 everywhere; <a href=\"/en/search/synonyms/?original=visphurat\"><em>visphurat</em></a> \u2014 dazzling; <a href=\"/en/search/synonyms/?original=ta\u1e0dit\u0101\"><em>ta\u1e0dit\u0101</em></a> \u2014 with lightning; <a href=\"/en/search/synonyms/?original=dik\u1e63u\"><em>dik\u1e63u</em></a> \u2014 in all directions; <a href=\"/en/search/synonyms/?original=tr\u0101sayat\"><em>tr\u0101sayat</em></a> \u2014 threatening; <a href=\"/en/search/synonyms/?original=stanayitnun\u0101\"><em>stanayitnun\u0101</em></a> \u2014 with thundering.</p>", "translation": "<p><strong>Within a moment the whole sky was overcast with dense clouds, and severe thundering was heard. There was glittering electric lightning and severe rainfall.</strong></p>", "purport": null}, {"verseNbr": "<h1>\u015aB 4.10.24</h1>", "sanskritText": "\u0935\u0935\u0943\u0937\u0942 \u0930\u0941\u0927\u093f\u0930\u094c\u0918\u093e\u0938\u0943\u0915\u094d\u092a\u0942\u092f\u0935\u093f\u0923\u094d\u092e\u0942\u0924\u094d\u0930\u092e\u0947\u0926\u0938: \u0964<br/>\u0928\u093f\u092a\u0947\u0924\u0941\u0930\u094d\u0917\u0917\u0928\u093e\u0926\u0938\u094d\u092f \u0915\u092c\u0928\u094d\u0927\u093e\u0928\u094d\u092f\u0917\u094d\u0930\u0924\u094b\u093d\u0928\u0918 \u0965 \u0968\u096a \u0965", "englishText": "<em><i>vav\u1e5b\u1e63\u016b rudhiraugh\u0101s\u1e5bk-<br/>p\u016bya-vi\u1e47-m\u016btra-medasa\u1e25<br/>nipetur gagan\u0101d asya<br/>kabandh\u0101ny agrato\u00a0\u2019nagha</i></em>", "synonyms": "<p><a href=\"/en/search/synonyms/?original=vav\u1e5b\u1e63u\u1e25\"><em>vav\u1e5b\u1e63u\u1e25</em></a> \u2014 showered; <a href=\"/en/search/synonyms/?original=rudhira\"><em>rudhira</em></a> \u2014 of blood; <a href=\"/en/search/synonyms/?original=ogha\"><em>ogha</em></a> \u2014 an inundation; <a href=\"/en/search/synonyms/?original=as\u1e5bk\"><em>as\u1e5bk</em></a> \u2014 mucus; <a href=\"/en/search/synonyms/?original=p\u016bya\"><em>p\u016bya</em></a> \u2014 pus; <a href=\"/en/search/synonyms/?original=vi\u1e6d\"><em>vi\u1e6d</em></a> \u2014 stool; <a href=\"/en/search/synonyms/?original=m\u016btra\"><em>m\u016btra</em></a> \u2014 urine; <a href=\"/en/search/synonyms/?original=medasa\u1e25\"><em>medasa\u1e25</em></a> \u2014 and marrow; <a href=\"/en/search/synonyms/?original=nipetu\u1e25\"><em>nipetu\u1e25</em></a> \u2014 began to fall; <a href=\"/en/search/synonyms/?original=gagan\u0101t\"><em>gagan\u0101t</em></a> \u2014 from the sky; <a href=\"/en/search/synonyms/?original=asya\"><em>asya</em></a> \u2014 of Dhruva; <a href=\"/en/search/synonyms/?original=kabandh\u0101ni\"><em>kabandh\u0101ni</em></a> \u2014 trunks of bodies; <a href=\"/en/search/synonyms/?original=agrata\u1e25\"><em>agrata\u1e25</em></a> \u2014 in front; <a href=\"/en/search/synonyms/?original=anagha\"><em>anagha</em></a> \u2014 O faultless Vidura.</p>", "translation": "<p><strong>My dear faultless Vidura, in that rainfall there was blood, mucus, pus, stool, urine and marrow falling heavily before Dhruva Mah\u0101r\u0101ja, and there were trunks of bodies falling from the sky.</strong></p>", "purport": null}, {"verseNbr": "<h1>\u015aB 4.10.25</h1>", "sanskritText": "\u0924\u0924: \u0916\u0947\u093d\u0926\u200d\u0943\u0936\u094d\u092f\u0924 \u0917\u093f\u0930\u093f\u0930\u094d\u0928\u093f\u092a\u0947\u0924\u0941: \u0938\u0930\u094d\u0935\u0924\u094b\u0926\u093f\u0936\u092e\u094d \u0964<br/>\u0917\u0926\u093e\u092a\u0930\u093f\u0918\u0928\u093f\u0938\u094d\u0924\u094d\u0930\u093f\u0902\u0936\u092e\u0941\u0938\u0932\u093e: \u0938\u093e\u0936\u094d\u092e\u0935\u0930\u094d\u0937\u093f\u0923: \u0965 \u0968\u096b \u0965", "englishText": "<em><i>tata\u1e25 khe\u00a0\u2019d\u1e5b\u015byata girir<br/>nipetu\u1e25 sarvato-di\u015bam<br/>gad\u0101-parigha-nistri\u1e41\u015ba-<br/>musal\u0101\u1e25 s\u0101\u015bma-var\u1e63i\u1e47a\u1e25</i></em>", "synonyms": "<p><a href=\"/en/search/synonyms/?original=tata\u1e25\"><em>tata\u1e25</em></a> \u2014 thereafter; <a href=\"/en/search/synonyms/?original=khe\"><em>khe</em></a> \u2014 in the sky; <a href=\"/en/search/synonyms/?original=ad\u1e5b\u015byata\"><em>ad\u1e5b\u015byata</em></a> \u2014 was visible; <a href=\"/en/search/synonyms/?original=giri\u1e25\"><em>giri\u1e25</em></a> \u2014 a mountain; <a href=\"/en/search/synonyms/?original=nipetu\u1e25\"><em>nipetu\u1e25</em></a> \u2014 fell down; <a href=\"/en/search/synonyms/?original=sarvata\u1e25\"><em>sarvata\u1e25</em></a>-<a href=\"/en/search/synonyms/?original=di\u015bam\"><em>di\u015bam</em></a> \u2014 from all directions; <a href=\"/en/search/synonyms/?original=gad\u0101\"><em>gad\u0101</em></a> \u2014 clubs; <a href=\"/en/search/synonyms/?original=parigha\"><em>parigha</em></a> \u2014 iron bludgeons; <a href=\"/en/search/synonyms/?original=nistri\u1e41\u015ba\"><em>nistri\u1e41\u015ba</em></a> \u2014 swords; <a href=\"/en/search/synonyms/?original=musal\u0101\u1e25\"><em>musal\u0101\u1e25</em></a> \u2014 maces; <a href=\"/en/search/synonyms/?original=sa\"><em>sa</em></a>-<a href=\"/en/search/synonyms/?original=a\u015bma\"><em>a\u015bma</em></a> \u2014 great pieces of stone; <a href=\"/en/search/synonyms/?original=var\u1e63i\u1e47a\u1e25\"><em>var\u1e63i\u1e47a\u1e25</em></a> \u2014 with a shower of.</p>", "translation": "<p><strong>Next, a great mountain was visible in the sky, and from all directions hailstones fell, along with lances, clubs, swords, iron bludgeons and great pieces of stone.</strong></p>", "purport": null}, {"verseNbr": "<h1>\u015aB 4.10.26</h1>", "sanskritText": "\u0905\u0939\u092f\u094b\u093d\u0936\u0928\u093f\u0928\u093f:\u0936\u094d\u0935\u093e\u0938\u093e \u0935\u092e\u0928\u094d\u0924\u094b\u093d\u0917\u094d\u0928\u093f\u0902 \u0930\u0941\u0937\u093e\u0915\u094d\u0937\u093f\u092d\u093f: \u0964<br/>\u0905\u092d\u094d\u092f\u0927\u093e\u0935\u0928\u094d \u0917\u091c\u093e \u092e\u0924\u094d\u0924\u093e: \u0938\u093f\u0902\u0939\u0935\u094d\u092f\u093e\u0918\u094d\u0930\u093e\u0936\u094d\u091a \u092f\u0942\u0925\u0936: \u0965 \u0968\u096c \u0965", "englishText": "<em><i>ahayo\u00a0\u2019\u015bani-ni\u1e25\u015bv\u0101s\u0101<br/>vamanto\u00a0\u2019gni\u1e41 ru\u1e63\u0101k\u1e63ibhi\u1e25<br/>abhyadh\u0101van gaj\u0101 matt\u0101\u1e25<br/>si\u1e41ha-vy\u0101ghr\u0101\u015b ca y\u016btha\u015ba\u1e25</i></em>", "synonyms": "<p><a href=\"/en/search/synonyms/?original=ahaya\u1e25\"><em>ahaya\u1e25</em></a> \u2014 serpents; <a href=\"/en/search/synonyms/?original=a\u015bani\"><em>a\u015bani</em></a> \u2014 thunderbolts; <a href=\"/en/search/synonyms/?original=ni\u1e25\u015bv\u0101s\u0101\u1e25\"><em>ni\u1e25\u015bv\u0101s\u0101\u1e25</em></a> \u2014 breathing; <a href=\"/en/search/synonyms/?original=vamanta\u1e25\"><em>vamanta\u1e25</em></a> \u2014 vomiting; <a href=\"/en/search/synonyms/?original=agnim\"><em>agnim</em></a> \u2014 fire; <a href=\"/en/search/synonyms/?original=ru\u1e63\u0101\"><em>ru\u1e63\u0101</em></a>-<a href=\"/en/search/synonyms/?original=ak\u1e63ibhi\u1e25\"><em>ak\u1e63ibhi\u1e25</em></a> \u2014 with angry eyes; <a href=\"/en/search/synonyms/?original=abhyadh\u0101van\"><em>abhyadh\u0101van</em></a> \u2014 came forward; <a href=\"/en/search/synonyms/?original=gaj\u0101\u1e25\"><em>gaj\u0101\u1e25</em></a> \u2014 elephants; <a href=\"/en/search/synonyms/?original=matt\u0101\u1e25\"><em>matt\u0101\u1e25</em></a> \u2014 mad; <a href=\"/en/search/synonyms/?original=si\u1e41ha\"><em>si\u1e41ha</em></a> \u2014 lions; <a href=\"/en/search/synonyms/?original=vy\u0101ghr\u0101\u1e25\"><em>vy\u0101ghr\u0101\u1e25</em></a> \u2014 tigers; <a href=\"/en/search/synonyms/?original=ca\"><em>ca</em></a> \u2014 also; <a href=\"/en/search/synonyms/?original=y\u016btha\u015ba\u1e25\"><em>y\u016btha\u015ba\u1e25</em></a> \u2014 in groups.</p>", "translation": "<p><strong>Dhruva Mah\u0101r\u0101ja also saw many big serpents with angry eyes, vomiting forth fire and coming to devour him, along with groups of mad elephants, lions and tigers.</strong></p>", "purport": null}, {"verseNbr": "<h1>\u015aB 4.10.27</h1>", "sanskritText": "\u0938\u092e\u0941\u0926\u094d\u0930 \u090a\u0930\u094d\u092e\u093f\u092d\u093f\u0930\u094d\u092d\u0940\u092e: \u092a\u094d\u0932\u093e\u0935\u092f\u0928\u094d \u0938\u0930\u094d\u0935\u0924\u094b \u092d\u0941\u0935\u092e\u094d \u0964<br/>\u0906\u0938\u0938\u093e\u0926 \u092e\u0939\u093e\u0939\u094d\u0930\u093e\u0926: \u0915\u0932\u094d\u092a\u093e\u0928\u094d\u0924 \u0907\u0935 \u092d\u0940\u0937\u0923: \u0965 \u0968\u096d \u0965", "englishText": "<em><i>samudra \u016brmibhir bh\u012bma\u1e25<br/>pl\u0101vayan sarvato bhuvam<br/>\u0101sas\u0101da mah\u0101-hr\u0101da\u1e25<br/>kalp\u0101nta iva bh\u012b\u1e63a\u1e47a\u1e25</i></em>", "synonyms": "<p><a href=\"/en/search/synonyms/?original=samudra\u1e25\"><em>samudra\u1e25</em></a> \u2014 the sea; <a href=\"/en/search/synonyms/?original=\u016brmibhi\u1e25\"><em>\u016brmibhi\u1e25</em></a> \u2014 with waves; <a href=\"/en/search/synonyms/?original=bh\u012bma\u1e25\"><em>bh\u012bma\u1e25</em></a> \u2014 fierce; <a href=\"/en/search/synonyms/?original=pl\u0101vayan\"><em>pl\u0101vayan</em></a> \u2014 inundating; <a href=\"/en/search/synonyms/?original=sarvata\u1e25\"><em>sarvata\u1e25</em></a> \u2014 in all directions; <a href=\"/en/search/synonyms/?original=bhuvam\"><em>bhuvam</em></a> \u2014 the earth; <a href=\"/en/search/synonyms/?original=\u0101sas\u0101da\"><em>\u0101sas\u0101da</em></a> \u2014 came forward; <a href=\"/en/search/synonyms/?original=mah\u0101\"><em>mah\u0101</em></a>-<a href=\"/en/search/synonyms/?original=hr\u0101da\u1e25\"><em>hr\u0101da\u1e25</em></a> \u2014 making great sounds; <a href=\"/en/search/synonyms/?original=kalpa\"><em>kalpa</em></a>-<a href=\"/en/search/synonyms/?original=ante\"><em>ante</em></a> \u2014 (the dissolution) at the end of a <em>kalpa</em>; <a href=\"/en/search/synonyms/?original=iva\"><em>iva</em></a> \u2014 like; <a href=\"/en/search/synonyms/?original=bh\u012b\u1e63a\u1e47a\u1e25\"><em>bh\u012b\u1e63a\u1e47a\u1e25</em></a> \u2014 fearful.</p>", "translation": "<p><strong>Then, as if it were the time of the dissolution of the whole world, the fierce sea with foaming waves and great roaring sounds came forward before him.</strong></p>", "purport": null}, {"verseNbr": "<h1>\u015aB 4.10.28</h1>", "sanskritText": "\u090f\u0935\u0902\u0935\u093f\u0927\u093e\u0928\u094d\u092f\u0928\u0947\u0915\u093e\u0928\u093f \u0924\u094d\u0930\u093e\u0938\u0928\u093e\u0928\u094d\u092f\u092e\u0928\u0938\u094d\u0935\u093f\u0928\u093e\u092e\u094d \u0964<br/>\u0938\u0938\u0943\u091c\u0941\u0938\u094d\u0924\u093f\u0917\u094d\u092e\u0917\u0924\u092f \u0906\u0938\u0941\u0930\u094d\u092f\u093e \u092e\u093e\u092f\u092f\u093e\u0938\u0941\u0930\u093e: \u0965 \u0968\u096e \u0965", "englishText": "<em><i>eva\u1e41-vidh\u0101ny anek\u0101ni<br/>tr\u0101san\u0101ny amanasvin\u0101m<br/>sas\u1e5bjus tigma-gataya<br/>\u0101sury\u0101 m\u0101yay\u0101sur\u0101\u1e25</i></em>", "synonyms": "<p><a href=\"/en/search/synonyms/?original=evam\"><em>evam</em></a>-<a href=\"/en/search/synonyms/?original=vidh\u0101ni\"><em>vidh\u0101ni</em></a> \u2014 (phenomena) like this; <a href=\"/en/search/synonyms/?original=anek\u0101ni\"><em>anek\u0101ni</em></a> \u2014 many varieties of; <a href=\"/en/search/synonyms/?original=tr\u0101san\u0101ni\"><em>tr\u0101san\u0101ni</em></a> \u2014 fearful; <a href=\"/en/search/synonyms/?original=amanasvin\u0101m\"><em>amanasvin\u0101m</em></a> \u2014 to the less intelligent men; <a href=\"/en/search/synonyms/?original=sas\u1e5bju\u1e25\"><em>sas\u1e5bju\u1e25</em></a> \u2014 they created; <a href=\"/en/search/synonyms/?original=tigma\"><em>tigma</em></a>-<a href=\"/en/search/synonyms/?original=gataya\u1e25\"><em>gataya\u1e25</em></a> \u2014 of heinous nature; <a href=\"/en/search/synonyms/?original=\u0101sury\u0101\"><em>\u0101sury\u0101</em></a> \u2014 demoniac; <a href=\"/en/search/synonyms/?original=m\u0101yay\u0101\"><em>m\u0101yay\u0101</em></a> \u2014 by illusion; <a href=\"/en/search/synonyms/?original=asur\u0101\u1e25\"><em>asur\u0101\u1e25</em></a> \u2014 the demons.</p>", "translation": "<p><strong>The demon Yak\u1e63as are by nature very heinous, and by their demoniac power of illusion they can create many strange phenomena to frighten one who is less intelligent.</strong></p>", "purport": null}, {"verseNbr": "<h1>\u015aB 4.10.29</h1>", "sanskritText": "\u0927\u094d\u0930\u0941\u0935\u0947 \u092a\u094d\u0930\u092f\u0941\u0915\u094d\u0924\u093e\u092e\u0938\u0941\u0930\u0948\u0938\u094d\u0924\u093e\u0902 \u092e\u093e\u092f\u093e\u092e\u0924\u093f\u0926\u0941\u0938\u094d\u0924\u0930\u093e\u092e\u094d \u0964<br/>\u0928\u093f\u0936\u092e\u094d\u092f \u0924\u0938\u094d\u092f \u092e\u0941\u0928\u092f: \u0936\u092e\u093e\u0936\u0902\u0938\u0928\u094d \u0938\u092e\u093e\u0917\u0924\u093e: \u0965 \u0968\u096f \u0965", "englishText": "<em><i>dhruve prayukt\u0101m asurais<br/>t\u0101\u1e41 m\u0101y\u0101m atidustar\u0101m<br/>ni\u015bamya tasya munaya\u1e25<br/>\u015bam \u0101\u015ba\u1e41san sam\u0101gat\u0101\u1e25</i></em>", "synonyms": "<p><a href=\"/en/search/synonyms/?original=dhruve\"><em>dhruve</em></a> \u2014 against Dhruva; <a href=\"/en/search/synonyms/?original=prayukt\u0101m\"><em>prayukt\u0101m</em></a> \u2014 inflicted; <a href=\"/en/search/synonyms/?original=asurai\u1e25\"><em>asurai\u1e25</em></a> \u2014 by the demons; <a href=\"/en/search/synonyms/?original=t\u0101m\"><em>t\u0101m</em></a> \u2014 that; <a href=\"/en/search/synonyms/?original=m\u0101y\u0101m\"><em>m\u0101y\u0101m</em></a> \u2014 mystic power; <a href=\"/en/search/synonyms/?original=ati\"><em>ati</em></a>-<a href=\"/en/search/synonyms/?original=dustar\u0101m\"><em>dustar\u0101m</em></a> \u2014 very dangerous; <a href=\"/en/search/synonyms/?original=ni\u015bamya\"><em>ni\u015bamya</em></a> \u2014 after hearing; <a href=\"/en/search/synonyms/?original=tasya\"><em>tasya</em></a> \u2014 his; <a href=\"/en/search/synonyms/?original=munaya\u1e25\"><em>munaya\u1e25</em></a> \u2014 the great sages; <a href=\"/en/search/synonyms/?original=\u015bam\"><em>\u015bam</em></a> \u2014 good fortune; <a href=\"/en/search/synonyms/?original=\u0101\u015ba\u1e41san\"><em>\u0101\u015ba\u1e41san</em></a> \u2014 giving encouragement for; <a href=\"/en/search/synonyms/?original=sam\u0101gat\u0101\u1e25\"><em>sam\u0101gat\u0101\u1e25</em></a> \u2014 assembled.</p>", "translation": "<p><strong>When the great sages heard that Dhruva Mah\u0101r\u0101ja was overpowered by the illusory mystic tricks of the demons, they immediately assembled to offer him auspicious encouragement.</strong></p>", "purport": null}, {"verseNbr": "<h1>\u015aB 4.10.30</h1>", "sanskritText": "\u092e\u0941\u0928\u092f \u090a\u091a\u0941:<br/>\u0914\u0924\u094d\u0924\u093e\u0928\u092a\u093e\u0926 \u092d\u0917\u0935\u093e\u0902\u0938\u094d\u0924\u0935 \u0936\u093e\u0930\u094d\u0919\u094d\u0917\u0927\u0928\u094d\u0935\u093e<br/>\u0926\u0947\u0935: \u0915\u094d\u0937\u093f\u0923\u094b\u0924\u094d\u0935\u0935\u0928\u0924\u093e\u0930\u094d\u0924\u093f\u0939\u0930\u094b \u0935\u093f\u092a\u0915\u094d\u0937\u093e\u0928\u094d \u0964<br/>\u092f\u0928\u094d\u0928\u093e\u092e\u0927\u0947\u092f\u092e\u092d\u093f\u0927\u093e\u092f \u0928\u093f\u0936\u092e\u094d\u092f \u091a\u093e\u0926\u094d\u0927\u093e<br/>\u0932\u094b\u0915\u094b\u093d\u091e\u094d\u091c\u0938\u093e \u0924\u0930\u0924\u093f \u0926\u0941\u0938\u094d\u0924\u0930\u092e\u0919\u094d\u0917 \u092e\u0943\u0924\u094d\u092f\u0941\u092e\u094d \u0965 \u0969\u0966 \u0965", "englishText": "<em>munaya \u016bcu\u1e25<br/><i>autt\u0101nap\u0101da bhagav\u0101\u1e41s tava \u015b\u0101r\u1e45gadhanv\u0101<br/>deva\u1e25 k\u1e63i\u1e47otv avanat\u0101rti-haro vipak\u1e63\u0101n<br/>yan-n\u0101madheyam abhidh\u0101ya ni\u015bamya c\u0101ddh\u0101<br/>loko\u00a0\u2019\u00f1jas\u0101 tarati dustaram a\u1e45ga m\u1e5btyum</i></em>", "synonyms": "<p><a href=\"/en/search/synonyms/?original=munaya\u1e25\"><em>munaya\u1e25</em></a> <a href=\"/en/search/synonyms/?original=\u016bcu\u1e25\"><em>\u016bcu\u1e25</em></a> \u2014 the sages said; <a href=\"/en/search/synonyms/?original=autt\u0101nap\u0101da\"><em>autt\u0101nap\u0101da</em></a> \u2014 O son of King Utt\u0101nap\u0101da; <a href=\"/en/search/synonyms/?original=bhagav\u0101n\"><em>bhagav\u0101n</em></a> \u2014 the Supreme Personality of Godhead; <a href=\"/en/search/synonyms/?original=tava\"><em>tava</em></a> \u2014 your; <a href=\"/en/search/synonyms/?original=\u015b\u0101r\u1e45ga\"><em>\u015b\u0101r\u1e45ga</em></a>-<a href=\"/en/search/synonyms/?original=dhanv\u0101\"><em>dhanv\u0101</em></a> \u2014 one who bears the bow called \u015a\u0101r\u1e45ga; <a href=\"/en/search/synonyms/?original=deva\u1e25\"><em>deva\u1e25</em></a> \u2014 the Lord; <a href=\"/en/search/synonyms/?original=k\u1e63i\u1e47otu\"><em>k\u1e63i\u1e47otu</em></a> \u2014 may He kill; <a href=\"/en/search/synonyms/?original=avanata\"><em>avanata</em></a> \u2014 of the surrendered soul; <a href=\"/en/search/synonyms/?original=\u0101rti\"><em>\u0101rti</em></a> \u2014 the distresses; <a href=\"/en/search/synonyms/?original=hara\u1e25\"><em>hara\u1e25</em></a> \u2014 who removes; <a href=\"/en/search/synonyms/?original=vipak\u1e63\u0101n\"><em>vipak\u1e63\u0101n</em></a> \u2014 enemies; <a href=\"/en/search/synonyms/?original=yat\"><em>yat</em></a> \u2014 whose; <a href=\"/en/search/synonyms/?original=n\u0101madheyam\"><em>n\u0101madheyam</em></a> \u2014 holy name; <a href=\"/en/search/synonyms/?original=abhidh\u0101ya\"><em>abhidh\u0101ya</em></a> \u2014 uttering; <a href=\"/en/search/synonyms/?original=ni\u015bamya\"><em>ni\u015bamya</em></a> \u2014 hearing; <a href=\"/en/search/synonyms/?original=ca\"><em>ca</em></a> \u2014 also; <a href=\"/en/search/synonyms/?original=addh\u0101\"><em>addh\u0101</em></a> \u2014 immediately; <a href=\"/en/search/synonyms/?original=loka\u1e25\"><em>loka\u1e25</em></a> \u2014 persons; <a href=\"/en/search/synonyms/?original=a\u00f1jas\u0101\"><em>a\u00f1jas\u0101</em></a> \u2014 fully; <a href=\"/en/search/synonyms/?original=tarati\"><em>tarati</em></a> \u2014 overcome; <a href=\"/en/search/synonyms/?original=dustaram\"><em>dustaram</em></a> \u2014 insurmountable; <a href=\"/en/search/synonyms/?original=a\u1e45ga\"><em>a\u1e45ga</em></a> \u2014 O Dhruva; <a href=\"/en/search/synonyms/?original=m\u1e5btyum\"><em>m\u1e5btyum</em></a> \u2014 death.</p>", "translation": "<p><strong>All the sages said: Dear Dhruva, O son of King Utt\u0101nap\u0101da, may the Supreme Personality of Godhead known as \u015a\u0101r\u1e45gadhanv\u0101, who relieves the distresses of His devotees, kill all your threatening enemies. The holy name of the Lord is as powerful as the Lord Himself. Therefore, simply by chanting and hearing the holy name of the Lord, many men can be fully protected from fierce death without difficulty. Thus a devotee is saved.</strong></p>", "purport": "<h2 class=\"section-title\">Purport</h2>\n<div class=\"r r-lang-en r-paragraph\" id=\"bb29998\"><p>The great <i>\u1e5b\u1e63is</i> approached Dhruva Mah\u0101r\u0101ja at a time when his mind was very perplexed due to the magical feats exhibited by the Yak\u1e63as. A devotee is always protected by the Supreme Personality of Godhead. By His inspiration only, the sages came to encourage Dhruva Mah\u0101r\u0101ja and assure him that there was no danger because he was a soul fully surrendered to the Supreme Lord. By the grace of the Lord, if a devotee, at the time of death, can simply chant His holy name \u2014 Hare K\u1e5b\u1e63\u1e47a, Hare K\u1e5b\u1e63\u1e47a, K\u1e5b\u1e63\u1e47a K\u1e5b\u1e63\u1e47a, Hare Hare/ Hare R\u0101ma, Hare R\u0101ma, R\u0101ma R\u0101ma, Hare Hare \u2014 simply by chanting this <i>mah\u0101-mantra</i> he immediately surpasses the great ocean of the material sky and enters the spiritual sky. He never has to come back for repetition of birth and death. Simply by chanting the holy name of the Lord, one can surpass the ocean of death, so Dhruva Mah\u0101r\u0101ja was certainly able to surpass the illusory magical feats of the Yak\u1e63as, which for the time being disturbed his mind.</p></div>\n<div class=\"r r-lang-en r-paragraph-thus-ends\" id=\"bb29999\"><p><i>Thus end the Bhaktivedanta purports of the Fourth Canto, Tenth Chapter, of the</i> <a href=\"/en/library/sb/\">\u015ar\u012bmad-Bh\u0101gavatam</a>, <i>entitled \u201cDhruva Mah\u0101r\u0101ja\u2019s Fight with the Yak\u1e63as.\u201d</i></p></div>"}]}